step,stage,model,system_prompt,user_payload,received,error
0,input,n/a,,claim_id=barbie-careers-pr-shield; source=sources/goralik-barbie-ch09-careers.txt,chars=25786,
1,E-editor,glm-5.2,"Ты — редактор личного канала Марии. Тебе дали полный первичный текст и
аудиторию. Сама найди в тексте впечатляющие детали для зрителя — не
пересказывай готовый claim и не опирайся на чужие короткие пометки.

Верни:
- main_thought — сильная главная мысль (визуал + причина), не пересказ книги;
- opening — черновик хука на 1–2 ярких предложения, без имени автора/книги;
- proof_plan — ровно 3 конкретные детали из текста (кто/что/куда/что сделали),
  которые нельзя выкинуть; если появляется человек — сразу с ролью
  («создательница Барби», не голое имя);
- idea_pitch — личный разгон «Я бы…» / «А если…?» куда этот образ ляжет сейчас;
- research_queries — 2–4 точных запроса за дополнительным мясом;
- recommended_method + две alternative_methods;
- audience_reason и share_reason.

Не пиши сценарий. Не выдумывай факты. Источник/автор книги — не для озвучки.
Верни JSON StoryBrief. Внутри строк JSON не используй ASCII-кавычки `""`;
для цитат используй «ёлочки» или перефразируй.","{'claim': {'claim_id': 'barbie-careers-pr-shield', 'kind': 'corrective', 'claim': 'Карьерные Барби нужны были Mattel не потому, что дети хотели играть в профессии, а как защита от взрослой критики консюмеризма.', 'counter_expectation': 'Барби-врач и Барби-палеонтолог создавались, чтобы вдохновлять девочек на карьеру.', 'visual_hint': 'карьерные Барби: Busy Girl, астронавт, хирург', 'object_anchor': 'карьерные Барби', 'contrast_pair': {'state_a': 'ребёнок выбирает Барби-принцессу и вечеринку', 'state_b': 'родитель покупает Барби-палеонтолога как полезную игрушку', 'shift': 'товар обращается к тревоге покупателя, а не к желанию ребёнка'}, 'mechanism_term': 'репутационный щит', 'mechanism_explain': 'Одна «умная» Барби позволяет бренду защищать весь легкомысленный ассортимент перед прессой и родителями.', 'citation': {'locator': 'гл. 9, «Девушки могут всё»', 'quote': 'Одна умная, но скучно одетая Барби защищает целую плеяду своих красивых, расфуфыренных и легкомысленных сестер.'}, 'scope': {'period': '1959–2005', 'region': 'США', 'author_or_work': 'Mattel Barbie'}, 'source_segment_id': 'barbie-ch09', 'confidence': 0.9}, 'primary_text': 'Глава девятая. Девушки могут все: занятия и профессии Барби\n\nИсточник: Линор Горалик, «Полая женщина: Мир Барби изнутри и снаружи» (НЛО, 2005).\n\nГлава девятая\n\nДЕВУШКИ МОГУТ ВСЕ: ЗАНЯТИЯ И ПРОФЕССИИ БАРБИ\n\nТо, как Барби проводит время, невольно заставляет думать о серьезных психологических проблемах этой юной девушки, впрочем частично объясняющихся отсутствием у нее добрых и любящих родителей. Барби испытывает мучительную потребность во внешней\n\nоценке и внешнем одобрении, что постоянно толкает ее на все новые и новые социальные и карьерные достижения. Она фантастически, невыносимо экстравертна и явно не способна хоть на пять минут остаться одна. О времяпрепровождении Барби мы узнаем из описания новых выходящих на рынок моделей, ""Барбикниг"" и посвященных этой кукле журналов. Удивительным образом бесконечная череда вечеринок, туристических поездок и походов в кафе с друзьями не помешала Барби освоить более семи десятков профессий за последние сорок шесть лет. Составить полный список всех карьерных достижений Барби практически невозможно: довольно большое количество таких моделей было выпущено ""Маттел"" не для общего рынка, а для каких-нибудь крупных торговых марок или для сетей универсальных магазинов. Например, существовала Барби - продавщица кока-колы, сделанная соответственно по заказу корпорации ""Кока-Кола"", и Барби распространительница продуктов компании Avon, сделанная по заказу Avon Cosmetics. Особая Барби была произведена ""Маттел"" к юбилею сети игрушечных магазинов ""Toys Are Us"", специально разработанная маленькая Барби продавалась в ""Макдоналдсе"" - словом, примеров хватает Все ""профессиональные"" Барби принадлежат игровой линии Если я не ошибаюсь, карьерные Барби никогда не выпускались в коллекционных сериях, кроме нескольких куколок в серии ""Silkstone"", скажем, ""БарбиРедактор-раздела-моды"" и ""Кен-Инсайдер-моднойиндустрии"". Помню, что мой собственный вопрос о коллекционных Барби-""профессионалках"" не вызвал энтузиазма на форуме собирателей куклы. Я готова предположить, что дело здесь не только в том и даже далеко не в том, что для профессиональной Барби невозможно создать роскошный наряд, - в конце концов\n\nБоб Мэки наверняка прекрасно одел бы ""БарбиУкротительницу-львов"" или ""Барби-Флориста"". Просто профессиональная Барби, видимо, не очень интересует взрослых коллекционеров, потому что им за глаза и за уши хватает собственной профессиональной деятельности. Они, я полагаю, не видят особой радости в том, чтобы тащить домой куклу-бизнесмена или куклуврача. Но гораздо больше нам говорит тот факт, что в ""профессиональных"" Барби не слишком заинтересованы не только взрослые, но и дети. Дети вообще редко играют в конкретные профессии, кроме знаменитой игры в доктора, которая, как известно, преследует цели, далекие от профориентации. Бывают, конечно, игры в спасателей, пожарников или милицию и воров, но и здесь, как мы все понимаем, о развитии вкуса к будущей профессии речь не идет. Иногда дети играют в профессии, которыми занимаются их родители, самым поверхностным образом имитируя известные им элементы этих профессий с целью отыграть те или иные жизненные ситуации. Мне трудно представить себе, что мои собственные племянники ни с того ни с сего устроят серьезную и целенаправленную игру в палеонтологов или программистов. Игра в ветеринара может иметь тяжелые последствия для кошки и вряд ли напрямую связана с желанием как следует понять основы этой благородной профессии. Девочки предаются ""профессиональным"" играм еще реже, чем мальчики. Я рискну предположить, что большинство девочек предпочтет получить в подарок ""Барби-Принцессу"", ""Барби-День-рождения"", ""Барбиидет-на-пляж"" или ""Барби-катается-на-роликовыхконьках"", а не ""Барби-Дантиста"" или ""Барби-Бизнеследи"". Не сомневаюсь, что компания ""Маттел"" прекрасно это понимает, - и все-таки выпускать карьерных Барби ей приходится постоянно. Такое упорство вызвано отнюдь не запросом рынка, то есть не желанием маленьких\n\nдевочек приобрести ""Барби-Палеонтолога"" или ""БарбиСтюардессу"", а социальным давлением, постоянно оказываемым на ""Маттел"" со стороны прессы и родителей. Если бы Барби не занималась чем-нибудь трудоемким и престижным для зарабатывания собственного хлеба, ""Маттел"" было бы гораздо труднее отражать атаки, связанные с консюмеризмом куклы и с ее навязчивой привычкой следовать моде; кроме того, было бы гораздо сложнее говорить о позитивном влиянии Барби в деле воспитания молодого поколения. В целом ряде случаев ""Маттел"" выдвигает эти вариации своей модной куколки вперед на манер щита. Одна умная, но скучно одетая Барби защищает целую плеяду своих красивых, расфуфыренных и легкомысленных сестер. Именно давление со стороны родителей, феминисток, педагогов и прессы заставляет ""Маттел"" постоянно прилагать большие усилия для того, чтобы взгляды Барби на работу и карьеру можно было считать передовыми и даже опережающими время. Любимый пример, приводимый компанией каждый раз, когда речь заходит о карьерных достижениях их куклы, - ""Барби-Астронавт"" производства 1965 года, ""полетевшая в космос задолго до того, как первая женщина действительно ступила на борт космического корабля"". Однако других особо ярких примеров такого рода у компании ""Маттел"" нет. Я с большим удовольствием потратила несколько дней, накладывая хронологию карьерного развития Барби на историю женского движения и в особенности на историю борьбы женщин за карьерное равноправие с 1959 года - года выпуска Барби и по сегодняшний день. Такое сравнение позволяет увидеть, что в плане карьеры Барби действует фактически так же, как она действует в плане моды, т.е. оказывается не лидером-провозвестником новых тенденций, а их легитимизатором и в некоторой мере барометром происходящего. Можно быть твердо уверенным, что если\n\nБарби начала развивать деятельность на том или ином поприще, то поприще это уже некоторое время надежно существует в качестве игровой площадки для женщин в реальном мире. Скажем, в 1956 году, т.е. в том году, когда Хендлер изобрела Барби (ей, как мы помним, потребовалось три года, чтобы уговорить своих партнеров начать выпускать куклу), журнал ""Life"" назвал ""идеалом американской женщины"" тридцатидвухлетнюю мать четверых детей, естественно, нигде не работающую. Однако за три года, прошедшие до выхода Барби на рынок, реальность сильно изменилась. Именно тогда, в конце 50-х, поднялась так называемая ""вторая волна женского движения"" (первую относят к 20 - 30-м годам прошлого века). Новые борцы за права женщин требовали уже не таких базовых вещей, как право голосования, посещения любых общественных заведений и осуществления финансовых операций, но подлинного равенства женщин и мужчин в самых разных областях деятельности. Крах американской мечты 50-х привел к тому, что все больше и больше женщин стали занимать рабочие места, до сих пор отводившиеся в основном мужчинам. Для семьи все существеннее становился заработок жены, превратившийся в полновесную составляющую семейного бюджета. К началу 60-х новые феминистки Америки смогли составить общее представление о ситуации с женским трудом в США. Ситуация была аховой: там, где мужчина получал за свою работу доллар, женщина получала за ту же работу 63 цента. В результате схлопывания военной индустрии женщины теряли места на фабриках и заводах, а частный сектор, переставший испытывать недостаток мужских рук, всегда предпочитал взять на вакантное место мужчину, а не женщину, - пусть мужчине и приходилось платить больше. В газетах объявлений сообщения о поиске работников были разделены на две категории: ""Женщины"" и ""Мужчины"". Только два процента\n\nпредставителей интеллектуальных профессий - врачей, адвокатов, судей, дантистов, инженеров, архитекторов были женщинами. Подавляющее большинство престижных университетов не допускало женщин на значительную часть факультетов или имело жесткую квоту: иногда 1 женщина на 50 абитуриентов. Все эти факторы определили направление нового витка борьбы за права женщин - это была борьба за равенство на рабочих местах. В 1959 - 1960 годах тема ""Женщины и карьера"" была одной из самых дебатируемых в прессе. Выходила масса статей ""за"" и ""против"" работающих женщин. Представительницы разных профессий шумно спорили в популярных ток-шоу с мужчинами, отстаивающими семейные ценности. Именно тогда впервые проявилась интересная тенденция, определявшая развитие карьеры Барби в течении как минимум трех десятилетий: ее профессиональные достижения всегда были связаны не так с конкретным положением дел на рынке женского труда и даже не так с какими-нибудь специфическими событиями позитивного и негативного толка в этой области, как с шумихой, возникающей вокруг тех или иных аспектов темы. Скажем, в 1960 году ""Маттел"" выпустила Busy Girl Barbie. Считалось, что она ""дизайнер моды"", т.е., с одной стороны, женщина как бы работающая и как бы занимающаяся креативной профессией, но в то же время никоим образом не преступающая границы традиционных женских занятий (как известно, мужчины-кутюрье стали довольно поздним приобретением XX века). До этого момента Барби существовала в совсем немногих вариациях: исходная Барби 1959 года была фотомоделью, у нее был купальник, свадебное платье, костюм балерины и еще один наряд для свободного времяпрепровождения. Однако Busy Girl сильно отличалась от предыдущих вариаций: на ней был твидовый костюм, длинные перчатки и строгая шапочка. По большому счету девочки\n\nмогли видеть в ней собственных мам - благо работающих мам именно в конце 50-х - начале 60-х стало больше, чем когда-либо в истории. Никаких особых аксессуаров у этой Барби не было. Если верить данным, опубликованным Национальной организацией женщин Америки, в начале 60-х очень и очень многие женщины зарабатывали себе на жизнь тяжелым физическим трудом, они были механиками, электриками, водителями автобусов и даже шахтерами. Но рабочая девушка Барби, естественно, не намеревалась надевать каску и рабочую куртку. Я не знаю, так ли одевались в те годы дизайнеры моды, но твидовый костюм, маленькая шапочка и длинные перчатки были фактически униформой девушек из хороших семей, желающих заняться чем-нибудь полезным, пока им не попадется подходящий кандидат в мужья. Так могла выглядеть любая секретарша, машинистка, переписчица, в лучшем случае учительница. Эта первая ""деловая Барби"" фактически заложила основу всей будущей карьеры Барби. И действительно, Барби всегда приобретала только профессии представительниц среднего класса, никогда не занималась физическим трудом и не бралась за плохо оплачиваемые профессии. Рынок вполне оправдывает такой подход: родители девочек из среднего класса видят такие профессии в качестве основных, а родители девочек из более бедных слоев населения видят в этих профессиях хорошие ориентиры. Busy Girl Barbie стала первой в череде бесконечных Барби - бизнес-леди, повторяющихся из года в год с разными аксессуарами и под разными названиями: Business Girl, Busy Woman, Business Executive, Working Girl, Office Barbie и т.д. Чем занимаются эти Барби, ""Маттел"" не уточняет, но так или иначе они демонстрируют некоторую четкую позицию: женщина может добиться высоких постов, а карьера - это классно и престижно.\n\nНовые карьерные вариации Барби, как уже было сказано, возникали тогда, когда общественность начинала муссировать тему рабочего статуса женщины, и исчезали, как только эту тему можно было начать игнорировать. Здесь сказался один из главных маркетинговых талантов ""Маттел"" - талант использовать конъюнктуру, запрыгивать на волну обсуждаемой модной темы и соскакивать с нее, когда волна начинает идти на убыль. Профессиональная деятельность Барби развивалась ровно по тем же законам. В 1961 году Элеонора Рузвельт встала во главе Комиссии по вопросам статуса женщин при правительстве Кеннеди. Этот факт наделал много шума, и в том же году Барби получила профессии дипломированной медсестры и стюардессы. В 1963 году комиссия Рузвельта после двух лет исследований опубликовала доклад о дискриминации женщин на рабочих местах, породив целую волну дебатов о допустимых и недопустимых профессиях для представительниц слабого пола. Публикуется Equal Pay Act - речь идет о том, что мужчины и женщины, занимающие одни и те же должности, должны получать равные зарплаты. В том же году ""Маттел"" выпускает Business Woman Barbie (она же называлась Career Girl Barbie). Через год к биллю о гражданских правах добавляется Седьмой параграф - ""против дискриминации при приеме на работу"". Он включает в себя запрет на дискриминацию по половому признаку, но ситуация остается двойственной: ни билль, ни новую поправку невозможно ратифицировать на местах, поскольку фактически отсутствует механизм контроля, заставляющий работодателя соблюдать навязанные ему правила. Женщины, борющиеся за равноправие на рабочих местах, становятся объектом постоянных насмешек и карикатур в прессе. Таким образом, тема существует, но однозначное отношение к ней не выработано. В результате в 1964 и 1965 годах Барби\n\nполучает целый ряд новых профессий, но все они носят очень осторожный и традиционный характер, а некоторые, по понятиям феминисток, заслуживают осуждения. Так, с одной стороны, Барби оказывается космонавтом (что, скорее, объясняется бешеным интересом к теме космоса), с другой - Барби оказывается чирлидером, мажореткой, редактором модного журнала, фотографом моды, учительницей географии и актрисой. В 1966 году она получает еще одну суперженскую профессию - стюардессы в ""Пан-Американ"". До 1972 года никаких особых крупных событий в борьбе женщин за право на свободную карьеру не происходит, и - сюрприз! - ""карьерные"" Барби исчезают. Но в 1972-м году все снова меняется: Конгресс утверждает Девятый параграф Образовательного кодекса - параграф о равных правах на образование. Кроме того, проводится запрет на сегрегированные объявления о найме рабочей силы теперь все объявления должны печататься без специфического указания на предназначение должности для женщин или для мужчин. Девятый параграф означает, что учебные заведения должны отменить квоту на поступление для женщин и отменить запрет принимать женщин на те или иные факультеты. Соответственно, огромное количество представительниц ОтнынеСильного Пола подают заявки на изучение медицины или юриспруденции. Опять бум в прессе, и ""Маттел"" выпускает ""Барби-Хирурга"", очередной раз продемонстрировав свое поразительное умение держать нос по ветру. С 1973 по 1978 год, т.е. на протяжении пяти лет, Барби фактически не занимается своей карьерой - она отдает все свои силы спорту. Говоря конкретно, Барби становится олимпийской чемпионкой: к олимпиаде 1975 года ""Маттел"" выпускает ""Барби-Золотую-медалистку"", ""Барби-Лыжницу"", ""Барби-Конькобежца"" и ""БарбиПловчиху"" - все они выходят в серии ""Олимпийская\n\nБарби"". Однако в 1977 году тема ""женщины и профессия"" возвращается в большой мир: Национальная женская конференция в Техасе собирает невероятное количество участников - 20 тысяч. Тут же на свет появляется ""Барби с утра и до вечера"" (Day & Night Barbie), которую представляют как business executive - ""ответственного руководителя"". Эта же модель перерождается спустя семь лет, в 1985 году, в Business Executive Barbie. С этого момента карьерный рост Барби становится практически непрерывным. Дело в том, что 80-е стали годами окончательной победы деловых женщин. Многочисленные нововведения, облегчающие уход за детьми, социальные структуры, позволяющие матерям работать полный день, нарушение семейных сценариев, в результате которых распад брака становится обыденной ситуацией, что заставляет мать-одиночку постоянно работать с целью обеспечить себя и своих детей, плюс плохо соблюдающаяся, но все же существующая правовая основа, создающая равные условия для работающих женщин и мужчин, - все это окончательно формирует ситуацию, в которой работа становится совершенно неотъемлемой частью жизни женщин. Золотая девочка компании ""Маттел"" тоже берется за ум. С этого момента мы получаем хотя бы одну ""карьерную"" Барби едва ли не каждый год. Например, для женщин все чаще открываются вакансии, раньше доступные только мужчинам, и в конце 80-х - начале 90-х годов телевидение начинает создавать моду на женщинвоенных и женщин-полицейских. Это карьерное направление становится постоянным в мире Барби: оно тем выгоднее для ""Маттел"", что позволяет подчеркнуть патриотизм куклы. В 1989 году выпускается первая Барби в стиле милитари - так называемая Army Barbie. С 1990 года ее военная и полицейская карьера обретает конкретику: мы получаем капитана военно-воздушных сил, в 1991 году - офицера флота, в 1993 году -\n\nодновременно военврача и полицейского, в 1994 году командира летного эскадрона. Причина: огромный интерес общественности к теме армии, вызванный войной в Персидском заливе и ее последствиями. Потом война закончилась, тема армии перестала особо интересовать публику на несколько лет, и Барби оставила свои милитаристские замашки вплоть до 2000 года, когда армейская тема опять оказалась у всех на устах в связи с иракскими событиями. ""Маттел"" немедленно произвела на свет ""Барби-Паратрупера"" в комплекте с аптечкой первой помощи (Барби и Кен - паратруперы продаются в коробках, на задней стенке которых изображены... барханы). Другой пример: в 1992 году из-за обилия женщин, баллотирующихся на государственные посты, пресса заговорила о ""годе женщин"". В том же году мы получили ""Барби-Кандидата-в-президенты"", чей деловой костюм ""одним движением руки"" превращался в вечернее платье со звездами и полосами. Нам сообщалось, что ""Барби отправляется на инаугурационный бал"". Подобную же оперативность ""Маттел"" демонстрирует в 1994 году. Тогда был принят билль о гендерном равенстве в образовании и американское правительство сформулировало позицию, требующую поощрять в девушках интерес к разнообразию в выборе карьеры, в частности - к математике, естественным наукам и тому подобным ""мальчиковым"" сферам деятельности. ""Маттел"" немедленно выпустила целых пять профессиональных Барби: командир летного эскадрона, астронавт, педиатр, ветеринар и пожарник, профессии, по большей части традиционно занимаемые мужчинами. И все-таки проявления доброй воли в чистом виде было недостаточно: существовало слишком много желающих обвинять Барби во всех смертных грехах и, в частности, в проблемах, связанных с социальным статусом женщины. На слишком широкие плечи этой\n\nкуклы со слишком узкой талией возлагали ответственность за неврозы, связанные с восприятием собственной внешности, за женский консюмеризм, одновременно за сексуальную распущенность и сексуальную неудовлетворенность женщин, за то, что мужчины видят в блондинках безмозглых бимбо, и за прочие женские беды и напасти. После того как в 1998 году компания сделала Барби чуть более реалистичной, несколько расширив талию и уменьшив грудь куклы, пришло время еще раз сделать заявку насчет готовности Барби учить девочек прогрессивным идеалам. В 1999 году ""Маттел"" сделала огромную кампанию за пропаганду нового имиджа куклы. Кампания называлась: ""Be anything"". ""Маттел"" подписала контракт с компанией Girls Incorporated, прежде называвшейся ""Girls Club of America"" - крупнейшей организацией для девочек в США (следом за ней по численности участниц идет правильно! - Клуб Любительниц Барби). С этого момента, заявила ""Маттел"", ""все усилия будут сосредоточены не на куклах, а на самих девочках"". Рекламы демонстрировали, что девочка может стать хоккейным вратарем, игроком в теннис, астронавтом, компьютерным инженером словом, фактически кем угодно. Разъяренные феминистки обвинили Girls Incorporated в продажности: мол, всегда было известно, что Барби только притворяется карьерной куклой, а на самом деле торгует консюмеризмом и консервативностью в то время, как Girls Incorporated изначально заявляла, что намерена настраивать девочек на свободу выбора и на осознание своего права заниматься любым делом по своему вкусу. Я помню публикации, в которых противницы союза ""Маттел"" и GI с горечью писали: ""Нет лучшего способа победить своего врага, чем подкупить его"". Так или иначе союз возник. С этого момента ""Маттел"" продвигала как бы не кукол, а новые ценности: право мечтать о достижениях, право играть в любые игры и побеждать. Совместно две\n\nдевичьих организации проводили акции по профессиональному ориентированию, телешоу, круглые столы. ""Маттел"" выпустила новую игровую серию кукол под названием: ""I can be"" - целых шесть карьерных кукол в один год. В этой серии появилась - ""Барби-Пилот"", опять ""Барби-Working-Woman"" (с ноутбуком, мобильным телефоном и неопределимой сферой деятельности), ""Барби-Учительница-языка-жестов"" (со сгибающимися пальчиками), ""Барби-Футболистка"", ""Барби-Сыщик"" и ""Барби-Игрок-в-бейсбол-из-высшей-лиги"". Правда, в этом же году были выпущены на заказ ""Барби-Официантка"" (для компании ""Кока-Кола"") и ""Барби-Косметолог"" (для компании ""Эйвон""). В 2000 году серия продолжилась; появилась ""Барби-Педиатр"", ""Барби-Учительницавождения"" и ""Барби-Учительница рисования"". Но самым интересным дополнением к карьерной линии ""Маттел"" стала ""Барби-Президент-США"", если верить рекламному плакату, ""готовая приступить к работе в Овальном офисе"". В свете близящихся президентских выборов кукла раскупалась на ура. Последний на сегодняшний день карьерный рывок Барби совершила в 2002 году. С тех пор никакого особого интереса в профессиональной деятельности у этой куклы не наблюдалось. С тех пор появилась только одна Барби, которую можно было бы причислить к профессиональным: в 2004 году ""Маттел"" выпустила в серии ""Happy family"" Барби под названием ""Baby Doctor"" - короче говоря, специалист по неонатальной медицине. Ей предстояло возиться с новорожденным младенцем подруги Мидж. На официальном сайте Барби существует трудно находимый раздел ""I can be"", так или иначе посвященный будущим карьерным занятиям девочек. Здесь предлагается пять вариантов профессий: врач, художник, учитель рисования, балерина и фигуристка как видим, ничего радикального. Сторонницы билля о гендерном равенстве в образовании имеют полное право\n\nупрекать Барби в ограниченности и консервативности: здесь нет профессий хакера, архитектора, машиниста и финансового аналитика. Но в то же время профессии, присутствующие в списке на сайте, во-первых, требуют серьезного труда, а во-вторых, связаны с творческим самовыражением. Правда, в этом списке, как в психометрическом тесте, вызывает подозрение слово ""доктор"" - оно кажется лишним в ряду и, видимо, является очередным примером защитного буфера. Впрочем, если смотреть на более или менее полный список профессий Барби за все годы ее существования, то в целом невозможно упрекнуть ее в потакании сугубо женским занятиям, особенно в последнее время. Мажоретка и чирлидер могут вызвать возмущение у тех, для кого эти занятия сами по себе ассоциируются с тупоголовыми блондинками, но в целом традиционные упреки в адрес Барби сейчас кажутся мне несколько необоснованными. Если что-то и вызывает у меня неприязнь, то это, скорее, не выбор кукольных профессий как таковой, а то, как все эти профессии подаются. Тут ситуация похожа на уже рассмотренную ситуацию с деньгами: совершенно непонятно, откуда что берется. Создается такое впечатление, что Барби приобретает новые профессии так же, как она приобретает новые машины - по щучьему велению, по своему хотению. Она не знает не только трудностей, связанных с получением той или иной профессии, но и трудностей, связанных с профессиональной практикой. В ее деятельности нет элементов труда или усталости. В любом из ее занятий вообще нет отрицательных или неприятных сторон. Начинает казаться, что доктор Барби никогда в жизни не видела ни крови, ни смерти, а Барби-следователь напоминает Айс Вентуру - сыщика по делам домашних животных, а не реального следователя, постоянно имеющего дело с самыми неприглядными сторонами\n\nжизни. Когда я узнала, что ""Маттел"" выпустила Барбипалеонтолога, во мне затеплилась надежда: в конце концов, вот уж профессия, в которой основные аксессуары - пыль да кости. Но выяснилось, что Барби в роли исследователя прошлого выкапывает из земли не окаменелости и не останки мертвых животных, а целых разноцветных динозавриков. В общем, о Барби как об инструменте профессионального ориентирования не может быть и речи, что бы ""Маттел"" ни говорила. Нигде, никогда, никаким образом нам не рассказывают о причинах, по которым Барби выбирает ту или иную карьеру. Нам обычно не говорят о талантах или наклонностях, которыми надо обладать для выполнения тех или иных профессиональных обязанностей, не описывают путь, который необходимо пройти для получения соответствующих навыков. Нам не рассказывают о том, как устроены трудовые будни того же дантиста, или палеонтолога, или даже редактора модного журнала. Типичная сцена из журнальчиков про Барби - Барбидоктор держит за ручку очередного пациента, который благодарит ее не за лечение, связанное, как уже было сказано, с неприятными процедурами, а за добрый совет по поводу сохранения и без того прекрасного здоровья. Так что о профессиональном ориентировании речь не идет - максимум речь идет о некотором условном и очень поверхностном стимулировании интереса к той или иной профессии. Впрочем, меня не оставляет ощущение, что и этого более чем достаточно. Все карьерные Барби делаются, как уже говорилось, не для самих девочек, а для их родителей. Девочки хотят играть в принцесс или в вечеринки и переодевать своих кукол из одной одежки в другую. Если у их мам и пап становится легче на душе от присутствия в наборе некоего подобия зеленой формы хирурга или строгой полицейской униформы, ""Маттел""\n\nготова производить и промотировать такие вариации куклы. Каждая из них стоит от 10 до 25 долларов, и если родители, озабоченные будущим девочки, подарят ей на Новый год Барби-палеонтолога, это будет лучше, чем если озабоченные ее будущим родители не подарят своей дочери ни единой Барби вообще. И в этом аспекте, как и во всех остальных, мир Барби создается исключительно по запросам и требованиям мира вокруг Барби.\n\nЧасть третья\n\nМИР ВОКРУГ БАРБИ', 'audience': '# Аудитория\n\n* **Кто (коротко):** дизайнеры, арт-директора, иллюстраторы, аниматоры,\n  режиссёры, фотографы, стилисты, модельеры, контент-креаторы и\n  SMM-специалисты 20–40 лет. Люди, которые профессионально или\n  полупрофессионально создают визуал, следят за современными трендами, но не\n  всегда имеют системное образование в истории искусства, анимации и моды.\n\n* **Что УЖЕ знают:** умеют собирать референсы и мудборды, отличают актуальный\n  визуал от устаревшего, понимают базовые принципы композиции, цвета,\n  стилизации и производства контента. Знают Ван Гога, Леонардо, Микеланджело,\n  сюрреализм, Баухаус, поп-арт, Disney, Pixar, McQueen, Margiela, Mugler и\n  Gaultier, но чаще как визуальные маркеры, чем исторический процесс. Знакомы\n  с нейросетями, генерацией изображений, промптами и референсами.\n\n* **Чего не знают, но стыдно не знать:** кто придумал знакомый приём, кто на\n  кого повлиял и почему стиль считался радикальным. Не всегда различают\n  авангард, деконструкцию, провокацию, цитату, оммаж и копирование. Особенно\n  болезненен вопрос: почему современный тренд выглядит именно так и где это\n  уже было раньше.\n\n* **Что даёт им статус в их среде:** редкий, но понятный референс, связанный с\n  актуальным проектом; происхождение приёма, силуэта, анимационной техники или\n  эстетики; архивный кейс и точный термин, которые можно утащить в презентацию,\n  концепцию, мудборд или защиту идеи.\n\n* **От чего устали:** от «пяти фактов», Википедии, школьных биографий,\n  стерильного Pinterest-визуала и эстетичных нарезок без мысли. От фраз\n  «мода циклична», «авангард нарушает правила», «анимация не только детская»\n  без конкретного кейса. От снобизма, культурного шейминга и споров «ИИ всё\n  сделает / ИИ тупой».\n\n* **Как говорят между собой:** дружелюбно, неформально и профессионально:\n  «реф», «визуал», «насмотренность», «мудборд», «кейс», «кампейн»,\n  «продакшн», «арт-дирекшен», «стилизация», «силуэт», «архив»,\n  «деконструкция», «цитата», «оммаж». Говорят: «это считывается»,\n  «слишком буквально», «выглядит собранно», «хороший реф», «это уже было»,\n  «идея сильнее исполнения», «можно утащить в проект». Тон — опытный коллега,\n  который нашёл сильный архивный кейс и рассказывает о нём команде.', 'menu_story_methods': [{'id': 'bylo_stalo', 'name': 'Было / Стало', 'suits': 'Визуал или объект, который менялся во времени.'}, {'id': 'a_vot_nifiga', 'name': 'А вот нифига!', 'suits': 'Очевидный вывод оказывается ложным; нужен переворот.'}, {'id': 'zhest_bol_happyend', 'name': 'Жесть. Боль. Happy End', 'suits': 'Объект или приём прошёл через отвержение и вернулся.'}, {'id': 'kacheli', 'name': 'Эмоциональные качели', 'suits': 'Сначала визуал отталкивает, затем захватывает — или наоборот.'}, {'id': 'kak_delal', 'name': 'Как я это увидела', 'suits': 'Личный путь к пониманию вещи, книги или приёма.'}, {'id': 'otkroy_dushu', 'name': 'Открой душу', 'suits': 'Личная причина, почему визуал зацепил автора.'}, {'id': 'odna_detal', 'name': 'Одна деталь', 'suits': 'Один незаметный факт меняет чтение всей истории.'}, {'id': 'lozhnyy_sled', 'name': 'Ложный след', 'suits': 'Зритель уверен, что знает объяснение, но источник ведёт в другое.'}, {'id': 'tsena_resheniya', 'name': 'Цена решения', 'suits': 'Красивый продуктовый или визуальный ход имеет неожиданную цену.'}], 'hook_triggers': [{'id': 'contradiction', 'name': 'Противоречие', 'use_when': 'Привычное объяснение прямо ломается источником.'}, {'id': 'forbidden_artifact', 'name': 'Запрещённый или невыпущенный артефакт', 'use_when': 'Есть вещь, которую сделали, но не пустили в мир.'}, {'id': 'number_reversal', 'name': 'Число, меняющее масштаб', 'use_when': 'Цена, тираж, срок или количество переворачивают смысл.'}, {'id': 'status_reversal', 'name': 'Статусный переворот', 'use_when': 'То, что выглядит престижно, на деле служит другой цели.'}, {'id': 'hidden_decision', 'name': 'Скрытое решение', 'use_when': 'Известный результат объясняется одним конкретным выбором.'}, {'id': 'personal_recognition', 'name': 'Личное узнавание', 'use_when': 'Автор действительно может назвать момент, который её зацепил.'}]}","```json
{
  ""main_thought"": ""Карьерные Барби были репутационным щитом, а не образовательным инструментом. Mattel выпускала и убивала профессиональные куклы в точной синхронизации с американскими медиа-волнами о правах женщин: когда пресса обсуждала «женщин и карьеру» — появлялась новая Барби-хирург; когда тема затихала — карьерные куклы исчезали на годы. Одна скучно одетая Барби-врач защищала всю линейку легкомысленных кукол от критики родителей и прессы."",
  ""opening"": ""За сорок шесть лет Барби освоила больше семи десятков профессий — но ни одна не вышла по запросу ребёнка. Каждая карьерная кукла появлялась ровно тогда, когда в прессе поднималась волна о правах женщин, и исчезала, как только тема затихала."",
  ""proof_plan"": [
    ""В 1960 году, когда тема «женщины и карьера» стала самой дебатируемой в американской прессе, Mattel выпустила Busy Girl Barbie в твидовом костюме с длинными перчатками — первую деловую куклу; когда с 1972 по 1977 год тема равноправия на работе утихла, карьерные Барби полностью исчезли из производства на пять лет"",
    ""Барби-палеонтолог, вместо того чтобы выкапывать окаменелости и останки животных, достаёт из земли целых разноцветных динозавриков — в её профессиональной деятельности нет ни труда, ни усталости, ни крови, ни смерти; доктор Барби держит пациента за ручку и даёт советы по сохранению и без того прекрасного здоровья"",
    ""Когда Mattel в 1999 году заключила партнёрство с Girls Incorporated — крупнейшей организацией для девочек в США — и запустила кампанию «Be anything», разъярённые феминистки обвинили организацию в продажности: «Нет лучшего способа победить своего врага, чем подкупить его»"",
    ""Военные Барби появились в 1989 году (Army Barbie) и получили конкретику в 1990–1994 (капитан ВВС, офицер флота, военврач, командир эскадрона) — ровно в связи с огромным интересом к армии из-за войны в Персидском заливе; когда война закончилась, Барби оставила милитаристские замашки вплоть до 2000 года""
  ],
  ""idea_pitch"": ""Я бы показала, как этот паттерн — «один умный продукт защищает всю легкомысленную линейку» — работает прямо сейчас. А если взять любой современный бренд и найти его «Барби-палеонтолога» — тот самый прогрессивный, скучно одетый продукт, который существует не ради покупателя, а ради защиты от критики? Сколько «карьерных Барби» в портфолио брендов, которые мы считаем этичными?"",
  ""research_queries"": [
    ""Mattel Barbie career timeline 1959–2005 complete list with release dates"",
    ""Girls Incorporated Mattel partnership 1999 «Be anything» campaign feminist criticism reactions"",
    ""Barbie military line Gulf War 1989–2000 production timeline and sales data"",
    ""Mattel Barbie sales data career dolls vs fashion dolls comparison""
  ],
  ""recommended_method"": ""a_vot_nifiga"",
  ""alternative_methods"": [""bylo_stalo"", ""odna_detal""],
  ""audience_reason"": ""Для дизайнеров и арт-директоров это кейс о том, как визуальный продукт использует одну «умную» вариацию как репутационный щит для всей линейки — паттерн, который прямо сейчас работает в брендинге и продакшене, но редко осознаётся как стратегия"",
  ""share_reason"": ""Концепция «репутационного щита» — острый, переносимый инсайт: можно посмотреть на любой бренд и найти его «Барби-палеонтолога», существующего не для покупателя, а для критика""
}
```",
2,C1.5 research enricher,glm-5.2,"Ты — исследователь для личного ролика Марии. У тебя есть первичный текст,
редакционный бриф и результаты веб-поиска.

Отбери только дополнительные факты, которые реально впечатляют зрителя и
усиливают proof_plan: дата, имя+роль, решение, контекст, реакция рынка,
точный исторический нюанс. Каждый факт привяжи к URL из результатов поиска
и объясни, зачем он нужен ролику.

Не пересказывай книгу. Не подменяй спорный факт уверенностью.
Не предлагай формулировки вида «по Горалик / в книге» — это уйдёт в озвучку
как мясо без ссылки на источник.
Если поиск не добавляет надёжного мяса — верни пустой facts и назови пробелы.
Верни JSON ResearchPack.","{'claim_id': 'barbie-careers-pr-shield', 'primary_text': 'Горалик · Полая женщина · глава 9: Глава девятая. Девушки могут все: занятия и профессии Барби\n\nИсточник: Линор Горалик, «Полая женщина: Мир Барби изнутри и снаружи» (НЛО, 2005).\n\nГлава девятая\n\nДЕВУШКИ МОГУТ ВСЕ: ЗАНЯТИЯ И ПРОФЕССИИ БАРБИ\n\nТо, как Барби проводит время, невольно заставляет думать о серьезных психологических проблемах этой юной девушки, впрочем частично объясняющихся отсутствием у нее добрых и любящих родителей. Барби испытывает мучительную потребность во внешней\n\nоценке и внешнем одобрении, что постоянно толкает ее на все новые и новые социальные и карьерные достижения. Она фантастически, невыносимо экстравертна и явно не способна хоть на пять минут остаться одна. О времяпрепровождении Барби мы узнаем из описания новых выходящих на рынок моделей, ""Барбикниг"" и посвященных этой кукле журналов. Удивительным образом бесконечная череда вечеринок, туристических поездок и походов в кафе с друзьями не помешала Барби освоить более семи десятков профессий за последние сорок шесть лет. Составить полный список всех карьерных достижений Барби практически невозможно: довольно большое количество таких моделей было выпущено ""Маттел"" не для общего рынка, а для каких-нибудь крупных торговых марок или для сетей универсальных магазинов. Например, существовала Барби - продавщица кока-колы, сделанная соответственно по заказу корпорации ""Кока-Кола"", и Барби распространительница продуктов компании Avon, сделанная по заказу Avon Cosmetics. Особая Барби была произведена ""Маттел"" к юбилею сети игрушечных магазинов ""Toys Are Us"", специально разработанная маленькая Барби продавалась в ""Макдоналдсе"" - словом, примеров хватает Все ""профессиональные"" Барби принадлежат игровой линии Если я не ошибаюсь, карьерные Барби никогда не выпускались в коллекционных сериях, кроме нескольких куколок в серии ""Silkstone"", скажем, ""БарбиРедактор-раздела-моды"" и ""Кен-Инсайдер-моднойиндустрии"". Помню, что мой собственный вопрос о коллекционных Барби-""профессионалках"" не вызвал энтузиазма на форуме собирателей куклы. Я готова предположить, что дело здесь не только в том и даже далеко не в том, что для профессиональной Барби невозможно создать роскошный наряд, - в конце концов\n\nБоб Мэки наверняка прекрасно одел бы ""БарбиУкротительницу-львов"" или ""Барби-Флориста"". Просто профессиональная Барби, видимо, не очень интересует взрослых коллекционеров, потому что им за глаза и за уши хватает собственной профессиональной деятельности. Они, я полагаю, не видят особой радости в том, чтобы тащить домой куклу-бизнесмена или куклуврача. Но гораздо больше нам говорит тот факт, что в ""профессиональных"" Барби не слишком заинтересованы не только взрослые, но и дети. Дети вообще редко играют в конкретные профессии, кроме знаменитой игры в доктора, которая, как известно, преследует цели, далекие от профориентации. Бывают, конечно, игры в спасателей, пожарников или милицию и воров, но и здесь, как мы все понимаем, о развитии вкуса к будущей профессии речь не идет. Иногда дети играют в профессии, которыми занимаются их родители, самым поверхностным образом имитируя известные им элементы этих профессий с целью отыграть те или иные жизненные ситуации. Мне трудно представить себе, что мои собственные племянники ни с того ни с сего устроят серьезную и целенаправленную игру в палеонтологов или программистов. Игра в ветеринара может иметь тяжелые последствия для кошки и вряд ли напрямую связана с желанием как следует понять основы этой благородной профессии. Девочки предаются ""профессиональным"" играм еще реже, чем мальчики. Я рискну предположить, что большинство девочек предпочтет получить в подарок ""Барби-Принцессу"", ""Барби-День-рождения"", ""Барбиидет-на-пляж"" или ""Барби-катается-на-роликовыхконьках"", а не ""Барби-Дантиста"" или ""Барби-Бизнеследи"". Не сомневаюсь, что компания ""Маттел"" прекрасно это понимает, - и все-таки выпускать карьерных Барби ей приходится постоянно. Такое упорство вызвано отнюдь не запросом рынка, то есть не желанием маленьких\n\nдевочек приобрести ""Барби-Палеонтолога"" или ""БарбиСтюардессу"", а социальным давлением, постоянно оказываемым на ""Маттел"" со стороны прессы и родителей. Если бы Барби не занималась чем-нибудь трудоемким и престижным для зарабатывания собственного хлеба, ""Маттел"" было бы гораздо труднее отражать атаки, связанные с консюмеризмом куклы и с ее навязчивой привычкой следовать моде; кроме того, было бы гораздо сложнее говорить о позитивном влиянии Барби в деле воспитания молодого поколения. В целом ряде случаев ""Маттел"" выдвигает эти вариации своей модной куколки вперед на манер щита. Одна умная, но скучно одетая Барби защищает целую плеяду своих красивых, расфуфыренных и легкомысленных сестер. Именно давление со стороны родителей, феминисток, педагогов и прессы заставляет ""Маттел"" постоянно прилагать большие усилия для того, чтобы взгляды Барби на работу и карьеру можно было считать передовыми и даже опережающими время. Любимый пример, приводимый компанией каждый раз, когда речь заходит о карьерных достижениях их куклы, - ""Барби-Астронавт"" производства 1965 года, ""полетевшая в космос задолго до того, как первая женщина действительно ступила на борт космического корабля"". Однако других особо ярких примеров такого рода у компании ""Маттел"" нет. Я с большим удовольствием потратила несколько дней, накладывая хронологию карьерного развития Барби на историю женского движения и в особенности на историю борьбы женщин за карьерное равноправие с 1959 года - года выпуска Барби и по сегодняшний день. Такое сравнение позволяет увидеть, что в плане карьеры Барби действует фактически так же, как она действует в плане моды, т.е. оказывается не лидером-провозвестником новых тенденций, а их легитимизатором и в некоторой мере барометром происходящего. Можно быть твердо уверенным, что если\n\nБарби начала развивать деятельность на том или ином поприще, то поприще это уже некоторое время надежно существует в качестве игровой площадки для женщин в реальном мире. Скажем, в 1956 году, т.е. в том году, когда Хендлер изобрела Барби (ей, как мы помним, потребовалось три года, чтобы уговорить своих партнеров начать выпускать куклу), журнал ""Life"" назвал ""идеалом американской женщины"" тридцатидвухлетнюю мать четверых детей, естественно, нигде не работающую. Однако за три года, прошедшие до выхода Барби на рынок, реальность сильно изменилась. Именно тогда, в конце 50-х, поднялась так называемая ""вторая волна женского движения"" (первую относят к 20 - 30-м годам прошлого века). Новые борцы за права женщин требовали уже не таких базовых вещей, как право голосования, посещения любых общественных заведений и осуществления финансовых операций, но подлинного равенства женщин и мужчин в самых разных областях деятельности. Крах американской мечты 50-х привел к тому, что все больше и больше женщин стали занимать рабочие места, до сих пор отводившиеся в основном мужчинам. Для семьи все существеннее становился заработок жены, превратившийся в полновесную составляющую семейного бюджета. К началу 60-х новые феминистки Америки смогли составить общее представление о ситуации с женским трудом в США. Ситуация была аховой: там, где мужчина получал за свою работу доллар, женщина получала за ту же работу 63 цента. В результате схлопывания военной индустрии женщины теряли места на фабриках и заводах, а частный сектор, переставший испытывать недостаток мужских рук, всегда предпочитал взять на вакантное место мужчину, а не женщину, - пусть мужчине и приходилось платить больше. В газетах объявлений сообщения о поиске работников были разделены на две категории: ""Женщины"" и ""Мужчины"". Только два процента\n\nпредставителей интеллектуальных профессий - врачей, адвокатов, судей, дантистов, инженеров, архитекторов были женщинами. Подавляющее большинство престижных университетов не допускало женщин на значительную часть факультетов или имело жесткую квоту: иногда 1 женщина на 50 абитуриентов. Все эти факторы определили направление нового витка борьбы за права женщин - это была борьба за равенство на рабочих местах. В 1959 - 1960 годах тема ""Женщины и карьера"" была одной из самых дебатируемых в прессе. Выходила масса статей ""за"" и ""против"" работающих женщин. Представительницы разных профессий шумно спорили в популярных ток-шоу с мужчинами, отстаивающими семейные ценности. Именно тогда впервые проявилась интересная тенденция, определявшая развитие карьеры Барби в течении как минимум трех десятилетий: ее профессиональные достижения всегда были связаны не так с конкретным положением дел на рынке женского труда и даже не так с какими-нибудь специфическими событиями позитивного и негативного толка в этой области, как с шумихой, возникающей вокруг тех или иных аспектов темы. Скажем, в 1960 году ""Маттел"" выпустила Busy Girl Barbie. Считалось, что она ""дизайнер моды"", т.е., с одной стороны, женщина как бы работающая и как бы занимающаяся креативной профессией, но в то же время никоим образом не преступающая границы традиционных женских занятий (как известно, мужчины-кутюрье стали довольно поздним приобретением XX века). До этого момента Барби существовала в совсем немногих вариациях: исходная Барби 1959 года была фотомоделью, у нее был купальник, свадебное платье, костюм балерины и еще один наряд для свободного времяпрепровождения. Однако Busy Girl сильно отличалась от предыдущих вариаций: на ней был твидовый костюм, длинные перчатки и строгая шапочка. По большому счету девочки\n\nмогли видеть в ней собственных мам - благо работающих мам именно в конце 50-х - начале 60-х стало больше, чем когда-либо в истории. Никаких особых аксессуаров у этой Барби не было. Если верить данным, опубликованным Национальной организацией женщин Америки, в начале 60-х очень и очень многие женщины зарабатывали себе на жизнь тяжелым физическим трудом, они были механиками, электриками, водителями автобусов и даже шахтерами. Но рабочая девушка Барби, естественно, не намеревалась надевать каску и рабочую куртку. Я не знаю, так ли одевались в те годы дизайнеры моды, но твидовый костюм, маленькая шапочка и длинные перчатки были фактически униформой девушек из хороших семей, желающих заняться чем-нибудь полезным, пока им не попадется подходящий кандидат в мужья. Так могла выглядеть любая секретарша, машинистка, переписчица, в лучшем случае учительница. Эта первая ""деловая Барби"" фактически заложила основу всей будущей карьеры Барби. И действительно, Барби всегда приобретала только профессии представительниц среднего класса, никогда не занималась физическим трудом и не бралась за плохо оплачиваемые профессии. Рынок вполне оправдывает такой подход: родители девочек из среднего класса видят такие профессии в качестве основных, а родители девочек из более бедных слоев населения видят в этих профессиях хорошие ориентиры. Busy Girl Barbie стала первой в череде бесконечных Барби - бизнес-леди, повторяющихся из года в год с разными аксессуарами и под разными названиями: Business Girl, Busy Woman, Business Executive, Working Girl, Office Barbie и т.д. Чем занимаются эти Барби, ""Маттел"" не уточняет, но так или иначе они демонстрируют некоторую четкую позицию: женщина может добиться высоких постов, а карьера - это классно и престижно.\n\nНовые карьерные вариации Барби, как уже было сказано, возникали тогда, когда общественность начинала муссировать тему рабочего статуса женщины, и исчезали, как только эту тему можно было начать игнорировать. Здесь сказался один из главных маркетинговых талантов ""Маттел"" - талант использовать конъюнктуру, запрыгивать на волну обсуждаемой модной темы и соскакивать с нее, когда волна начинает идти на убыль. Профессиональная деятельность Барби развивалась ровно по тем же законам. В 1961 году Элеонора Рузвельт встала во главе Комиссии по вопросам статуса женщин при правительстве Кеннеди. Этот факт наделал много шума, и в том же году Барби получила профессии дипломированной медсестры и стюардессы. В 1963 году комиссия Рузвельта после двух лет исследований опубликовала доклад о дискриминации женщин на рабочих местах, породив целую волну дебатов о допустимых и недопустимых профессиях для представительниц слабого пола. Публикуется Equal Pay Act - речь идет о том, что мужчины и женщины, занимающие одни и те же должности, должны получать равные зарплаты. В том же году ""Маттел"" выпускает Business Woman Barbie (она же называлась Career Girl Barbie). Через год к биллю о гражданских правах добавляется Седьмой параграф - ""против дискриминации при приеме на работу"". Он включает в себя запрет на дискриминацию по половому признаку, но ситуация остается двойственной: ни билль, ни новую поправку невозможно ратифицировать на местах, поскольку фактически отсутствует механизм контроля, заставляющий работодателя соблюдать навязанные ему правила. Женщины, борющиеся за равноправие на рабочих местах, становятся объектом постоянных насмешек и карикатур в прессе. Таким образом, тема существует, но однозначное отношение к ней не выработано. В результате в 1964 и 1965 годах Барби\n\nполучает целый ряд новых профессий, но все они носят очень осторожный и традиционный характер, а некоторые, по понятиям феминисток, заслуживают осуждения. Так, с одной стороны, Барби оказывается космонавтом (что, скорее, объясняется бешеным интересом к теме космоса), с другой - Барби оказывается чирлидером, мажореткой, редактором модного журнала, фотографом моды, учительницей географии и актрисой. В 1966 году она получает еще одну суперженскую профессию - стюардессы в ""Пан-Американ"". До 1972 года никаких особых крупных событий в борьбе женщин за право на свободную карьеру не происходит, и - сюрприз! - ""карьерные"" Барби исчезают. Но в 1972-м году все снова меняется: Конгресс утверждает Девятый параграф Образовательного кодекса - параграф о равных правах на образование. Кроме того, проводится запрет на сегрегированные объявления о найме рабочей силы теперь все объявления должны печататься без специфического указания на предназначение должности для женщин или для мужчин. Девятый параграф означает, что учебные заведения должны отменить квоту на поступление для женщин и отменить запрет принимать женщин на те или иные факультеты. Соответственно, огромное количество представительниц ОтнынеСильного Пола подают заявки на изучение медицины или юриспруденции. Опять бум в прессе, и ""Маттел"" выпускает ""Барби-Хирурга"", очередной раз продемонстрировав свое поразительное умение держать нос по ветру. С 1973 по 1978 год, т.е. на протяжении пяти лет, Барби фактически не занимается своей карьерой - она отдает все свои силы спорту. Говоря конкретно, Барби становится олимпийской чемпионкой: к олимпиаде 1975 года ""Маттел"" выпускает ""Барби-Золотую-медалистку"", ""Барби-Лыжницу"", ""Барби-Конькобежца"" и ""БарбиПловчиху"" - все они выходят в серии ""Олимпийская\n\nБарби"". Однако в 1977 году тема ""женщины и профессия"" возвращается в большой мир: Национальная женская конференция в Техасе собирает невероятное количество участников - 20 тысяч. Тут же на свет появляется ""Барби с утра и до вечера"" (Day & Night Barbie), которую представляют как business executive - ""ответственного руководителя"". Эта же модель перерождается спустя семь лет, в 1985 году, в Business Executive Barbie. С этого момента карьерный рост Барби становится практически непрерывным. Дело в том, что 80-е стали годами окончательной победы деловых женщин. Многочисленные нововведения, облегчающие уход за детьми, социальные структуры, позволяющие матерям работать полный день, нарушение семейных сценариев, в результате которых распад брака становится обыденной ситуацией, что заставляет мать-одиночку постоянно работать с целью обеспечить себя и своих детей, плюс плохо соблюдающаяся, но все же существующая правовая основа, создающая равные условия для работающих женщин и мужчин, - все это окончательно формирует ситуацию, в которой работа становится совершенно неотъемлемой частью жизни женщин. Золотая девочка компании ""Маттел"" тоже берется за ум. С этого момента мы получаем хотя бы одну ""карьерную"" Барби едва ли не каждый год. Например, для женщин все чаще открываются вакансии, раньше доступные только мужчинам, и в конце 80-х - начале 90-х годов телевидение начинает создавать моду на женщинвоенных и женщин-полицейских. Это карьерное направление становится постоянным в мире Барби: оно тем выгоднее для ""Маттел"", что позволяет подчеркнуть патриотизм куклы. В 1989 году выпускается первая Барби в стиле милитари - так называемая Army Barbie. С 1990 года ее военная и полицейская карьера обретает конкретику: мы получаем капитана военно-воздушных сил, в 1991 году - офицера флота, в 1993 году -\n\nодновременно военврача и полицейского, в 1994 году командира летного эскадрона. Причина: огромный интерес общественности к теме армии, вызванный войной в Персидском заливе и ее последствиями. Потом война закончилась, тема армии перестала особо интересовать публику на несколько лет, и Барби оставила свои милитаристские замашки вплоть до 2000 года, когда армейская тема опять оказалась у всех на устах в связи с иракскими событиями. ""Маттел"" немедленно произвела на свет ""Барби-Паратрупера"" в комплекте с аптечкой первой помощи (Барби и Кен - паратруперы продаются в коробках, на задней стенке которых изображены... барханы). Другой пример: в 1992 году из-за обилия женщин, баллотирующихся на государственные посты, пресса заговорила о ""годе женщин"". В том же году мы получили ""Барби-Кандидата-в-президенты"", чей деловой костюм ""одним движением руки"" превращался в вечернее платье со звездами и полосами. Нам сообщалось, что ""Барби отправляется на инаугурационный бал"". Подобную же оперативность ""Маттел"" демонстрирует в 1994 году. Тогда был принят билль о гендерном равенстве в образовании и американское правительство сформулировало позицию, требующую поощрять в девушках интерес к разнообразию в выборе карьеры, в частности - к математике, естественным наукам и тому подобным ""мальчиковым"" сферам деятельности. ""Маттел"" немедленно выпустила целых пять профессиональных Барби: командир летного эскадрона, астронавт, педиатр, ветеринар и пожарник, профессии, по большей части традиционно занимаемые мужчинами. И все-таки проявления доброй воли в чистом виде было недостаточно: существовало слишком много желающих обвинять Барби во всех смертных грехах и, в частности, в проблемах, связанных с социальным статусом женщины. На слишком широкие плечи этой\n\nкуклы со слишком узкой талией возлагали ответственность за неврозы, связанные с восприятием собственной внешности, за женский консюмеризм, одновременно за сексуальную распущенность и сексуальную неудовлетворенность женщин, за то, что мужчины видят в блондинках безмозглых бимбо, и за прочие женские беды и напасти. После того как в 1998 году компания сделала Барби чуть более реалистичной, несколько расширив талию и уменьшив грудь куклы, пришло время еще раз сделать заявку насчет готовности Барби учить девочек прогрессивным идеалам. В 1999 году ""Маттел"" сделала огромную кампанию за пропаганду нового имиджа куклы. Кампания называлась: ""Be anything"". ""Маттел"" подписала контракт с компанией Girls Incorporated, прежде называвшейся ""Girls Club of America"" - крупнейшей организацией для девочек в США (следом за ней по численности участниц идет правильно! - Клуб Любительниц Барби). С этого момента, заявила ""Маттел"", ""все усилия будут сосредоточены не на куклах, а на самих девочках"". Рекламы демонстрировали, что девочка может стать хоккейным вратарем, игроком в теннис, астронавтом, компьютерным инженером словом, фактически кем угодно. Разъяренные феминистки обвинили Girls Incorporated в продажности: мол, всегда было известно, что Барби только притворяется карьерной куклой, а на самом деле торгует консюмеризмом и консервативностью в то время, как Girls Incorporated изначально заявляла, что намерена настраивать девочек на свободу выбора и на осознание своего права заниматься любым делом по своему вкусу. Я помню публикации, в которых противницы союза ""Маттел"" и GI с горечью писали: ""Нет лучшего способа победить своего врага, чем подкупить его"". Так или иначе союз возник. С этого момента ""Маттел"" продвигала как бы не кукол, а новые ценности: право мечтать о достижениях, право играть в любые игры и побеждать. Совместно две\n\nдевичьих организации проводили акции по профессиональному ориентированию, телешоу, круглые столы. ""Маттел"" выпустила новую игровую серию кукол под названием: ""I can be"" - целых шесть карьерных кукол в один год. В этой серии появилась - ""Барби-Пилот"", опять ""Барби-Working-Woman"" (с ноутбуком, мобильным телефоном и неопределимой сферой деятельности), ""Барби-Учительница-языка-жестов"" (со сгибающимися пальчиками), ""Барби-Футболистка"", ""Барби-Сыщик"" и ""Барби-Игрок-в-бейсбол-из-высшей-лиги"". Правда, в этом же году были выпущены на заказ ""Барби-Официантка"" (для компании ""Кока-Кола"") и ""Барби-Косметолог"" (для компании ""Эйвон""). В 2000 году серия продолжилась; появилась ""Барби-Педиатр"", ""Барби-Учительницавождения"" и ""Барби-Учительница рисования"". Но самым интересным дополнением к карьерной линии ""Маттел"" стала ""Барби-Президент-США"", если верить рекламному плакату, ""готовая приступить к работе в Овальном офисе"". В свете близящихся президентских выборов кукла раскупалась на ура. Последний на сегодняшний день карьерный рывок Барби совершила в 2002 году. С тех пор никакого особого интереса в профессиональной деятельности у этой куклы не наблюдалось. С тех пор появилась только одна Барби, которую можно было бы причислить к профессиональным: в 2004 году ""Маттел"" выпустила в серии ""Happy family"" Барби под названием ""Baby Doctor"" - короче говоря, специалист по неонатальной медицине. Ей предстояло возиться с новорожденным младенцем подруги Мидж. На официальном сайте Барби существует трудно находимый раздел ""I can be"", так или иначе посвященный будущим карьерным занятиям девочек. Здесь предлагается пять вариантов профессий: врач, художник, учитель рисования, балерина и фигуристка как видим, ничего радикального. Сторонницы билля о гендерном равенстве в образовании имеют полное право\n\nупрекать Барби в ограниченности и консервативности: здесь нет профессий хакера, архитектора, машиниста и финансового аналитика. Но в то же время профессии, присутствующие в списке на сайте, во-первых, требуют серьезного труда, а во-вторых, связаны с творческим самовыражением. Правда, в этом списке, как в психометрическом тесте, вызывает подозрение слово ""доктор"" - оно кажется лишним в ряду и, видимо, является очередным примером защитного буфера. Впрочем, если смотреть на более или менее полный список профессий Барби за все годы ее существования, то в целом невозможно упрекнуть ее в потакании сугубо женским занятиям, особенно в последнее время. Мажоретка и чирлидер могут вызвать возмущение у тех, для кого эти занятия сами по себе ассоциируются с тупоголовыми блондинками, но в целом традиционные упреки в адрес Барби сейчас кажутся мне несколько необоснованными. Если что-то и вызывает у меня неприязнь, то это, скорее, не выбор кукольных профессий как таковой, а то, как все эти профессии подаются. Тут ситуация похожа на уже рассмотренную ситуацию с деньгами: совершенно непонятно, откуда что берется. Создается такое впечатление, что Барби приобретает новые профессии так же, как она приобретает новые машины - по щучьему велению, по своему хотению. Она не знает не только трудностей, связанных с получением той или иной профессии, но и трудностей, связанных с профессиональной практикой. В ее деятельности нет элементов труда или усталости. В любом из ее занятий вообще нет отрицательных или неприятных сторон. Начинает казаться, что доктор Барби никогда в жизни не видела ни крови, ни смерти, а Барби-следователь напоминает Айс Вентуру - сыщика по делам домашних животных, а не реального следователя, постоянно имеющего дело с самыми неприглядными сторонами\n\nжизни. Когда я узнала, что ""Маттел"" выпустила Барбипалеонтолога, во мне затеплилась надежда: в конце концов, вот уж профессия, в которой основные аксессуары - пыль да кости. Но выяснилось, что Барби в роли исследователя прошлого выкапывает из земли не окаменелости и не останки мертвых животных, а целых разноцветных динозавриков. В общем, о Барби как об инструменте профессионального ориентирования не может быть и речи, что бы ""Маттел"" ни говорила. Нигде, никогда, никаким образом нам не рассказывают о причинах, по которым Барби выбирает ту или иную карьеру. Нам обычно не говорят о талантах или наклонностях, которыми надо обладать для выполнения тех или иных профессиональных обязанностей, не описывают путь, который необходимо пройти для получения соответствующих навыков. Нам не рассказывают о том, как устроены трудовые будни того же дантиста, или палеонтолога, или даже редактора модного журнала. Типичная сцена из журнальчиков про Барби - Барбидоктор держит за ручку очередного пациента, который благодарит ее не за лечение, связанное, как уже было сказано, с неприятными процедурами, а за добрый совет по поводу сохранения и без того прекрасного здоровья. Так что о профессиональном ориентировании речь не идет - максимум речь идет о некотором условном и очень поверхностном стимулировании интереса к той или иной профессии. Впрочем, меня не оставляет ощущение, что и этого более чем достаточно. Все карьерные Барби делаются, как уже говорилось, не для самих девочек, а для их родителей. Девочки хотят играть в принцесс или в вечеринки и переодевать своих кукол из одной одежки в другую. Если у их мам и пап становится легче на душе от присутствия в наборе некоего подобия зеленой формы хирурга или строгой полицейской униформы, ""Маттел""\n\nготова производить и промотировать такие вариации куклы. Каждая из них стоит от 10 до 25 долларов, и если родители, озабоченные будущим девочки, подарят ей на Новый год Барби-палеонтолога, это будет лучше, чем если озабоченные ее будущим родители не подарят своей дочери ни единой Барби вообще. И в этом аспекте, как и во всех остальных, мир Барби создается исключительно по запросам и требованиям мира вокруг Барби.\n\nЧасть третья\n\nМИР ВОКРУГ БАРБИ | Горалик · Полая женщина · глава 9: Глава девятая. Девушки могут все: занятия и профессии Барби\n\nИсточник: Линор Горалик, «Полая женщина: Мир Барби изнутри и снаружи» (НЛО, 2005).\n\nГлава девятая\n\nДЕВУШКИ МОГУТ ВСЕ: ЗАНЯТИЯ И ПРОФЕССИИ БАРБИ\n\nТо, как Барби проводит время, невольно заставляет думать о серьезных психологических проблемах этой юной девушки, впрочем частично объясняющихся отсутствием у нее добрых и любящих родителей. Барби испытывает мучительную потребность во внешней\n\nоценке и внешнем одобрении, что постоянно толкает ее на все новые и новые социальные и карьерные достижения. Она фантастически, невыносимо экстравертна и явно не способна хоть на пять минут остаться одна. О времяпрепровождении Барби мы узнаем из описания новых выходящих на рынок моделей, ""Барбикниг"" и посвященных этой кукле журналов. Удивительным образом бесконечная череда вечеринок, туристических поездок и походов в кафе с друзьями не помешала Барби освоить более семи десятков профессий за последние сорок шесть лет. Составить полный список всех карьерных достижений Барби практически невозможно: довольно большое количество таких моделей было выпущено ""Маттел"" не для общего рынка, а для каких-нибудь крупных торговых марок или для сетей универсальных магазинов. Например, существовала Барби - продавщица кока-колы, сделанная соответственно по заказу корпорации ""Кока-Кола"", и Барби распространительница продуктов компании Avon, сделанная по заказу Avon Cosmetics. Особая Барби была произведена ""Маттел"" к юбилею сети игрушечных магазинов ""Toys Are Us"", специально разработанная маленькая Барби продавалась в ""Макдоналдсе"" - словом, примеров хватает Все ""профессиональные"" Барби принадлежат игровой линии Если я не ошибаюсь, карьерные Барби никогда не выпускались в коллекционных сериях, кроме нескольких куколок в серии ""Silkstone"", скажем, ""БарбиРедактор-раздела-моды"" и ""Кен-Инсайдер-моднойиндустрии"". Помню, что мой собственный вопрос о коллекционных Барби-""профессионалках"" не вызвал энтузиазма на форуме собирателей куклы. Я готова предположить, что дело здесь не только в том и даже далеко не в том, что для профессиональной Барби невозможно создать роскошный наряд, - в конце концов\n\nБоб Мэки наверняка прекрасно одел бы ""БарбиУкротительницу-львов"" или ""Барби-Флориста"". Просто профессиональная Барби, видимо, не очень интересует взрослых коллекционеров, потому что им за глаза и за уши хватает собственной профессиональной деятельности. Они, я полагаю, не видят особой радости в том, чтобы тащить домой куклу-бизнесмена или куклуврача. Но гораздо больше нам говорит тот факт, что в ""профессиональных"" Барби не слишком заинтересованы не только взрослые, но и дети. Дети вообще редко играют в конкретные профессии, кроме знаменитой игры в доктора, которая, как известно, преследует цели, далекие от профориентации. Бывают, конечно, игры в спасателей, пожарников или милицию и воров, но и здесь, как мы все понимаем, о развитии вкуса к будущей профессии речь не идет. Иногда дети играют в профессии, которыми занимаются их родители, самым поверхностным образом имитируя известные им элементы этих профессий с целью отыграть те или иные жизненные ситуации. Мне трудно представить себе, что мои собственные племянники ни с того ни с сего устроят серьезную и целенаправленную игру в палеонтологов или программистов. Игра в ветеринара может иметь тяжелые последствия для кошки и вряд ли напрямую связана с желанием как следует понять основы этой благородной профессии. Девочки предаются ""профессиональным"" играм еще реже, чем мальчики. Я рискну предположить, что большинство девочек предпочтет получить в подарок ""Барби-Принцессу"", ""Барби-День-рождения"", ""Барбиидет-на-пляж"" или ""Барби-катается-на-роликовыхконьках"", а не ""Барби-Дантиста"" или ""Барби-Бизнеследи"". Не сомневаюсь, что компания ""Маттел"" прекрасно это понимает, - и все-таки выпускать карьерных Барби ей приходится постоянно. Такое упорство вызвано отнюдь не запросом рынка, то есть не желанием маленьких\n\nдевочек приобрести ""Барби-Палеонтолога"" или ""БарбиСтюардессу"", а социальным давлением, постоянно оказываемым на ""Маттел"" со стороны прессы и родителей. Если бы Барби не занималась чем-нибудь трудоемким и престижным для зарабатывания собственного хлеба, ""Маттел"" было бы гораздо труднее отражать атаки, связанные с консюмеризмом куклы и с ее навязчивой привычкой следовать моде; кроме того, было бы гораздо сложнее говорить о позитивном влиянии Барби в деле воспитания молодого поколения. В целом ряде случаев ""Маттел"" выдвигает эти вариации своей модной куколки вперед на манер щита. Одна умная, но скучно одетая Барби защищает целую плеяду своих красивых, расфуфыренных и легкомысленных сестер. Именно давление со стороны родителей, феминисток, педагогов и прессы заставляет ""Маттел"" постоянно прилагать большие усилия для того, чтобы взгляды Барби на работу и карьеру можно было считать передовыми и даже опережающими время. Любимый пример, приводимый компанией каждый раз, когда речь заходит о карьерных достижениях их куклы, - ""Барби-Астронавт"" производства 1965 года, ""полетевшая в космос задолго до того, как первая женщина действительно ступила на борт космического корабля"". Однако других особо ярких примеров такого рода у компании ""Маттел"" нет. Я с большим удовольствием потратила несколько дней, накладывая хронологию карьерного развития Барби на историю женского движения и в особенности на историю борьбы женщин за карьерное равноправие с 1959 года - года выпуска Барби и по сегодняшний день. Такое сравнение позволяет увидеть, что в плане карьеры Барби действует фактически так же, как она действует в плане моды, т.е. оказывается не лидером-провозвестником новых тенденций, а их легитимизатором и в некоторой мере барометром происходящего. Можно быть твердо уверенным, что если\n\nБарби начала развивать деятельность на том или ином поприще, то поприще это уже некоторое время надежно существует в качестве игровой площадки для женщин в реальном мире. Скажем, в 1956 году, т.е. в том году, когда Хендлер изобрела Барби (ей, как мы помним, потребовалось три года, чтобы уговорить своих партнеров начать выпускать куклу), журнал ""Life"" назвал ""идеалом американской женщины"" тридцатидвухлетнюю мать четверых детей, естественно, нигде не работающую. Однако за три года, прошедшие до выхода Барби на рынок, реальность сильно изменилась. Именно тогда, в конце 50-х, поднялась так называемая ""вторая волна женского движения"" (первую относят к 20 - 30-м годам прошлого века). Новые борцы за права женщин требовали уже не таких базовых вещей, как право голосования, посещения любых общественных заведений и осуществления финансовых операций, но подлинного равенства женщин и мужчин в самых разных областях деятельности. Крах американской мечты 50-х привел к тому, что все больше и больше женщин стали занимать рабочие места, до сих пор отводившиеся в основном мужчинам. Для семьи все существеннее становился заработок жены, превратившийся в полновесную составляющую семейного бюджета. К началу 60-х новые феминистки Америки смогли составить общее представление о ситуации с женским трудом в США. Ситуация была аховой: там, где мужчина получал за свою работу доллар, женщина получала за ту же работу 63 цента. В результате схлопывания военной индустрии женщины теряли места на фабриках и заводах, а частный сектор, переставший испытывать недостаток мужских рук, всегда предпочитал взять на вакантное место мужчину, а не женщину, - пусть мужчине и приходилось платить больше. В газетах объявлений сообщения о поиске работников были разделены на две категории: ""Женщины"" и ""Мужчины"". Только два процента\n\nпредставителей интеллектуальных профессий - врачей, адвокатов, судей, дантистов, инженеров, архитекторов были женщинами. Подавляющее большинство престижных университетов не допускало женщин на значительную часть факультетов или имело жесткую квоту: иногда 1 женщина на 50 абитуриентов. Все эти факторы определили направление нового витка борьбы за права женщин - это была борьба за равенство на рабочих местах. В 1959 - 1960 годах тема ""Женщины и карьера"" была одной из самых дебатируемых в прессе. Выходила масса статей ""за"" и ""против"" работающих женщин. Представительницы разных профессий шумно спорили в популярных ток-шоу с мужчинами, отстаивающими семейные ценности. Именно тогда впервые проявилась интересная тенденция, определявшая развитие карьеры Барби в течении как минимум трех десятилетий: ее профессиональные достижения всегда были связаны не так с конкретным положением дел на рынке женского труда и даже не так с какими-нибудь специфическими событиями позитивного и негативного толка в этой области, как с шумихой, возникающей вокруг тех или иных аспектов темы. Скажем, в 1960 году ""Маттел"" выпустила Busy Girl Barbie. Считалось, что она ""дизайнер моды"", т.е., с одной стороны, женщина как бы работающая и как бы занимающаяся креативной профессией, но в то же время никоим образом не преступающая границы традиционных женских занятий (как известно, мужчины-кутюрье стали довольно поздним приобретением XX века). До этого момента Барби существовала в совсем немногих вариациях: исходная Барби 1959 года была фотомоделью, у нее был купальник, свадебное платье, костюм балерины и еще один наряд для свободного времяпрепровождения. Однако Busy Girl сильно отличалась от предыдущих вариаций: на ней был твидовый костюм, длинные перчатки и строгая шапочка. По большому счету девочки\n\nмогли видеть в ней собственных мам - благо работающих мам именно в конце 50-х - начале 60-х стало больше, чем когда-либо в истории. Никаких особых аксессуаров у этой Барби не было. Если верить данным, опубликованным Национальной организацией женщин Америки, в начале 60-х очень и очень многие женщины зарабатывали себе на жизнь тяжелым физическим трудом, они были механиками, электриками, водителями автобусов и даже шахтерами. Но рабочая девушка Барби, естественно, не намеревалась надевать каску и рабочую куртку. Я не знаю, так ли одевались в те годы дизайнеры моды, но твидовый костюм, маленькая шапочка и длинные перчатки были фактически униформой девушек из хороших семей, желающих заняться чем-нибудь полезным, пока им не попадется подходящий кандидат в мужья. Так могла выглядеть любая секретарша, машинистка, переписчица, в лучшем случае учительница. Эта первая ""деловая Барби"" фактически заложила основу всей будущей карьеры Барби. И действительно, Барби всегда приобретала только профессии представительниц среднего класса, никогда не занималась физическим трудом и не бралась за плохо оплачиваемые профессии. Рынок вполне оправдывает такой подход: родители девочек из среднего класса видят такие профессии в качестве основных, а родители девочек из более бедных слоев населения видят в этих профессиях хорошие ориентиры. Busy Girl Barbie стала первой в череде бесконечных Барби - бизнес-леди, повторяющихся из года в год с разными аксессуарами и под разными названиями: Business Girl, Busy Woman, Business Executive, Working Girl, Office Barbie и т.д. Чем занимаются эти Барби, ""Маттел"" не уточняет, но так или иначе они демонстрируют некоторую четкую позицию: женщина может добиться высоких постов, а карьера - это классно и престижно.\n\nНовые карьерные вариации Барби, как уже было сказано, возникали тогда, когда общественность начинала муссировать тему рабочего статуса женщины, и исчезали, как только эту тему можно было начать игнорировать. Здесь сказался один из главных маркетинговых талантов ""Маттел"" - талант использовать конъюнктуру, запрыгивать на волну обсуждаемой модной темы и соскакивать с нее, когда волна начинает идти на убыль. Профессиональная деятельность Барби развивалась ровно по тем же законам. В 1961 году Элеонора Рузвельт встала во главе Комиссии по вопросам статуса женщин при правительстве Кеннеди. Этот факт наделал много шума, и в том же году Барби получила профессии дипломированной медсестры и стюардессы. В 1963 году комиссия Рузвельта после двух лет исследований опубликовала доклад о дискриминации женщин на рабочих местах, породив целую волну дебатов о допустимых и недопустимых профессиях для представительниц слабого пола. Публикуется Equal Pay Act - речь идет о том, что мужчины и женщины, занимающие одни и те же должности, должны получать равные зарплаты. В том же году ""Маттел"" выпускает Business Woman Barbie (она же называлась Career Girl Barbie). Через год к биллю о гражданских правах добавляется Седьмой параграф - ""против дискриминации при приеме на работу"". Он включает в себя запрет на дискриминацию по половому признаку, но ситуация остается двойственной: ни билль, ни новую поправку невозможно ратифицировать на местах, поскольку фактически отсутствует механизм контроля, заставляющий работодателя соблюдать навязанные ему правила. Женщины, борющиеся за равноправие на рабочих местах, становятся объектом постоянных насмешек и карикатур в прессе. Таким образом, тема существует, но однозначное отношение к ней не выработано. В результате в 1964 и 1965 годах Барби\n\nполучает целый ряд новых профессий, но все они носят очень осторожный и традиционный характер, а некоторые, по понятиям феминисток, заслуживают осуждения. Так, с одной стороны, Барби оказывается космонавтом (что, скорее, объясняется бешеным интересом к теме космоса), с другой - Барби оказывается чирлидером, мажореткой, редактором модного журнала, фотографом моды, учительницей географии и актрисой. В 1966 году она получает еще одну суперженскую профессию - стюардессы в ""Пан-Американ"". До 1972 года никаких особых крупных событий в борьбе женщин за право на свободную карьеру не происходит, и - сюрприз! - ""карьерные"" Барби исчезают. Но в 1972-м году все снова меняется: Конгресс утверждает Девятый параграф Образовательного кодекса - параграф о равных правах на образование. Кроме того, проводится запрет на сегрегированные объявления о найме рабочей силы теперь все объявления должны печататься без специфического указания на предназначение должности для женщин или для мужчин. Девятый параграф означает, что учебные заведения должны отменить квоту на поступление для женщин и отменить запрет принимать женщин на те или иные факультеты. Соответственно, огромное количество представительниц ОтнынеСильного Пола подают заявки на изучение медицины или юриспруденции. Опять бум в прессе, и ""Маттел"" выпускает ""Барби-Хирурга"", очередной раз продемонстрировав свое поразительное умение держать нос по ветру. С 1973 по 1978 год, т.е. на протяжении пяти лет, Барби фактически не занимается своей карьерой - она отдает все свои силы спорту. Говоря конкретно, Барби становится олимпийской чемпионкой: к олимпиаде 1975 года ""Маттел"" выпускает ""Барби-Золотую-медалистку"", ""Барби-Лыжницу"", ""Барби-Конькобежца"" и ""БарбиПловчиху"" - все они выходят в серии ""Олимпийская\n\nБарби"". Однако в 1977 году тема ""женщины и профессия"" возвращается в большой мир: Национальная женская конференция в Техасе собирает невероятное количество участников - 20 тысяч. Тут же на свет появляется ""Барби с утра и до вечера"" (Day & Night Barbie), которую представляют как business executive - ""ответственного руководителя"". Эта же модель перерождается спустя семь лет, в 1985 году, в Business Executive Barbie. С этого момента карьерный рост Барби становится практически непрерывным. Дело в том, что 80-е стали годами окончательной победы деловых женщин. Многочисленные нововведения, облегчающие уход за детьми, социальные структуры, позволяющие матерям работать полный день, нарушение семейных сценариев, в результате которых распад брака становится обыденной ситуацией, что заставляет мать-одиночку постоянно работать с целью обеспечить себя и своих детей, плюс плохо соблюдающаяся, но все же существующая правовая основа, создающая равные условия для работающих женщин и мужчин, - все это окончательно формирует ситуацию, в которой работа становится совершенно неотъемлемой частью жизни женщин. Золотая девочка компании ""Маттел"" тоже берется за ум. С этого момента мы получаем хотя бы одну ""карьерную"" Барби едва ли не каждый год. Например, для женщин все чаще открываются вакансии, раньше доступные только мужчинам, и в конце 80-х - начале 90-х годов телевидение начинает создавать моду на женщинвоенных и женщин-полицейских. Это карьерное направление становится постоянным в мире Барби: оно тем выгоднее для ""Маттел"", что позволяет подчеркнуть патриотизм куклы. В 1989 году выпускается первая Барби в стиле милитари - так называемая Army Barbie. С 1990 года ее военная и полицейская карьера обретает конкретику: мы получаем капитана военно-воздушных сил, в 1991 году - офицера флота, в 1993 году -\n\nодновременно военврача и полицейского, в 1994 году командира летного эскадрона. Причина: огромный интерес общественности к теме армии, вызванный войной в Персидском заливе и ее последствиями. Потом война закончилась, тема армии перестала особо интересовать публику на несколько лет, и Барби оставила свои милитаристские замашки вплоть до 2000 года, когда армейская тема опять оказалась у всех на устах в связи с иракскими событиями. ""Маттел"" немедленно произвела на свет ""Барби-Паратрупера"" в комплекте с аптечкой первой помощи (Барби и Кен - паратруперы продаются в коробках, на задней стенке которых изображены... барханы). Другой пример: в 1992 году из-за обилия женщин, баллотирующихся на государственные посты, пресса заговорила о ""годе женщин"". В том же году мы получили ""Барби-Кандидата-в-президенты"", чей деловой костюм ""одним движением руки"" превращался в вечернее платье со звездами и полосами. Нам сообщалось, что ""Барби отправляется на инаугурационный бал"". Подобную же оперативность ""Маттел"" демонстрирует в 1994 году. Тогда был принят билль о гендерном равенстве в образовании и американское правительство сформулировало позицию, требующую поощрять в девушках интерес к разнообразию в выборе карьеры, в частности - к математике, естественным наукам и тому подобным ""мальчиковым"" сферам деятельности. ""Маттел"" немедленно выпустила целых пять профессиональных Барби: командир летного эскадрона, астронавт, педиатр, ветеринар и пожарник, профессии, по большей части традиционно занимаемые мужчинами. И все-таки проявления доброй воли в чистом виде было недостаточно: существовало слишком много желающих обвинять Барби во всех смертных грехах и, в частности, в проблемах, связанных с социальным статусом женщины. На слишком широкие плечи этой\n\nкуклы со слишком узкой талией возлагали ответственность за неврозы, связанные с восприятием собственной внешности, за женский консюмеризм, одновременно за сексуальную распущенность и сексуальную неудовлетворенность женщин, за то, что мужчины видят в блондинках безмозглых бимбо, и за прочие женские беды и напасти. После того как в 1998 году компания сделала Барби чуть более реалистичной, несколько расширив талию и уменьшив грудь куклы, пришло время еще раз сделать заявку насчет готовности Барби учить девочек прогрессивным идеалам. В 1999 году ""Маттел"" сделала огромную кампанию за пропаганду нового имиджа куклы. Кампания называлась: ""Be anything"". ""Маттел"" подписала контракт с компанией Girls Incorporated, прежде называвшейся ""Girls Club of America"" - крупнейшей организацией для девочек в США (следом за ней по численности участниц идет правильно! - Клуб Любительниц Барби). С этого момента, заявила ""Маттел"", ""все усилия будут сосредоточены не на куклах, а на самих девочках"". Рекламы демонстрировали, что девочка может стать хоккейным вратарем, игроком в теннис, астронавтом, компьютерным инженером словом, фактически кем угодно. Разъяренные феминистки обвинили Girls Incorporated в продажности: мол, всегда было известно, что Барби только притворяется карьерной куклой, а на самом деле торгует консюмеризмом и консервативностью в то время, как Girls Incorporated изначально заявляла, что намерена настраивать девочек на свободу выбора и на осознание своего права заниматься любым делом по своему вкусу. Я помню публикации, в которых противницы союза ""Маттел"" и GI с горечью писали: ""Нет лучшего способа победить своего врага, чем подкупить его"". Так или иначе союз возник. С этого момента ""Маттел"" продвигала как бы не кукол, а новые ценности: право мечтать о достижениях, право играть в любые игры и побеждать. Совместно две\n\nдевичьих организации проводили акции по профессиональному ориентированию, телешоу, круглые столы. ""Маттел"" выпустила новую игровую серию кукол под названием: ""I can be"" - целых шесть карьерных кукол в один год. В этой серии появилась - ""Барби-Пилот"", опять ""Барби-Working-Woman"" (с ноутбуком, мобильным телефоном и неопределимой сферой деятельности), ""Барби-Учительница-языка-жестов"" (со сгибающимися пальчиками), ""Барби-Футболистка"", ""Барби-Сыщик"" и ""Барби-Игрок-в-бейсбол-из-высшей-лиги"". Правда, в этом же году были выпущены на заказ ""Барби-Официантка"" (для компании ""Кока-Кола"") и ""Барби-Косметолог"" (для компании ""Эйвон""). В 2000 году серия продолжилась; появилась ""Барби-Педиатр"", ""Барби-Учительницавождения"" и ""Барби-Учительница рисования"". Но самым интересным дополнением к карьерной линии ""Маттел"" стала ""Барби-Президент-США"", если верить рекламному плакату, ""готовая приступить к работе в Овальном офисе"". В свете близящихся президентских выборов кукла раскупалась на ура. Последний на сегодняшний день карьерный рывок Барби совершила в 2002 году. С тех пор никакого особого интереса в профессиональной деятельности у этой куклы не наблюдалось. С тех пор появилась только одна Барби, которую можно было бы причислить к профессиональным: в 2004 году ""Маттел"" выпустила в серии ""Happy family"" Барби под названием ""Baby Doctor"" - короче говоря, специалист по неонатальной медицине. Ей предстояло возиться с новорожденным младенцем подруги Мидж. На официальном сайте Барби существует трудно находимый раздел ""I can be"", так или иначе посвященный будущим карьерным занятиям девочек. Здесь предлагается пять вариантов профессий: врач, художник, учитель рисования, балерина и фигуристка как видим, ничего радикального. Сторонницы билля о гендерном равенстве в образовании имеют полное право\n\nупрекать Барби в ограниченности и консервативности: здесь нет профессий хакера, архитектора, машиниста и финансового аналитика. Но в то же время профессии, присутствующие в списке на сайте, во-первых, требуют серьезного труда, а во-вторых, связаны с творческим самовыражением. Правда, в этом списке, как в психометрическом тесте, вызывает подозрение слово ""доктор"" - оно кажется лишним в ряду и, видимо, является очередным примером защитного буфера. Впрочем, если смотреть на более или менее полный список профессий Барби за все годы ее существования, то в целом невозможно упрекнуть ее в потакании сугубо женским занятиям, особенно в последнее время. Мажоретка и чирлидер могут вызвать возмущение у тех, для кого эти занятия сами по себе ассоциируются с тупоголовыми блондинками, но в целом традиционные упреки в адрес Барби сейчас кажутся мне несколько необоснованными. Если что-то и вызывает у меня неприязнь, то это, скорее, не выбор кукольных профессий как таковой, а то, как все эти профессии подаются. Тут ситуация похожа на уже рассмотренную ситуацию с деньгами: совершенно непонятно, откуда что берется. Создается такое впечатление, что Барби приобретает новые профессии так же, как она приобретает новые машины - по щучьему велению, по своему хотению. Она не знает не только трудностей, связанных с получением той или иной профессии, но и трудностей, связанных с профессиональной практикой. В ее деятельности нет элементов труда или усталости. В любом из ее занятий вообще нет отрицательных или неприятных сторон. Начинает казаться, что доктор Барби никогда в жизни не видела ни крови, ни смерти, а Барби-следователь напоминает Айс Вентуру - сыщика по делам домашних животных, а не реального следователя, постоянно имеющего дело с самыми неприглядными сторонами\n\nжизни. Когда я узнала, что ""Маттел"" выпустила Барбипалеонтолога, во мне затеплилась надежда: в конце концов, вот уж профессия, в которой основные аксессуары - пыль да кости. Но выяснилось, что Барби в роли исследователя прошлого выкапывает из земли не окаменелости и не останки мертвых животных, а целых разноцветных динозавриков. В общем, о Барби как об инструменте профессионального ориентирования не может быть и речи, что бы ""Маттел"" ни говорила. Нигде, никогда, никаким образом нам не рассказывают о причинах, по которым Барби выбирает ту или иную карьеру. Нам обычно не говорят о талантах или наклонностях, которыми надо обладать для выполнения тех или иных профессиональных обязанностей, не описывают путь, который необходимо пройти для получения соответствующих навыков. Нам не рассказывают о том, как устроены трудовые будни того же дантиста, или палеонтолога, или даже редактора модного журнала. Типичная сцена из журнальчиков про Барби - Барбидоктор держит за ручку очередного пациента, который благодарит ее не за лечение, связанное, как уже было сказано, с неприятными процедурами, а за добрый совет по поводу сохранения и без того прекрасного здоровья. Так что о профессиональном ориентировании речь не идет - максимум речь идет о некотором условном и очень поверхностном стимулировании интереса к той или иной профессии. Впрочем, меня не оставляет ощущение, что и этого более чем достаточно. Все карьерные Барби делаются, как уже говорилось, не для самих девочек, а для их родителей. Девочки хотят играть в принцесс или в вечеринки и переодевать своих кукол из одной одежки в другую. Если у их мам и пап становится легче на душе от присутствия в наборе некоего подобия зеленой формы хирурга или строгой полицейской униформы, ""Маттел""\n\nготова производить и промотировать такие вариации куклы. Каждая из них стоит от 10 до 25 долларов, и если родители, озабоченные будущим девочки, подарят ей на Новый год Барби-палеонтолога, это будет лучше, чем если озабоченные ее будущим родители не подарят своей дочери ни единой Барби вообще. И в этом аспекте, как и во всех остальных, мир Барби создается исключительно по запросам и требованиям мира вокруг Барби.\n\nЧасть третья\n\nМИР ВОКРУГ БАРБИ | Горалик · Полая женщина · глава 9: Глава девятая. Девушки могут все: занятия и профессии Барби\n\nИсточник: Линор Горалик, «Полая женщина: Мир Барби изнутри и снаружи» (НЛО, 2005).\n\nГлава девятая\n\nДЕВУШКИ МОГУТ ВСЕ: ЗАНЯТИЯ И ПРОФЕССИИ БАРБИ\n\nТо, как Барби проводит время, невольно заставляет думать о серьезных психологических проблемах этой юной девушки, впрочем частично объясняющихся отсутствием у нее добрых и любящих родителей. Барби испытывает мучительную потребность во внешней\n\nоценке и внешнем одобрении, что постоянно толкает ее на все новые и новые социальные и карьерные достижения. Она фантастически, невыносимо экстравертна и явно не способна хоть на пять минут остаться одна. О времяпрепровождении Барби мы узнаем из описания новых выходящих на рынок моделей, ""Барбикниг"" и посвященных этой кукле журналов. Удивительным образом бесконечная череда вечеринок, туристических поездок и походов в кафе с друзьями не помешала Барби освоить более семи десятков профессий за последние сорок шесть лет. Составить полный список всех карьерных достижений Барби практически невозможно: довольно большое количество таких моделей было выпущено ""Маттел"" не для общего рынка, а для каких-нибудь крупных торговых марок или для сетей универсальных магазинов. Например, существовала Барби - продавщица кока-колы, сделанная соответственно по заказу корпорации ""Кока-Кола"", и Барби распространительница продуктов компании Avon, сделанная по заказу Avon Cosmetics. Особая Барби была произведена ""Маттел"" к юбилею сети игрушечных магазинов ""Toys Are Us"", специально разработанная маленькая Барби продавалась в ""Макдоналдсе"" - словом, примеров хватает Все ""профессиональные"" Барби принадлежат игровой линии Если я не ошибаюсь, карьерные Барби никогда не выпускались в коллекционных сериях, кроме нескольких куколок в серии ""Silkstone"", скажем, ""БарбиРедактор-раздела-моды"" и ""Кен-Инсайдер-моднойиндустрии"". Помню, что мой собственный вопрос о коллекционных Барби-""профессионалках"" не вызвал энтузиазма на форуме собирателей куклы. Я готова предположить, что дело здесь не только в том и даже далеко не в том, что для профессиональной Барби невозможно создать роскошный наряд, - в конце концов\n\nБоб Мэки наверняка прекрасно одел бы ""БарбиУкротительницу-львов"" или ""Барби-Флориста"". Просто профессиональная Барби, видимо, не очень интересует взрослых коллекционеров, потому что им за глаза и за уши хватает собственной профессиональной деятельности. Они, я полагаю, не видят особой радости в том, чтобы тащить домой куклу-бизнесмена или куклуврача. Но гораздо больше нам говорит тот факт, что в ""профессиональных"" Барби не слишком заинтересованы не только взрослые, но и дети. Дети вообще редко играют в конкретные профессии, кроме знаменитой игры в доктора, которая, как известно, преследует цели, далекие от профориентации. Бывают, конечно, игры в спасателей, пожарников или милицию и воров, но и здесь, как мы все понимаем, о развитии вкуса к будущей профессии речь не идет. Иногда дети играют в профессии, которыми занимаются их родители, самым поверхностным образом имитируя известные им элементы этих профессий с целью отыграть те или иные жизненные ситуации. Мне трудно представить себе, что мои собственные племянники ни с того ни с сего устроят серьезную и целенаправленную игру в палеонтологов или программистов. Игра в ветеринара может иметь тяжелые последствия для кошки и вряд ли напрямую связана с желанием как следует понять основы этой благородной профессии. Девочки предаются ""профессиональным"" играм еще реже, чем мальчики. Я рискну предположить, что большинство девочек предпочтет получить в подарок ""Барби-Принцессу"", ""Барби-День-рождения"", ""Барбиидет-на-пляж"" или ""Барби-катается-на-роликовыхконьках"", а не ""Барби-Дантиста"" или ""Барби-Бизнеследи"". Не сомневаюсь, что компания ""Маттел"" прекрасно это понимает, - и все-таки выпускать карьерных Барби ей приходится постоянно. Такое упорство вызвано отнюдь не запросом рынка, то есть не желанием маленьких\n\nдевочек приобрести ""Барби-Палеонтолога"" или ""БарбиСтюардессу"", а социальным давлением, постоянно оказываемым на ""Маттел"" со стороны прессы и родителей. Если бы Барби не занималась чем-нибудь трудоемким и престижным для зарабатывания собственного хлеба, ""Маттел"" было бы гораздо труднее отражать атаки, связанные с консюмеризмом куклы и с ее навязчивой привычкой следовать моде; кроме того, было бы гораздо сложнее говорить о позитивном влиянии Барби в деле воспитания молодого поколения. В целом ряде случаев ""Маттел"" выдвигает эти вариации своей модной куколки вперед на манер щита. Одна умная, но скучно одетая Барби защищает целую плеяду своих красивых, расфуфыренных и легкомысленных сестер. Именно давление со стороны родителей, феминисток, педагогов и прессы заставляет ""Маттел"" постоянно прилагать большие усилия для того, чтобы взгляды Барби на работу и карьеру можно было считать передовыми и даже опережающими время. Любимый пример, приводимый компанией каждый раз, когда речь заходит о карьерных достижениях их куклы, - ""Барби-Астронавт"" производства 1965 года, ""полетевшая в космос задолго до того, как первая женщина действительно ступила на борт космического корабля"". Однако других особо ярких примеров такого рода у компании ""Маттел"" нет. Я с большим удовольствием потратила несколько дней, накладывая хронологию карьерного развития Барби на историю женского движения и в особенности на историю борьбы женщин за карьерное равноправие с 1959 года - года выпуска Барби и по сегодняшний день. Такое сравнение позволяет увидеть, что в плане карьеры Барби действует фактически так же, как она действует в плане моды, т.е. оказывается не лидером-провозвестником новых тенденций, а их легитимизатором и в некоторой мере барометром происходящего. Можно быть твердо уверенным, что если\n\nБарби начала развивать деятельность на том или ином поприще, то поприще это уже некоторое время надежно существует в качестве игровой площадки для женщин в реальном мире. Скажем, в 1956 году, т.е. в том году, когда Хендлер изобрела Барби (ей, как мы помним, потребовалось три года, чтобы уговорить своих партнеров начать выпускать куклу), журнал ""Life"" назвал ""идеалом американской женщины"" тридцатидвухлетнюю мать четверых детей, естественно, нигде не работающую. Однако за три года, прошедшие до выхода Барби на рынок, реальность сильно изменилась. Именно тогда, в конце 50-х, поднялась так называемая ""вторая волна женского движения"" (первую относят к 20 - 30-м годам прошлого века). Новые борцы за права женщин требовали уже не таких базовых вещей, как право голосования, посещения любых общественных заведений и осуществления финансовых операций, но подлинного равенства женщин и мужчин в самых разных областях деятельности. Крах американской мечты 50-х привел к тому, что все больше и больше женщин стали занимать рабочие места, до сих пор отводившиеся в основном мужчинам. Для семьи все существеннее становился заработок жены, превратившийся в полновесную составляющую семейного бюджета. К началу 60-х новые феминистки Америки смогли составить общее представление о ситуации с женским трудом в США. Ситуация была аховой: там, где мужчина получал за свою работу доллар, женщина получала за ту же работу 63 цента. В результате схлопывания военной индустрии женщины теряли места на фабриках и заводах, а частный сектор, переставший испытывать недостаток мужских рук, всегда предпочитал взять на вакантное место мужчину, а не женщину, - пусть мужчине и приходилось платить больше. В газетах объявлений сообщения о поиске работников были разделены на две категории: ""Женщины"" и ""Мужчины"". Только два процента\n\nпредставителей интеллектуальных профессий - врачей, адвокатов, судей, дантистов, инженеров, архитекторов были женщинами. Подавляющее большинство престижных университетов не допускало женщин на значительную часть факультетов или имело жесткую квоту: иногда 1 женщина на 50 абитуриентов. Все эти факторы определили направление нового витка борьбы за права женщин - это была борьба за равенство на рабочих местах. В 1959 - 1960 годах тема ""Женщины и карьера"" была одной из самых дебатируемых в прессе. Выходила масса статей ""за"" и ""против"" работающих женщин. Представительницы разных профессий шумно спорили в популярных ток-шоу с мужчинами, отстаивающими семейные ценности. Именно тогда впервые проявилась интересная тенденция, определявшая развитие карьеры Барби в течении как минимум трех десятилетий: ее профессиональные достижения всегда были связаны не так с конкретным положением дел на рынке женского труда и даже не так с какими-нибудь специфическими событиями позитивного и негативного толка в этой области, как с шумихой, возникающей вокруг тех или иных аспектов темы. Скажем, в 1960 году ""Маттел"" выпустила Busy Girl Barbie. Считалось, что она ""дизайнер моды"", т.е., с одной стороны, женщина как бы работающая и как бы занимающаяся креативной профессией, но в то же время никоим образом не преступающая границы традиционных женских занятий (как известно, мужчины-кутюрье стали довольно поздним приобретением XX века). До этого момента Барби существовала в совсем немногих вариациях: исходная Барби 1959 года была фотомоделью, у нее был купальник, свадебное платье, костюм балерины и еще один наряд для свободного времяпрепровождения. Однако Busy Girl сильно отличалась от предыдущих вариаций: на ней был твидовый костюм, длинные перчатки и строгая шапочка. По большому счету девочки\n\nмогли видеть в ней собственных мам - благо работающих мам именно в конце 50-х - начале 60-х стало больше, чем когда-либо в истории. Никаких особых аксессуаров у этой Барби не было. Если верить данным, опубликованным Национальной организацией женщин Америки, в начале 60-х очень и очень многие женщины зарабатывали себе на жизнь тяжелым физическим трудом, они были механиками, электриками, водителями автобусов и даже шахтерами. Но рабочая девушка Барби, естественно, не намеревалась надевать каску и рабочую куртку. Я не знаю, так ли одевались в те годы дизайнеры моды, но твидовый костюм, маленькая шапочка и длинные перчатки были фактически униформой девушек из хороших семей, желающих заняться чем-нибудь полезным, пока им не попадется подходящий кандидат в мужья. Так могла выглядеть любая секретарша, машинистка, переписчица, в лучшем случае учительница. Эта первая ""деловая Барби"" фактически заложила основу всей будущей карьеры Барби. И действительно, Барби всегда приобретала только профессии представительниц среднего класса, никогда не занималась физическим трудом и не бралась за плохо оплачиваемые профессии. Рынок вполне оправдывает такой подход: родители девочек из среднего класса видят такие профессии в качестве основных, а родители девочек из более бедных слоев населения видят в этих профессиях хорошие ориентиры. Busy Girl Barbie стала первой в череде бесконечных Барби - бизнес-леди, повторяющихся из года в год с разными аксессуарами и под разными названиями: Business Girl, Busy Woman, Business Executive, Working Girl, Office Barbie и т.д. Чем занимаются эти Барби, ""Маттел"" не уточняет, но так или иначе они демонстрируют некоторую четкую позицию: женщина может добиться высоких постов, а карьера - это классно и престижно.\n\nНовые карьерные вариации Барби, как уже было сказано, возникали тогда, когда общественность начинала муссировать тему рабочего статуса женщины, и исчезали, как только эту тему можно было начать игнорировать. Здесь сказался один из главных маркетинговых талантов ""Маттел"" - талант использовать конъюнктуру, запрыгивать на волну обсуждаемой модной темы и соскакивать с нее, когда волна начинает идти на убыль. Профессиональная деятельность Барби развивалась ровно по тем же законам. В 1961 году Элеонора Рузвельт встала во главе Комиссии по вопросам статуса женщин при правительстве Кеннеди. Этот факт наделал много шума, и в том же году Барби получила профессии дипломированной медсестры и стюардессы. В 1963 году комиссия Рузвельта после двух лет исследований опубликовала доклад о дискриминации женщин на рабочих местах, породив целую волну дебатов о допустимых и недопустимых профессиях для представительниц слабого пола. Публикуется Equal Pay Act - речь идет о том, что мужчины и женщины, занимающие одни и те же должности, должны получать равные зарплаты. В том же году ""Маттел"" выпускает Business Woman Barbie (она же называлась Career Girl Barbie). Через год к биллю о гражданских правах добавляется Седьмой параграф - ""против дискриминации при приеме на работу"". Он включает в себя запрет на дискриминацию по половому признаку, но ситуация остается двойственной: ни билль, ни новую поправку невозможно ратифицировать на местах, поскольку фактически отсутствует механизм контроля, заставляющий работодателя соблюдать навязанные ему правила. Женщины, борющиеся за равноправие на рабочих местах, становятся объектом постоянных насмешек и карикатур в прессе. Таким образом, тема существует, но однозначное отношение к ней не выработано. В результате в 1964 и 1965 годах Барби\n\nполучает целый ряд новых профессий, но все они носят очень осторожный и традиционный характер, а некоторые, по понятиям феминисток, заслуживают осуждения. Так, с одной стороны, Барби оказывается космонавтом (что, скорее, объясняется бешеным интересом к теме космоса), с другой - Барби оказывается чирлидером, мажореткой, редактором модного журнала, фотографом моды, учительницей географии и актрисой. В 1966 году она получает еще одну суперженскую профессию - стюардессы в ""Пан-Американ"". До 1972 года никаких особых крупных событий в борьбе женщин за право на свободную карьеру не происходит, и - сюрприз! - ""карьерные"" Барби исчезают. Но в 1972-м году все снова меняется: Конгресс утверждает Девятый параграф Образовательного кодекса - параграф о равных правах на образование. Кроме того, проводится запрет на сегрегированные объявления о найме рабочей силы теперь все объявления должны печататься без специфического указания на предназначение должности для женщин или для мужчин. Девятый параграф означает, что учебные заведения должны отменить квоту на поступление для женщин и отменить запрет принимать женщин на те или иные факультеты. Соответственно, огромное количество представительниц ОтнынеСильного Пола подают заявки на изучение медицины или юриспруденции. Опять бум в прессе, и ""Маттел"" выпускает ""Барби-Хирурга"", очередной раз продемонстрировав свое поразительное умение держать нос по ветру. С 1973 по 1978 год, т.е. на протяжении пяти лет, Барби фактически не занимается своей карьерой - она отдает все свои силы спорту. Говоря конкретно, Барби становится олимпийской чемпионкой: к олимпиаде 1975 года ""Маттел"" выпускает ""Барби-Золотую-медалистку"", ""Барби-Лыжницу"", ""Барби-Конькобежца"" и ""БарбиПловчиху"" - все они выходят в серии ""Олимпийская\n\nБарби"". Однако в 1977 году тема ""женщины и профессия"" возвращается в большой мир: Национальная женская конференция в Техасе собирает невероятное количество участников - 20 тысяч. Тут же на свет появляется ""Барби с утра и до вечера"" (Day & Night Barbie), которую представляют как business executive - ""ответственного руководителя"". Эта же модель перерождается спустя семь лет, в 1985 году, в Business Executive Barbie. С этого момента карьерный рост Барби становится практически непрерывным. Дело в том, что 80-е стали годами окончательной победы деловых женщин. Многочисленные нововведения, облегчающие уход за детьми, социальные структуры, позволяющие матерям работать полный день, нарушение семейных сценариев, в результате которых распад брака становится обыденной ситуацией, что заставляет мать-одиночку постоянно работать с целью обеспечить себя и своих детей, плюс плохо соблюдающаяся, но все же существующая правовая основа, создающая равные условия для работающих женщин и мужчин, - все это окончательно формирует ситуацию, в которой работа становится совершенно неотъемлемой частью жизни женщин. Золотая девочка компании ""Маттел"" тоже берется за ум. С этого момента мы получаем хотя бы одну ""карьерную"" Барби едва ли не каждый год. Например, для женщин все чаще открываются вакансии, раньше доступные только мужчинам, и в конце 80-х - начале 90-х годов телевидение начинает создавать моду на женщинвоенных и женщин-полицейских. Это карьерное направление становится постоянным в мире Барби: оно тем выгоднее для ""Маттел"", что позволяет подчеркнуть патриотизм куклы. В 1989 году выпускается первая Барби в стиле милитари - так называемая Army Barbie. С 1990 года ее военная и полицейская карьера обретает конкретику: мы получаем капитана военно-воздушных сил, в 1991 году - офицера флота, в 1993 году -\n\nодновременно военврача и полицейского, в 1994 году командира летного эскадрона. Причина: огромный интерес общественности к теме армии, вызванный войной в Персидском заливе и ее последствиями. Потом война закончилась, тема армии перестала особо интересовать публику на несколько лет, и Барби оставила свои милитаристские замашки вплоть до 2000 года, когда армейская тема опять оказалась у всех на устах в связи с иракскими событиями. ""Маттел"" немедленно произвела на свет ""Барби-Паратрупера"" в комплекте с аптечкой первой помощи (Барби и Кен - паратруперы продаются в коробках, на задней стенке которых изображены... барханы). Другой пример: в 1992 году из-за обилия женщин, баллотирующихся на государственные посты, пресса заговорила о ""годе женщин"". В том же году мы получили ""Барби-Кандидата-в-президенты"", чей деловой костюм ""одним движением руки"" превращался в вечернее платье со звездами и полосами. Нам сообщалось, что ""Барби отправляется на инаугурационный бал"". Подобную же оперативность ""Маттел"" демонстрирует в 1994 году. Тогда был принят билль о гендерном равенстве в образовании и американское правительство сформулировало позицию, требующую поощрять в девушках интерес к разнообразию в выборе карьеры, в частности - к математике, естественным наукам и тому подобным ""мальчиковым"" сферам деятельности. ""Маттел"" немедленно выпустила целых пять профессиональных Барби: командир летного эскадрона, астронавт, педиатр, ветеринар и пожарник, профессии, по большей части традиционно занимаемые мужчинами. И все-таки проявления доброй воли в чистом виде было недостаточно: существовало слишком много желающих обвинять Барби во всех смертных грехах и, в частности, в проблемах, связанных с социальным статусом женщины. На слишком широкие плечи этой\n\nкуклы со слишком узкой талией возлагали ответственность за неврозы, связанные с восприятием собственной внешности, за женский консюмеризм, одновременно за сексуальную распущенность и сексуальную неудовлетворенность женщин, за то, что мужчины видят в блондинках безмозглых бимбо, и за прочие женские беды и напасти. После того как в 1998 году компания сделала Барби чуть более реалистичной, несколько расширив талию и уменьшив грудь куклы, пришло время еще раз сделать заявку насчет готовности Барби учить девочек прогрессивным идеалам. В 1999 году ""Маттел"" сделала огромную кампанию за пропаганду нового имиджа куклы. Кампания называлась: ""Be anything"". ""Маттел"" подписала контракт с компанией Girls Incorporated, прежде называвшейся ""Girls Club of America"" - крупнейшей организацией для девочек в США (следом за ней по численности участниц идет правильно! - Клуб Любительниц Барби). С этого момента, заявила ""Маттел"", ""все усилия будут сосредоточены не на куклах, а на самих девочках"". Рекламы демонстрировали, что девочка может стать хоккейным вратарем, игроком в теннис, астронавтом, компьютерным инженером словом, фактически кем угодно. Разъяренные феминистки обвинили Girls Incorporated в продажности: мол, всегда было известно, что Барби только притворяется карьерной куклой, а на самом деле торгует консюмеризмом и консервативностью в то время, как Girls Incorporated изначально заявляла, что намерена настраивать девочек на свободу выбора и на осознание своего права заниматься любым делом по своему вкусу. Я помню публикации, в которых противницы союза ""Маттел"" и GI с горечью писали: ""Нет лучшего способа победить своего врага, чем подкупить его"". Так или иначе союз возник. С этого момента ""Маттел"" продвигала как бы не кукол, а новые ценности: право мечтать о достижениях, право играть в любые игры и побеждать. Совместно две\n\nдевичьих организации проводили акции по профессиональному ориентированию, телешоу, круглые столы. ""Маттел"" выпустила новую игровую серию кукол под названием: ""I can be"" - целых шесть карьерных кукол в один год. В этой серии появилась - ""Барби-Пилот"", опять ""Барби-Working-Woman"" (с ноутбуком, мобильным телефоном и неопределимой сферой деятельности), ""Барби-Учительница-языка-жестов"" (со сгибающимися пальчиками), ""Барби-Футболистка"", ""Барби-Сыщик"" и ""Барби-Игрок-в-бейсбол-из-высшей-лиги"". Правда, в этом же году были выпущены на заказ ""Барби-Официантка"" (для компании ""Кока-Кола"") и ""Барби-Косметолог"" (для компании ""Эйвон""). В 2000 году серия продолжилась; появилась ""Барби-Педиатр"", ""Барби-Учительницавождения"" и ""Барби-Учительница рисования"". Но самым интересным дополнением к карьерной линии ""Маттел"" стала ""Барби-Президент-США"", если верить рекламному плакату, ""готовая приступить к работе в Овальном офисе"". В свете близящихся президентских выборов кукла раскупалась на ура. Последний на сегодняшний день карьерный рывок Барби совершила в 2002 году. С тех пор никакого особого интереса в профессиональной деятельности у этой куклы не наблюдалось. С тех пор появилась только одна Барби, которую можно было бы причислить к профессиональным: в 2004 году ""Маттел"" выпустила в серии ""Happy family"" Барби под названием ""Baby Doctor"" - короче говоря, специалист по неонатальной медицине. Ей предстояло возиться с новорожденным младенцем подруги Мидж. На официальном сайте Барби существует трудно находимый раздел ""I can be"", так или иначе посвященный будущим карьерным занятиям девочек. Здесь предлагается пять вариантов профессий: врач, художник, учитель рисования, балерина и фигуристка как видим, ничего радикального. Сторонницы билля о гендерном равенстве в образовании имеют полное право\n\nупрекать Барби в ограниченности и консервативности: здесь нет профессий хакера, архитектора, машиниста и финансового аналитика. Но в то же время профессии, присутствующие в списке на сайте, во-первых, требуют серьезного труда, а во-вторых, связаны с творческим самовыражением. Правда, в этом списке, как в психометрическом тесте, вызывает подозрение слово ""доктор"" - оно кажется лишним в ряду и, видимо, является очередным примером защитного буфера. Впрочем, если смотреть на более или менее полный список профессий Барби за все годы ее существования, то в целом невозможно упрекнуть ее в потакании сугубо женским занятиям, особенно в последнее время. Мажоретка и чирлидер могут вызвать возмущение у тех, для кого эти занятия сами по себе ассоциируются с тупоголовыми блондинками, но в целом традиционные упреки в адрес Барби сейчас кажутся мне несколько необоснованными. Если что-то и вызывает у меня неприязнь, то это, скорее, не выбор кукольных профессий как таковой, а то, как все эти профессии подаются. Тут ситуация похожа на уже рассмотренную ситуацию с деньгами: совершенно непонятно, откуда что берется. Создается такое впечатление, что Барби приобретает новые профессии так же, как она приобретает новые машины - по щучьему велению, по своему хотению. Она не знает не только трудностей, связанных с получением той или иной профессии, но и трудностей, связанных с профессиональной практикой. В ее деятельности нет элементов труда или усталости. В любом из ее занятий вообще нет отрицательных или неприятных сторон. Начинает казаться, что доктор Барби никогда в жизни не видела ни крови, ни смерти, а Барби-следователь напоминает Айс Вентуру - сыщика по делам домашних животных, а не реального следователя, постоянно имеющего дело с самыми неприглядными сторонами\n\nжизни. Когда я узнала, что ""Маттел"" выпустила Барбипалеонтолога, во мне затеплилась надежда: в конце концов, вот уж профессия, в которой основные аксессуары - пыль да кости. Но выяснилось, что Барби в роли исследователя прошлого выкапывает из земли не окаменелости и не останки мертвых животных, а целых разноцветных динозавриков. В общем, о Барби как об инструменте профессионального ориентирования не может быть и речи, что бы ""Маттел"" ни говорила. Нигде, никогда, никаким образом нам не рассказывают о причинах, по которым Барби выбирает ту или иную карьеру. Нам обычно не говорят о талантах или наклонностях, которыми надо обладать для выполнения тех или иных профессиональных обязанностей, не описывают путь, который необходимо пройти для получения соответствующих навыков. Нам не рассказывают о том, как устроены трудовые будни того же дантиста, или палеонтолога, или даже редактора модного журнала. Типичная сцена из журнальчиков про Барби - Барбидоктор держит за ручку очередного пациента, который благодарит ее не за лечение, связанное, как уже было сказано, с неприятными процедурами, а за добрый совет по поводу сохранения и без того прекрасного здоровья. Так что о профессиональном ориентировании речь не идет - максимум речь идет о некотором условном и очень поверхностном стимулировании интереса к той или иной профессии. Впрочем, меня не оставляет ощущение, что и этого более чем достаточно. Все карьерные Барби делаются, как уже говорилось, не для самих девочек, а для их родителей. Девочки хотят играть в принцесс или в вечеринки и переодевать своих кукол из одной одежки в другую. Если у их мам и пап становится легче на душе от присутствия в наборе некоего подобия зеленой формы хирурга или строгой полицейской униформы, ""Маттел""\n\nготова производить и промотировать такие вариации куклы. Каждая из них стоит от 10 до 25 долларов, и если родители, озабоченные будущим девочки, подарят ей на Новый год Барби-палеонтолога, это будет лучше, чем если озабоченные ее будущим родители не подарят своей дочери ни единой Барби вообще. И в этом аспекте, как и во всех остальных, мир Барби создается исключительно по запросам и требованиям мира вокруг Барби.\n\nЧасть третья\n\nМИР ВОКРУГ БАРБИ\n\nПЕРВИЧНЫЙ ТЕКСТ ИСТОЧНИКА:\nГлава девятая. Девушки могут все: занятия и профессии Барби\n\nИсточник: Линор Горалик, «Полая женщина: Мир Барби изнутри и снаружи» (НЛО, 2005).\n\nГлава девятая\n\nДЕВУШКИ МОГУТ ВСЕ: ЗАНЯТИЯ И ПРОФЕССИИ БАРБИ\n\nТо, как Барби проводит время, невольно заставляет думать о серьезных психологических проблемах этой юной девушки, впрочем частично объясняющихся отсутствием у нее добрых и любящих родителей. Барби испытывает мучительную потребность во внешней\n\nоценке и внешнем одобрении, что постоянно толкает ее на все новые и новые социальные и карьерные достижения. Она фантастически, невыносимо экстравертна и явно не способна хоть на пять минут остаться одна. О времяпрепровождении Барби мы узнаем из описания новых выходящих на рынок моделей, ""Барбикниг"" и посвященных этой кукле журналов. Удивительным образом бесконечная череда вечеринок, туристических поездок и походов в кафе с друзьями не помешала Барби освоить более семи десятков профессий за последние сорок шесть лет. Составить полный список всех карьерных достижений Барби практически невозможно: довольно большое количество таких моделей было выпущено ""Маттел"" не для общего рынка, а для каких-нибудь крупных торговых марок или для сетей универсальных магазинов. Например, существовала Барби - продавщица кока-колы, сделанная соответственно по заказу корпорации ""Кока-Кола"", и Барби распространительница продуктов компании Avon, сделанная по заказу Avon Cosmetics. Особая Барби была произведена ""Маттел"" к юбилею сети игрушечных магазинов ""Toys Are Us"", специально разработанная маленькая Барби продавалась в ""Макдоналдсе"" - словом, примеров хватает Все ""профессиональные"" Барби принадлежат игровой линии Если я не ошибаюсь, карьерные Барби никогда не выпускались в коллекционных сериях, кроме нескольких куколок в серии ""Silkstone"", скажем, ""БарбиРедактор-раздела-моды"" и ""Кен-Инсайдер-моднойиндустрии"". Помню, что мой собственный вопрос о коллекционных Барби-""профессионалках"" не вызвал энтузиазма на форуме собирателей куклы. Я готова предположить, что дело здесь не только в том и даже далеко не в том, что для профессиональной Барби невозможно создать роскошный наряд, - в конце концов\n\nБоб Мэки наверняка прекрасно одел бы ""БарбиУкротительницу-львов"" или ""Барби-Флориста"". Просто профессиональная Барби, видимо, не очень интересует взрослых коллекционеров, потому что им за глаза и за уши хватает собственной профессиональной деятельности. Они, я полагаю, не видят особой радости в том, чтобы тащить домой куклу-бизнесмена или куклуврача. Но гораздо больше нам говорит тот факт, что в ""профессиональных"" Барби не слишком заинтересованы не только взрослые, но и дети. Дети вообще редко играют в конкретные профессии, кроме знаменитой игры в доктора, которая, как известно, преследует цели, далекие от профориентации. Бывают, конечно, игры в спасателей, пожарников или милицию и воров, но и здесь, как мы все понимаем, о развитии вкуса к будущей профессии речь не идет. Иногда дети играют в профессии, которыми занимаются их родители, самым поверхностным образом имитируя известные им элементы этих профессий с целью отыграть те или иные жизненные ситуации. Мне трудно представить себе, что мои собственные племянники ни с того ни с сего устроят серьезную и целенаправленную игру в палеонтологов или программистов. Игра в ветеринара может иметь тяжелые последствия для кошки и вряд ли напрямую связана с желанием как следует понять основы этой благородной профессии. Девочки предаются ""профессиональным"" играм еще реже, чем мальчики. Я рискну предположить, что большинство девочек предпочтет получить в подарок ""Барби-Принцессу"", ""Барби-День-рождения"", ""Барбиидет-на-пляж"" или ""Барби-катается-на-роликовыхконьках"", а не ""Барби-Дантиста"" или ""Барби-Бизнеследи"". Не сомневаюсь, что компания ""Маттел"" прекрасно это понимает, - и все-таки выпускать карьерных Барби ей приходится постоянно. Такое упорство вызвано отнюдь не запросом рынка, то есть не желанием маленьких\n\nдевочек приобрести ""Барби-Палеонтолога"" или ""БарбиСтюардессу"", а социальным давлением, постоянно оказываемым на ""Маттел"" со стороны прессы и родителей. Если бы Барби не занималась чем-нибудь трудоемким и престижным для зарабатывания собственного хлеба, ""Маттел"" было бы гораздо труднее отражать атаки, связанные с консюмеризмом куклы и с ее навязчивой привычкой следовать моде; кроме того, было бы гораздо сложнее говорить о позитивном влиянии Барби в деле воспитания молодого поколения. В целом ряде случаев ""Маттел"" выдвигает эти вариации своей модной куколки вперед на манер щита. Одна умная, но скучно одетая Барби защищает целую плеяду своих красивых, расфуфыренных и легкомысленных сестер. Именно давление со стороны родителей, феминисток, педагогов и прессы заставляет ""Маттел"" постоянно прилагать большие усилия для того, чтобы взгляды Барби на работу и карьеру можно было считать передовыми и даже опережающими время. Любимый пример, приводимый компанией каждый раз, когда речь заходит о карьерных достижениях их куклы, - ""Барби-Астронавт"" производства 1965 года, ""полетевшая в космос задолго до того, как первая женщина действительно ступила на борт космического корабля"". Однако других особо ярких примеров такого рода у компании ""Маттел"" нет. Я с большим удовольствием потратила несколько дней, накладывая хронологию карьерного развития Барби на историю женского движения и в особенности на историю борьбы женщин за карьерное равноправие с 1959 года - года выпуска Барби и по сегодняшний день. Такое сравнение позволяет увидеть, что в плане карьеры Барби действует фактически так же, как она действует в плане моды, т.е. оказывается не лидером-провозвестником новых тенденций, а их легитимизатором и в некоторой мере барометром происходящего. Можно быть твердо уверенным, что если\n\nБарби начала развивать деятельность на том или ином поприще, то поприще это уже некоторое время надежно существует в качестве игровой площадки для женщин в реальном мире. Скажем, в 1956 году, т.е. в том году, когда Хендлер изобрела Барби (ей, как мы помним, потребовалось три года, чтобы уговорить своих партнеров начать выпускать куклу), журнал ""Life"" назвал ""идеалом американской женщины"" тридцатидвухлетнюю мать четверых детей, естественно, нигде не работающую. Однако за три года, прошедшие до выхода Барби на рынок, реальность сильно изменилась. Именно тогда, в конце 50-х, поднялась так называемая ""вторая волна женского движения"" (первую относят к 20 - 30-м годам прошлого века). Новые борцы за права женщин требовали уже не таких базовых вещей, как право голосования, посещения любых общественных заведений и осуществления финансовых операций, но подлинного равенства женщин и мужчин в самых разных областях деятельности. Крах американской мечты 50-х привел к тому, что все больше и больше женщин стали занимать рабочие места, до сих пор отводившиеся в основном мужчинам. Для семьи все существеннее становился заработок жены, превратившийся в полновесную составляющую семейного бюджета. К началу 60-х новые феминистки Америки смогли составить общее представление о ситуации с женским трудом в США. Ситуация была аховой: там, где мужчина получал за свою работу доллар, женщина получала за ту же работу 63 цента. В результате схлопывания военной индустрии женщины теряли места на фабриках и заводах, а частный сектор, переставший испытывать недостаток мужских рук, всегда предпочитал взять на вакантное место мужчину, а не женщину, - пусть мужчине и приходилось платить больше. В газетах объявлений сообщения о поиске работников были разделены на две категории: ""Женщины"" и ""Мужчины"". Только два процента\n\nпредставителей интеллектуальных профессий - врачей, адвокатов, судей, дантистов, инженеров, архитекторов были женщинами. Подавляющее большинство престижных университетов не допускало женщин на значительную часть факультетов или имело жесткую квоту: иногда 1 женщина на 50 абитуриентов. Все эти факторы определили направление нового витка борьбы за права женщин - это была борьба за равенство на рабочих местах. В 1959 - 1960 годах тема ""Женщины и карьера"" была одной из самых дебатируемых в прессе. Выходила масса статей ""за"" и ""против"" работающих женщин. Представительницы разных профессий шумно спорили в популярных ток-шоу с мужчинами, отстаивающими семейные ценности. Именно тогда впервые проявилась интересная тенденция, определявшая развитие карьеры Барби в течении как минимум трех десятилетий: ее профессиональные достижения всегда были связаны не так с конкретным положением дел на рынке женского труда и даже не так с какими-нибудь специфическими событиями позитивного и негативного толка в этой области, как с шумихой, возникающей вокруг тех или иных аспектов темы. Скажем, в 1960 году ""Маттел"" выпустила Busy Girl Barbie. Считалось, что она ""дизайнер моды"", т.е., с одной стороны, женщина как бы работающая и как бы занимающаяся креативной профессией, но в то же время никоим образом не преступающая границы традиционных женских занятий (как известно, мужчины-кутюрье стали довольно поздним приобретением XX века). До этого момента Барби существовала в совсем немногих вариациях: исходная Барби 1959 года была фотомоделью, у нее был купальник, свадебное платье, костюм балерины и еще один наряд для свободного времяпрепровождения. Однако Busy Girl сильно отличалась от предыдущих вариаций: на ней был твидовый костюм, длинные перчатки и строгая шапочка. По большому счету девочки\n\nмогли видеть в ней собственных мам - благо работающих мам именно в конце 50-х - начале 60-х стало больше, чем когда-либо в истории. Никаких особых аксессуаров у этой Барби не было. Если верить данным, опубликованным Национальной организацией женщин Америки, в начале 60-х очень и очень многие женщины зарабатывали себе на жизнь тяжелым физическим трудом, они были механиками, электриками, водителями автобусов и даже шахтерами. Но рабочая девушка Барби, естественно, не намеревалась надевать каску и рабочую куртку. Я не знаю, так ли одевались в те годы дизайнеры моды, но твидовый костюм, маленькая шапочка и длинные перчатки были фактически униформой девушек из хороших семей, желающих заняться чем-нибудь полезным, пока им не попадется подходящий кандидат в мужья. Так могла выглядеть любая секретарша, машинистка, переписчица, в лучшем случае учительница. Эта первая ""деловая Барби"" фактически заложила основу всей будущей карьеры Барби. И действительно, Барби всегда приобретала только профессии представительниц среднего класса, никогда не занималась физическим трудом и не бралась за плохо оплачиваемые профессии. Рынок вполне оправдывает такой подход: родители девочек из среднего класса видят такие профессии в качестве основных, а родители девочек из более бедных слоев населения видят в этих профессиях хорошие ориентиры. Busy Girl Barbie стала первой в череде бесконечных Барби - бизнес-леди, повторяющихся из года в год с разными аксессуарами и под разными названиями: Business Girl, Busy Woman, Business Executive, Working Girl, Office Barbie и т.д. Чем занимаются эти Барби, ""Маттел"" не уточняет, но так или иначе они демонстрируют некоторую четкую позицию: женщина может добиться высоких постов, а карьера - это классно и престижно.\n\nНовые карьерные вариации Барби, как уже было сказано, возникали тогда, когда общественность начинала муссировать тему рабочего статуса женщины, и исчезали, как только эту тему можно было начать игнорировать. Здесь сказался один из главных маркетинговых талантов ""Маттел"" - талант использовать конъюнктуру, запрыгивать на волну обсуждаемой модной темы и соскакивать с нее, когда волна начинает идти на убыль. Профессиональная деятельность Барби развивалась ровно по тем же законам. В 1961 году Элеонора Рузвельт встала во главе Комиссии по вопросам статуса женщин при правительстве Кеннеди. Этот факт наделал много шума, и в том же году Барби получила профессии дипломированной медсестры и стюардессы. В 1963 году комиссия Рузвельта после двух лет исследований опубликовала доклад о дискриминации женщин на рабочих местах, породив целую волну дебатов о допустимых и недопустимых профессиях для представительниц слабого пола. Публикуется Equal Pay Act - речь идет о том, что мужчины и женщины, занимающие одни и те же должности, должны получать равные зарплаты. В том же году ""Маттел"" выпускает Business Woman Barbie (она же называлась Career Girl Barbie). Через год к биллю о гражданских правах добавляется Седьмой параграф - ""против дискриминации при приеме на работу"". Он включает в себя запрет на дискриминацию по половому признаку, но ситуация остается двойственной: ни билль, ни новую поправку невозможно ратифицировать на местах, поскольку фактически отсутствует механизм контроля, заставляющий работодателя соблюдать навязанные ему правила. Женщины, борющиеся за равноправие на рабочих местах, становятся объектом постоянных насмешек и карикатур в прессе. Таким образом, тема существует, но однозначное отношение к ней не выработано. В результате в 1964 и 1965 годах Барби\n\nполучает целый ряд новых профессий, но все они носят очень осторожный и традиционный характер, а некоторые, по понятиям феминисток, заслуживают осуждения. Так, с одной стороны, Барби оказывается космонавтом (что, скорее, объясняется бешеным интересом к теме космоса), с другой - Барби оказывается чирлидером, мажореткой, редактором модного журнала, фотографом моды, учительницей географии и актрисой. В 1966 году она получает еще одну суперженскую профессию - стюардессы в ""Пан-Американ"". До 1972 года никаких особых крупных событий в борьбе женщин за право на свободную карьеру не происходит, и - сюрприз! - ""карьерные"" Барби исчезают. Но в 1972-м году все снова меняется: Конгресс утверждает Девятый параграф Образовательного кодекса - параграф о равных правах на образование. Кроме того, проводится запрет на сегрегированные объявления о найме рабочей силы теперь все объявления должны печататься без специфического указания на предназначение должности для женщин или для мужчин. Девятый параграф означает, что учебные заведения должны отменить квоту на поступление для женщин и отменить запрет принимать женщин на те или иные факультеты. Соответственно, огромное количество представительниц ОтнынеСильного Пола подают заявки на изучение медицины или юриспруденции. Опять бум в прессе, и ""Маттел"" выпускает ""Барби-Хирурга"", очередной раз продемонстрировав свое поразительное умение держать нос по ветру. С 1973 по 1978 год, т.е. на протяжении пяти лет, Барби фактически не занимается своей карьерой - она отдает все свои силы спорту. Говоря конкретно, Барби становится олимпийской чемпионкой: к олимпиаде 1975 года ""Маттел"" выпускает ""Барби-Золотую-медалистку"", ""Барби-Лыжницу"", ""Барби-Конькобежца"" и ""БарбиПловчиху"" - все они выходят в серии ""Олимпийская\n\nБарби"". Однако в 1977 году тема ""женщины и профессия"" возвращается в большой мир: Национальная женская конференция в Техасе собирает невероятное количество участников - 20 тысяч. Тут же на свет появляется ""Барби с утра и до вечера"" (Day & Night Barbie), которую представляют как business executive - ""ответственного руководителя"". Эта же модель перерождается спустя семь лет, в 1985 году, в Business Executive Barbie. С этого момента карьерный рост Барби становится практически непрерывным. Дело в том, что 80-е стали годами окончательной победы деловых женщин. Многочисленные нововведения, облегчающие уход за детьми, социальные структуры, позволяющие матерям работать полный день, нарушение семейных сценариев, в результате которых распад брака становится обыденной ситуацией, что заставляет мать-одиночку постоянно работать с целью обеспечить себя и своих детей, плюс плохо соблюдающаяся, но все же существующая правовая основа, создающая равные условия для работающих женщин и мужчин, - все это окончательно формирует ситуацию, в которой работа становится совершенно неотъемлемой частью жизни женщин. Золотая девочка компании ""Маттел"" тоже берется за ум. С этого момента мы получаем хотя бы одну ""карьерную"" Барби едва ли не каждый год. Например, для женщин все чаще открываются вакансии, раньше доступные только мужчинам, и в конце 80-х - начале 90-х годов телевидение начинает создавать моду на женщинвоенных и женщин-полицейских. Это карьерное направление становится постоянным в мире Барби: оно тем выгоднее для ""Маттел"", что позволяет подчеркнуть патриотизм куклы. В 1989 году выпускается первая Барби в стиле милитари - так называемая Army Barbie. С 1990 года ее военная и полицейская карьера обретает конкретику: мы получаем капитана военно-воздушных сил, в 1991 году - офицера флота, в 1993 году -\n\nодновременно военврача и полицейского, в 1994 году командира летного эскадрона. Причина: огромный интерес общественности к теме армии, вызванный войной в Персидском заливе и ее последствиями. Потом война закончилась, тема армии перестала особо интересовать публику на несколько лет, и Барби оставила свои милитаристские замашки вплоть до 2000 года, когда армейская тема опять оказалась у всех на устах в связи с иракскими событиями. ""Маттел"" немедленно произвела на свет ""Барби-Паратрупера"" в комплекте с аптечкой первой помощи (Барби и Кен - паратруперы продаются в коробках, на задней стенке которых изображены... барханы). Другой пример: в 1992 году из-за обилия женщин, баллотирующихся на государственные посты, пресса заговорила о ""годе женщин"". В том же году мы получили ""Барби-Кандидата-в-президенты"", чей деловой костюм ""одним движением руки"" превращался в вечернее платье со звездами и полосами. Нам сообщалось, что ""Барби отправляется на инаугурационный бал"". Подобную же оперативность ""Маттел"" демонстрирует в 1994 году. Тогда был принят билль о гендерном равенстве в образовании и американское правительство сформулировало позицию, требующую поощрять в девушках интерес к разнообразию в выборе карьеры, в частности - к математике, естественным наукам и тому подобным ""мальчиковым"" сферам деятельности. ""Маттел"" немедленно выпустила целых пять профессиональных Барби: командир летного эскадрона, астронавт, педиатр, ветеринар и пожарник, профессии, по большей части традиционно занимаемые мужчинами. И все-таки проявления доброй воли в чистом виде было недостаточно: существовало слишком много желающих обвинять Барби во всех смертных грехах и, в частности, в проблемах, связанных с социальным статусом женщины. На слишком широкие плечи этой\n\nкуклы со слишком узкой талией возлагали ответственность за неврозы, связанные с восприятием собственной внешности, за женский консюмеризм, одновременно за сексуальную распущенность и сексуальную неудовлетворенность женщин, за то, что мужчины видят в блондинках безмозглых бимбо, и за прочие женские беды и напасти. После того как в 1998 году компания сделала Барби чуть более реалистичной, несколько расширив талию и уменьшив грудь куклы, пришло время еще раз сделать заявку насчет готовности Барби учить девочек прогрессивным идеалам. В 1999 году ""Маттел"" сделала огромную кампанию за пропаганду нового имиджа куклы. Кампания называлась: ""Be anything"". ""Маттел"" подписала контракт с компанией Girls Incorporated, прежде называвшейся ""Girls Club of America"" - крупнейшей организацией для девочек в США (следом за ней по численности участниц идет правильно! - Клуб Любительниц Барби). С этого момента, заявила ""Маттел"", ""все усилия будут сосредоточены не на куклах, а на самих девочках"". Рекламы демонстрировали, что девочка может стать хоккейным вратарем, игроком в теннис, астронавтом, компьютерным инженером словом, фактически кем угодно. Разъяренные феминистки обвинили Girls Incorporated в продажности: мол, всегда было известно, что Барби только притворяется карьерной куклой, а на самом деле торгует консюмеризмом и консервативностью в то время, как Girls Incorporated изначально заявляла, что намерена настраивать девочек на свободу выбора и на осознание своего права заниматься любым делом по своему вкусу. Я помню публикации, в которых противницы союза ""Маттел"" и GI с горечью писали: ""Нет лучшего способа победить своего врага, чем подкупить его"". Так или иначе союз возник. С этого момента ""Маттел"" продвигала как бы не кукол, а новые ценности: право мечтать о достижениях, право играть в любые игры и побеждать. Совместно две\n\nдевичьих организации проводили акции по профессиональному ориентированию, телешоу, круглые столы. ""Маттел"" выпустила новую игровую серию кукол под названием: ""I can be"" - целых шесть карьерных кукол в один год. В этой серии появилась - ""Барби-Пилот"", опять ""Барби-Working-Woman"" (с ноутбуком, мобильным телефоном и неопределимой сферой деятельности), ""Барби-Учительница-языка-жестов"" (со сгибающимися пальчиками), ""Барби-Футболистка"", ""Барби-Сыщик"" и ""Барби-Игрок-в-бейсбол-из-высшей-лиги"". Правда, в этом же году были выпущены на заказ ""Барби-Официантка"" (для компании ""Кока-Кола"") и ""Барби-Косметолог"" (для компании ""Эйвон""). В 2000 году серия продолжилась; появилась ""Барби-Педиатр"", ""Барби-Учительницавождения"" и ""Барби-Учительница рисования"". Но самым интересным дополнением к карьерной линии ""Маттел"" стала ""Барби-Президент-США"", если верить рекламному плакату, ""готовая приступить к работе в Овальном офисе"". В свете близящихся президентских выборов кукла раскупалась на ура. Последний на сегодняшний день карьерный рывок Барби совершила в 2002 году. С тех пор никакого особого интереса в профессиональной деятельности у этой куклы не наблюдалось. С тех пор появилась только одна Барби, которую можно было бы причислить к профессиональным: в 2004 году ""Маттел"" выпустила в серии ""Happy family"" Барби под названием ""Baby Doctor"" - короче говоря, специалист по неонатальной медицине. Ей предстояло возиться с новорожденным младенцем подруги Мидж. На официальном сайте Барби существует трудно находимый раздел ""I can be"", так или иначе посвященный будущим карьерным занятиям девочек. Здесь предлагается пять вариантов профессий: врач, художник, учитель рисования, балерина и фигуристка как видим, ничего радикального. Сторонницы билля о гендерном равенстве в образовании имеют полное право\n\nупрекать Барби в ограниченности и консервативности: здесь нет профессий хакера, архитектора, машиниста и финансового аналитика. Но в то же время профессии, присутствующие в списке на сайте, во-первых, требуют серьезного труда, а во-вторых, связаны с творческим самовыражением. Правда, в этом списке, как в психометрическом тесте, вызывает подозрение слово ""доктор"" - оно кажется лишним в ряду и, видимо, является очередным примером защитного буфера. Впрочем, если смотреть на более или менее полный список профессий Барби за все годы ее существования, то в целом невозможно упрекнуть ее в потакании сугубо женским занятиям, особенно в последнее время. Мажоретка и чирлидер могут вызвать возмущение у тех, для кого эти занятия сами по себе ассоциируются с тупоголовыми блондинками, но в целом традиционные упреки в адрес Барби сейчас кажутся мне несколько необоснованными. Если что-то и вызывает у меня неприязнь, то это, скорее, не выбор кукольных профессий как таковой, а то, как все эти профессии подаются. Тут ситуация похожа на уже рассмотренную ситуацию с деньгами: совершенно непонятно, откуда что берется. Создается такое впечатление, что Барби приобретает новые профессии так же, как она приобретает новые машины - по щучьему велению, по своему хотению. Она не знает не только трудностей, связанных с получением той или иной профессии, но и трудностей, связанных с профессиональной практикой. В ее деятельности нет элементов труда или усталости. В любом из ее занятий вообще нет отрицательных или неприятных сторон. Начинает казаться, что доктор Барби никогда в жизни не видела ни крови, ни смерти, а Барби-следователь напоминает Айс Вентуру - сыщика по делам домашних животных, а не реального следователя, постоянно имеющего дело с самыми неприглядными сторонами\n\nжизни. Когда я узнала, что ""Маттел"" выпустила Барбипалеонтолога, во мне затеплилась надежда: в конце концов, вот уж профессия, в которой основные аксессуары - пыль да кости. Но выяснилось, что Барби в роли исследователя прошлого выкапывает из земли не окаменелости и не останки мертвых животных, а целых разноцветных динозавриков. В общем, о Барби как об инструменте профессионального ориентирования не может быть и речи, что бы ""Маттел"" ни говорила. Нигде, никогда, никаким образом нам не рассказывают о причинах, по которым Барби выбирает ту или иную карьеру. Нам обычно не говорят о талантах или наклонностях, которыми надо обладать для выполнения тех или иных профессиональных обязанностей, не описывают путь, который необходимо пройти для получения соответствующих навыков. Нам не рассказывают о том, как устроены трудовые будни того же дантиста, или палеонтолога, или даже редактора модного журнала. Типичная сцена из журнальчиков про Барби - Барбидоктор держит за ручку очередного пациента, который благодарит ее не за лечение, связанное, как уже было сказано, с неприятными процедурами, а за добрый совет по поводу сохранения и без того прекрасного здоровья. Так что о профессиональном ориентировании речь не идет - максимум речь идет о некотором условном и очень поверхностном стимулировании интереса к той или иной профессии. Впрочем, меня не оставляет ощущение, что и этого более чем достаточно. Все карьерные Барби делаются, как уже говорилось, не для самих девочек, а для их родителей. Девочки хотят играть в принцесс или в вечеринки и переодевать своих кукол из одной одежки в другую. Если у их мам и пап становится легче на душе от присутствия в наборе некоего подобия зеленой формы хирурга или строгой полицейской униформы, ""Маттел""\n\nготова производить и промотировать такие вариации куклы. Каждая из них стоит от 10 до 25 долларов, и если родители, озабоченные будущим девочки, подарят ей на Новый год Барби-палеонтолога, это будет лучше, чем если озабоченные ее будущим родители не подарят своей дочери ни единой Барби вообще. И в этом аспекте, как и во всех остальных, мир Барби создается исключительно по запросам и требованиям мира вокруг Барби.\n\nЧасть третья\n\nМИР ВОКРУГ БАРБИ', 'story_brief': {'claim_id': 'barbie-careers-pr-shield', 'main_thought': 'Карьерные Барби были репутационным щитом, а не образовательным инструментом. Mattel выпускала и убивала профессиональные куклы в точной синхронизации с американскими медиа-волнами о правах женщин: когда пресса обсуждала «женщин и карьеру» — появлялась новая Барби-хирург; когда тема затихала — карьерные куклы исчезали на годы. Одна скучно одетая Барби-врач защищала всю линейку легкомысленных кукол ', 'recommended_method': 'a_vot_nifiga', 'alternative_methods': ['bylo_stalo', 'odna_detal'], 'hook_trigger': '', 'opening': 'За сорок шесть лет Барби освоила больше семи десятков профессий — но ни одна не вышла по запросу ребёнка. Каждая карьерная кукла появлялась ровно тогда, когда в прессе поднималась волна о правах женщин, и исчезала, как только тема затихала.', 'audience_reason': 'Для дизайнеров и арт-директоров это кейс о том, как визуальный продукт использует одну «умную» вариацию как репутационный щит для всей линейки — паттерн, который прямо сейчас работает в брендинге и продакшене, но редко осознаётся как стратегия', 'share_reason': 'Концепция «репутационного щита» — острый, переносимый инсайт: можно посмотреть на любой бренд и найти его «Барби-палеонтолога», существующего не для покупателя, а для критика', 'research_queries': ['Mattel Barbie career timeline 1959–2005 complete list with release dates', 'Girls Incorporated Mattel partnership 1999 «Be anything» campaign feminist criticism reactions', 'Barbie military line Gulf War 1989–2000 production timeline and sales data', 'Mattel Barbie sales data career dolls vs fashion dolls comparison'], 'proof_plan': ['В 1960 году, когда тема «женщины и карьера» стала самой дебатируемой в американской прессе, Mattel выпустила Busy Girl Barbie в твидовом костюме с длинными перчатками — первую деловую куклу; когда с 1972 по 1977 год тема равноправия на работе утихла, карьерные Барби полностью исчезли из производства на пять лет', 'Барби-палеонтолог, вместо того чтобы выкапывать окаменелости и останки животных, достаёт из земли целых разноцветных динозавриков — в её профессиональной деятельности нет ни труда, ни усталости, ни крови, ни смерти; доктор Барби держит пациента за ручку и даёт советы по сохранению и без того прекрасного здоровья', 'Когда Mattel в 1999 году заключила партнёрство с Girls Incorporated — крупнейшей организацией для девочек в США — и запустила кампанию «Be anything», разъярённые феминистки обвинили организацию в продажности: «Нет лучшего способа победить своего врага, чем подкупить его»'], 'idea_pitch': 'Я бы показала, как этот паттерн — «один умный продукт защищает всю легкомысленную линейку» — работает прямо сейчас. А если взять любой современный бренд и найти его «Барби-палеонтолога» — тот самый прогрессивный, скучно одетый продукт, который существует не ради покупателя, а рад', 'ending_type': 'formula'}, 'web_results': [{'url': 'local://goralik-polaya-zhenshchina/ch09', 'title': 'Горалик · Полая женщина · глава 9', 'snippet': 'Глава девятая. Девушки могут все: занятия и профессии Барби\n\nИсточник: Линор Горалик, «Полая женщина: Мир Барби изнутри и снаружи» (НЛО, 2005).\n\nГлава девятая\n\nДЕВУШКИ МОГУТ ВСЕ: ЗАНЯТИЯ И ПРОФЕССИИ БАРБИ\n\nТо, как Барби проводит время, невольно заставляет думать о серьезных психологических проблемах этой юной девушки, впрочем частично объясняющихся отсутствием у нее добрых и любящих родителей. Барби испытывает мучительную потребность во внешней\n\nоценке и внешнем одобрении, что постоянно толкает ее на все новые и новые социальные и карьерные достижения. Она фантастически, невыносимо экстравертна и явно не способна хоть на пять минут остаться одна. О времяпрепровождении Барби мы узнаем из описания новых выходящих на рынок моделей, ""Барбикниг"" и посвященных этой кукле журналов. Удивительным образом бесконечная череда вечеринок, туристических поездок и походов в кафе с друзьями не помешала Барби освоить более семи десятков профессий за последние сорок шесть лет. Составить полный список всех карьерных достижений Барби практически невозможно: довольно большое количество таких моделей было выпущено ""Маттел"" не для общего рынка, а для каких-нибудь крупных торговых марок или для сетей универсальных магазинов. Например, существовала Барби - продавщица кока-колы, сделанная соответственно по заказу корпорации ""Кока-Кола"", и Барби распространительница продуктов компании Avon, сделанная по заказу Avon Cosmetics. Особая Барби была произведена ""Маттел"" к юбилею сети игрушечных магазинов ""Toys Are Us"", специально разработанная маленькая Барби продавалась в ""Макдоналдсе"" - словом, примеров хватает Все ""профессиональные"" Барби принадлежат игровой линии Если я не ошибаюсь, карьерные Барби никогда не выпускались в коллекционных сериях, кроме нескольких куколок в серии ""Silkstone"", скажем, ""БарбиРедактор-раздела-моды"" и ""Кен-Инсайдер-моднойиндустрии"". Помню, что мой собственный вопрос о коллекционных Барби-""профессионалках"" не вызвал энтузиазма на форуме собирателей куклы. Я готова предположить, что дело здесь не только в том и даже далеко не в том, что для профессиональной Барби невозможно создать роскошный наряд, - в конце концов\n\nБоб Мэки наверняка прекрасно одел бы ""БарбиУкротительницу-львов"" или ""Барби-Флориста"". Просто профессиональная Барби, видимо, не очень интересует взрослых коллекционеров, потому что им за глаза и за уши хватает собственной профессиональной деятельности. Они, я полагаю, не видят особой радости в том, чтобы тащить домой куклу-бизнесмена или куклуврача. Но гораздо больше нам говорит тот факт, что в ""профессиональных"" Барби не слишком заинтересованы не только взрослые, но и дети. Дети вообще редко играют в конкретные профессии, кроме знаменитой игры в доктора, которая, как известно, преследует цели, далекие от профориентации. Бывают, конечно, игры в спасателей, пожарников или милицию и воров, но и здесь, как мы все понимаем, о развитии вкуса к будущей профессии речь не идет. Иногда дети играют в профессии, которыми занимаются их родители, самым поверхностным образом имитируя известные им элементы этих профессий с целью отыграть те или иные жизненные ситуации. Мне трудно представить себе, что мои собственные племянники ни с того ни с сего устроят серьезную и целенаправленную игру в палеонтологов или программистов. Игра в ветеринара может иметь тяжелые последствия для кошки и вряд ли напрямую связана с желанием как следует понять основы этой благородной профессии. Девочки предаются ""профессиональным"" играм еще реже, чем мальчики. Я рискну предположить, что большинство девочек предпочтет получить в подарок ""Барби-Принцессу"", ""Барби-День-рождения"", ""Барбиидет-на-пляж"" или ""Барби-катается-на-роликовыхконьках"", а не ""Барби-Дантиста"" или ""Барби-Бизнеследи"". Не сомневаюсь, что компания ""Маттел"" прекрасно это понимает, - и все-таки выпускать карьерных Барби ей приходится постоянно. Такое упорство вызвано отнюдь не запросом рынка, то есть не желанием маленьких\n\nдевочек приобрести ""Барби-Палеонтолога"" или ""БарбиСтюардессу"", а социальным давлением, постоянно оказываемым на ""Маттел"" со стороны прессы и родителей. Если бы Барби не занималась чем-нибудь трудоемким и престижным для зарабатывания собственного хлеба, ""Маттел"" было бы гораздо труднее отражать атаки, связанные с консюмеризмом куклы и с ее навязчивой привычкой следовать моде; кроме того, было бы гораздо сложнее говорить о позитивном влиянии Барби в деле воспитания молодого поколения. В целом ряде случаев ""Маттел"" выдвигает эти вариации своей модной куколки вперед на манер щита. Одна умная, но скучно одетая Барби защищает целую плеяду своих красивых, расфуфыренных и легкомысленных сестер. Именно давление со стороны родителей, феминисток, педагогов и прессы заставляет ""Маттел"" постоянно прилагать большие усилия для того, чтобы взгляды Барби на работу и карьеру можно было считать передовыми и даже опережающими время. Любимый пример, приводимый компанией каждый раз, когда речь заходит о карьерных достижениях их куклы, - ""Барби-Астронавт"" производства 1965 года, ""полетевшая в космос задолго до того, как первая женщина действительно ступила на борт космического корабля"". Однако других особо ярких примеров такого рода у компании ""Маттел"" нет. Я с большим удовольствием потратила несколько дней, накладывая хронологию карьерного развития Барби на историю женского движения и в особенности на историю борьбы женщин за карьерное равноправие с 1959 года - года выпуска Барби и по сегодняшний день. Такое сравнение позволяет увидеть, что в плане карьеры Барби действует фактически так же, как она действует в плане моды, т.е. оказывается не лидером-провозвестником новых тенденций, а их легитимизатором и в некоторой мере барометром происходящего. Можно быть твердо уверенным, что если\n\nБарби начала развивать деятельность на том или ином поприще, то поприще это уже некоторое время надежно существует в качестве игровой площадки для женщин в реальном мире. Скажем, в 1956 году, т.е. в том году, когда Хендлер изобрела Барби (ей, как мы помним, потребовалось три года, чтобы уговорить своих партнеров начать выпускать куклу), журнал ""Life"" назвал ""идеалом американской женщины"" тридцатидвухлетнюю мать четверых детей, естественно, нигде не работающую. Однако за три года, прошедшие до выхода Барби на рынок, реальность сильно изменилась. Именно тогда, в конце 50-х, поднялась так называемая ""вторая волна женского движения"" (первую относят к 20 - 30-м годам прошлого века). Новые борцы за права женщин требовали уже не таких базовых вещей, как право голосования, посещения любых общественных заведений и осуществления финансовых операций, но подлинного равенства женщин и мужчин в самых разных областях деятельности. Крах американской мечты 50-х привел к тому, что все больше и больше женщин стали занимать рабочие места, до сих пор отводившиеся в основном мужчинам. Для семьи все существеннее становился заработок жены, превратившийся в полновесную составляющую семейного бюджета. К началу 60-х новые феминистки Америки смогли составить общее представление о ситуации с женским трудом в США. Ситуация была аховой: там, где мужчина получал за свою работу доллар, женщина получала за ту же работу 63 цента. В результате схлопывания военной индустрии женщины теряли места на фабриках и заводах, а частный сектор, переставший испытывать недостаток мужских рук, всегда предпочитал взять на вакантное место мужчину, а не женщину, - пусть мужчине и приходилось платить больше. В газетах объявлений сообщения о поиске работников были разделены на две категории: ""Женщины"" и ""Мужчины"". Только два процента\n\nпредставителей интеллектуальных профессий - врачей, адвокатов, судей, дантистов, инженеров, архитекторов были женщинами. Подавляющее большинство престижных университетов не допускало женщин на значительную часть факультетов или имело жесткую квоту: иногда 1 женщина на 50 абитуриентов. Все эти факторы определили направление нового витка борьбы за права женщин - это была борьба за равенство на рабочих местах. В 1959 - 1960 годах тема ""Женщины и карьера"" была одной из самых дебатируемых в прессе. Выходила масса статей ""за"" и ""против"" работающих женщин. Представительницы разных профессий шумно спорили в популярных ток-шоу с мужчинами, отстаивающими семейные ценности. Именно тогда впервые проявилась интересная тенденция, определявшая развитие карьеры Барби в течении как минимум трех десятилетий: ее профессиональные достижения всегда были связаны не так с конкретным положением дел на рынке женского труда и даже не так с какими-нибудь специфическими событиями позитивного и негативного толка в этой области, как с шумихой, возникающей вокруг тех или иных аспектов темы. Скажем, в 1960 году ""Маттел"" выпустила Busy Girl Barbie. Считалось, что она ""дизайнер моды"", т.е., с одной стороны, женщина как бы работающая и как бы занимающаяся креативной профессией, но в то же время никоим образом не преступающая границы традиционных женских занятий (как известно, мужчины-кутюрье стали довольно поздним приобретением XX века). До этого момента Барби существовала в совсем немногих вариациях: исходная Барби 1959 года была фотомоделью, у нее был купальник, свадебное платье, костюм балерины и еще один наряд для свободного времяпрепровождения. Однако Busy Girl сильно отличалась от предыдущих вариаций: на ней был твидовый костюм, длинные перчатки и строгая шапочка. По большому счету девочки\n\nмогли видеть в ней собственных мам - благо работающих мам именно в конце 50-х - начале 60-х стало больше, чем когда-либо в истории. Никаких особых аксессуаров у этой Барби не было. Если верить данным, опубликованным Национальной организацией женщин Америки, в начале 60-х очень и очень многие женщины зарабатывали себе на жизнь тяжелым физическим трудом, они были механиками, электриками, водителями автобусов и даже шахтерами. Но рабочая девушка Барби, естественно, не намеревалась надевать каску и рабочую куртку. Я не знаю, так ли одевались в те годы дизайнеры моды, но твидовый костюм, маленькая шапочка и длинные перчатки были фактически униформой девушек из хороших семей, желающих заняться чем-нибудь полезным, пока им не попадется подходящий кандидат в мужья. Так могла выглядеть любая секретарша, машинистка, переписчица, в лучшем случае учительница. Эта первая ""деловая Барби"" фактически заложила основу всей будущей карьеры Барби. И действительно, Барби всегда приобретала только профессии представительниц среднего класса, никогда не занималась физическим трудом и не бралась за плохо оплачиваемые профессии. Рынок вполне оправдывает такой подход: родители девочек из среднего класса видят такие профессии в качестве основных, а родители девочек из более бедных слоев населения видят в этих профессиях хорошие ориентиры. Busy Girl Barbie стала первой в череде бесконечных Барби - бизнес-леди, повторяющихся из года в год с разными аксессуарами и под разными названиями: Business Girl, Busy Woman, Business Executive, Working Girl, Office Barbie и т.д. Чем занимаются эти Барби, ""Маттел"" не уточняет, но так или иначе они демонстрируют некоторую четкую позицию: женщина может добиться высоких постов, а карьера - это классно и престижно.\n\nНовые карьерные вариации Барби, как уже было сказано, возникали тогда, когда общественность начинала муссировать тему рабочего статуса женщины, и исчезали, как только эту тему можно было начать игнорировать. Здесь сказался один из главных маркетинговых талантов ""Маттел"" - талант использовать конъюнктуру, запрыгивать на волну обсуждаемой модной темы и соскакивать с нее, когда волна начинает идти на убыль. Профессиональная деятельность Барби развивалась ровно по тем же законам. В 1961 году Элеонора Рузвельт встала во главе Комиссии по вопросам статуса женщин при правительстве Кеннеди. Этот факт наделал много шума, и в том же году Барби получила профессии дипломированной медсестры и стюардессы. В 1963 году комиссия Рузвельта после двух лет исследований опубликовала доклад о дискриминации женщин на рабочих местах, породив целую волну дебатов о допустимых и недопустимых профессиях для представительниц слабого пола. Публикуется Equal Pay Act - речь идет о том, что мужчины и женщины, занимающие одни и те же должности, должны получать равные зарплаты. В том же году ""Маттел"" выпускает Business Woman Barbie (она же называлась Career Girl Barbie). Через год к биллю о гражданских правах добавляется Седьмой параграф - ""против дискриминации при приеме на работу"". Он включает в себя запрет на дискриминацию по половому признаку, но ситуация остается двойственной: ни билль, ни новую поправку невозможно ратифицировать на местах, поскольку фактически отсутствует механизм контроля, заставляющий работодателя соблюдать навязанные ему правила. Женщины, борющиеся за равноправие на рабочих местах, становятся объектом постоянных насмешек и карикатур в прессе. Таким образом, тема существует, но однозначное отношение к ней не выработано. В результате в 1964 и 1965 годах Барби\n\nполучает целый ряд новых профессий, но все они носят очень осторожный и традиционный характер, а некоторые, по понятиям феминисток, заслуживают осуждения. Так, с одной стороны, Барби оказывается космонавтом (что, скорее, объясняется бешеным интересом к теме космоса), с другой - Барби оказывается чирлидером, мажореткой, редактором модного журнала, фотографом моды, учительницей географии и актрисой. В 1966 году она получает еще одну суперженскую профессию - стюардессы в ""Пан-Американ"". До 1972 года никаких особых крупных событий в борьбе женщин за право на свободную карьеру не происходит, и - сюрприз! - ""карьерные"" Барби исчезают. Но в 1972-м году все снова меняется: Конгресс утверждает Девятый параграф Образовательного кодекса - параграф о равных правах на образование. Кроме того, проводится запрет на сегрегированные объявления о найме рабочей силы теперь все объявления должны печататься без специфического указания на предназначение должности для женщин или для мужчин. Девятый параграф означает, что учебные заведения должны отменить квоту на поступление для женщин и отменить запрет принимать женщин на те или иные факультеты. Соответственно, огромное количество представительниц ОтнынеСильного Пола подают заявки на изучение медицины или юриспруденции. Опять бум в прессе, и ""Маттел"" выпускает ""Барби-Хирурга"", очередной раз продемонстрировав свое поразительное умение держать нос по ветру. С 1973 по 1978 год, т.е. на протяжении пяти лет, Барби фактически не занимается своей карьерой - она отдает все свои силы спорту. Говоря конкретно, Барби становится олимпийской чемпионкой: к олимпиаде 1975 года ""Маттел"" выпускает ""Барби-Золотую-медалистку"", ""Барби-Лыжницу"", ""Барби-Конькобежца"" и ""БарбиПловчиху"" - все они выходят в серии ""Олимпийская\n\nБарби"". Однако в 1977 году тема ""женщины и профессия"" возвращается в большой мир: Национальная женская конференция в Техасе собирает невероятное количество участников - 20 тысяч. Тут же на свет появляется ""Барби с утра и до вечера"" (Day & Night Barbie), которую представляют как business executive - ""ответственного руководителя"". Эта же модель перерождается спустя семь лет, в 1985 году, в Business Executive Barbie. С этого момента карьерный рост Барби становится практически непрерывным. Дело в том, что 80-е стали годами окончательной победы деловых женщин. Многочисленные нововведения, облегчающие уход за детьми, социальные структуры, позволяющие матерям работать полный день, нарушение семейных сценариев, в результате которых распад брака становится обыденной ситуацией, что заставляет мать-одиночку постоянно работать с целью обеспечить себя и своих детей, плюс плохо соблюдающаяся, но все же существующая правовая основа, создающая равные условия для работающих женщин и мужчин, - все это окончательно формирует ситуацию, в которой работа становится совершенно неотъемлемой частью жизни женщин. Золотая девочка компании ""Маттел"" тоже берется за ум. С этого момента мы получаем хотя бы одну ""карьерную"" Барби едва ли не каждый год. Например, для женщин все чаще открываются вакансии, раньше доступные только мужчинам, и в конце 80-х - начале 90-х годов телевидение начинает создавать моду на женщинвоенных и женщин-полицейских. Это карьерное направление становится постоянным в мире Барби: оно тем выгоднее для ""Маттел"", что позволяет подчеркнуть патриотизм куклы. В 1989 году выпускается первая Барби в стиле милитари - так называемая Army Barbie. С 1990 года ее военная и полицейская карьера обретает конкретику: мы получаем капитана военно-воздушных сил, в 1991 году - офицера флота, в 1993 году -\n\nодновременно военврача и полицейского, в 1994 году командира летного эскадрона. Причина: огромный интерес общественности к теме армии, вызванный войной в Персидском заливе и ее последствиями. Потом война закончилась, тема армии перестала особо интересовать публику на несколько лет, и Барби оставила свои милитаристские замашки вплоть до 2000 года, когда армейская тема опять оказалась у всех на устах в связи с иракскими событиями. ""Маттел"" немедленно произвела на свет ""Барби-Паратрупера"" в комплекте с аптечкой первой помощи (Барби и Кен - паратруперы продаются в коробках, на задней стенке которых изображены... барханы). Другой пример: в 1992 году из-за обилия женщин, баллотирующихся на государственные посты, пресса заговорила о ""годе женщин"". В том же году мы получили ""Барби-Кандидата-в-президенты"", чей деловой костюм ""одним движением руки"" превращался в вечернее платье со звездами и полосами. Нам сообщалось, что ""Барби отправляется на инаугурационный бал"". Подобную же оперативность ""Маттел"" демонстрирует в 1994 году. Тогда был принят билль о гендерном равенстве в образовании и американское правительство сформулировало позицию, требующую поощрять в девушках интерес к разнообразию в выборе карьеры, в частности - к математике, естественным наукам и тому подобным ""мальчиковым"" сферам деятельности. ""Маттел"" немедленно выпустила целых пять профессиональных Барби: командир летного эскадрона, астронавт, педиатр, ветеринар и пожарник, профессии, по большей части традиционно занимаемые мужчинами. И все-таки проявления доброй воли в чистом виде было недостаточно: существовало слишком много желающих обвинять Барби во всех смертных грехах и, в частности, в проблемах, связанных с социальным статусом женщины. На слишком широкие плечи этой\n\nкуклы со слишком узкой талией возлагали ответственность за неврозы, связанные с восприятием собственной внешности, за женский консюмеризм, одновременно за сексуальную распущенность и сексуальную неудовлетворенность женщин, за то, что мужчины видят в блондинках безмозглых бимбо, и за прочие женские беды и напасти. После того как в 1998 году компания сделала Барби чуть более реалистичной, несколько расширив талию и уменьшив грудь куклы, пришло время еще раз сделать заявку насчет готовности Барби учить девочек прогрессивным идеалам. В 1999 году ""Маттел"" сделала огромную кампанию за пропаганду нового имиджа куклы. Кампания называлась: ""Be anything"". ""Маттел"" подписала контракт с компанией Girls Incorporated, прежде называвшейся ""Girls Club of America"" - крупнейшей организацией для девочек в США (следом за ней по численности участниц идет правильно! - Клуб Любительниц Барби). С этого момента, заявила ""Маттел"", ""все усилия будут сосредоточены не на куклах, а на самих девочках"". Рекламы демонстрировали, что девочка может стать хоккейным вратарем, игроком в теннис, астронавтом, компьютерным инженером словом, фактически кем угодно. Разъяренные феминистки обвинили Girls Incorporated в продажности: мол, всегда было известно, что Барби только притворяется карьерной куклой, а на самом деле торгует консюмеризмом и консервативностью в то время, как Girls Incorporated изначально заявляла, что намерена настраивать девочек на свободу выбора и на осознание своего права заниматься любым делом по своему вкусу. Я помню публикации, в которых противницы союза ""Маттел"" и GI с горечью писали: ""Нет лучшего способа победить своего врага, чем подкупить его"". Так или иначе союз возник. С этого момента ""Маттел"" продвигала как бы не кукол, а новые ценности: право мечтать о достижениях, право играть в любые игры и побеждать. Совместно две\n\nдевичьих организации проводили акции по профессиональному ориентированию, телешоу, круглые столы. ""Маттел"" выпустила новую игровую серию кукол под названием: ""I can be"" - целых шесть карьерных кукол в один год. В этой серии появилась - ""Барби-Пилот"", опять ""Барби-Working-Woman"" (с ноутбуком, мобильным телефоном и неопределимой сферой деятельности), ""Барби-Учительница-языка-жестов"" (со сгибающимися пальчиками), ""Барби-Футболистка"", ""Барби-Сыщик"" и ""Барби-Игрок-в-бейсбол-из-высшей-лиги"". Правда, в этом же году были выпущены на заказ ""Барби-Официантка"" (для компании ""Кока-Кола"") и ""Барби-Косметолог"" (для компании ""Эйвон""). В 2000 году серия продолжилась; появилась ""Барби-Педиатр"", ""Барби-Учительницавождения"" и ""Барби-Учительница рисования"". Но самым интересным дополнением к карьерной линии ""Маттел"" стала ""Барби-Президент-США"", если верить рекламному плакату, ""готовая приступить к работе в Овальном офисе"". В свете близящихся президентских выборов кукла раскупалась на ура. Последний на сегодняшний день карьерный рывок Барби совершила в 2002 году. С тех пор никакого особого интереса в профессиональной деятельности у этой куклы не наблюдалось. С тех пор появилась только одна Барби, которую можно было бы причислить к профессиональным: в 2004 году ""Маттел"" выпустила в серии ""Happy family"" Барби под названием ""Baby Doctor"" - короче говоря, специалист по неонатальной медицине. Ей предстояло возиться с новорожденным младенцем подруги Мидж. На официальном сайте Барби существует трудно находимый раздел ""I can be"", так или иначе посвященный будущим карьерным занятиям девочек. Здесь предлагается пять вариантов профессий: врач, художник, учитель рисования, балерина и фигуристка как видим, ничего радикального. Сторонницы билля о гендерном равенстве в образовании имеют полное право\n\nупрекать Барби в ограниченности и консервативности: здесь нет профессий хакера, архитектора, машиниста и финансового аналитика. Но в то же время профессии, присутствующие в списке на сайте, во-первых, требуют серьезного труда, а во-вторых, связаны с творческим самовыражением. Правда, в этом списке, как в психометрическом тесте, вызывает подозрение слово ""доктор"" - оно кажется лишним в ряду и, видимо, является очередным примером защитного буфера. Впрочем, если смотреть на более или менее полный список профессий Барби за все годы ее существования, то в целом невозможно упрекнуть ее в потакании сугубо женским занятиям, особенно в последнее время. Мажоретка и чирлидер могут вызвать возмущение у тех, для кого эти занятия сами по себе ассоциируются с тупоголовыми блондинками, но в целом традиционные упреки в адрес Барби сейчас кажутся мне несколько необоснованными. Если что-то и вызывает у меня неприязнь, то это, скорее, не выбор кукольных профессий как таковой, а то, как все эти профессии подаются. Тут ситуация похожа на уже рассмотренную ситуацию с деньгами: совершенно непонятно, откуда что берется. Создается такое впечатление, что Барби приобретает новые профессии так же, как она приобретает новые машины - по щучьему велению, по своему хотению. Она не знает не только трудностей, связанных с получением той или иной профессии, но и трудностей, связанных с профессиональной практикой. В ее деятельности нет элементов труда или усталости. В любом из ее занятий вообще нет отрицательных или неприятных сторон. Начинает казаться, что доктор Барби никогда в жизни не видела ни крови, ни смерти, а Барби-следователь напоминает Айс Вентуру - сыщика по делам домашних животных, а не реального следователя, постоянно имеющего дело с самыми неприглядными сторонами\n\nжизни. Когда я узнала, что ""Маттел"" выпустила Барбипалеонтолога, во мне затеплилась надежда: в конце концов, вот уж профессия, в которой основные аксессуары - пыль да кости. Но выяснилось, что Барби в роли исследователя прошлого выкапывает из земли не окаменелости и не останки мертвых животных, а целых разноцветных динозавриков. В общем, о Барби как об инструменте профессионального ориентирования не может быть и речи, что бы ""Маттел"" ни говорила. Нигде, никогда, никаким образом нам не рассказывают о причинах, по которым Барби выбирает ту или иную карьеру. Нам обычно не говорят о талантах или наклонностях, которыми надо обладать для выполнения тех или иных профессиональных обязанностей, не описывают путь, который необходимо пройти для получения соответствующих навыков. Нам не рассказывают о том, как устроены трудовые будни того же дантиста, или палеонтолога, или даже редактора модного журнала. Типичная сцена из журнальчиков про Барби - Барбидоктор держит за ручку очередного пациента, который благодарит ее не за лечение, связанное, как уже было сказано, с неприятными процедурами, а за добрый совет по поводу сохранения и без того прекрасного здоровья. Так что о профессиональном ориентировании речь не идет - максимум речь идет о некотором условном и очень поверхностном стимулировании интереса к той или иной профессии. Впрочем, меня не оставляет ощущение, что и этого более чем достаточно. Все карьерные Барби делаются, как уже говорилось, не для самих девочек, а для их родителей. Девочки хотят играть в принцесс или в вечеринки и переодевать своих кукол из одной одежки в другую. Если у их мам и пап становится легче на душе от присутствия в наборе некоего подобия зеленой формы хирурга или строгой полицейской униформы, ""Маттел""\n\nготова производить и промотировать такие вариации куклы. Каждая из них стоит от 10 до 25 долларов, и если родители, озабоченные будущим девочки, подарят ей на Новый год Барби-палеонтолога, это будет лучше, чем если озабоченные ее будущим родители не подарят своей дочери ни единой Барби вообще. И в этом аспекте, как и во всех остальных, мир Барби создается исключительно по запросам и требованиям мира вокруг Барби.\n\nЧасть третья\n\nМИР ВОКРУГ БАРБИ', 'query': 'Mattel Barbie career timeline 1959–2005 complete list with release dates', 'supports_claim': True}, {'url': 'local://goralik-polaya-zhenshchina/ch09', 'title': 'Горалик · Полая женщина · глава 9', 'snippet': 'Глава девятая. Девушки могут все: занятия и профессии Барби\n\nИсточник: Линор Горалик, «Полая женщина: Мир Барби изнутри и снаружи» (НЛО, 2005).\n\nГлава девятая\n\nДЕВУШКИ МОГУТ ВСЕ: ЗАНЯТИЯ И ПРОФЕССИИ БАРБИ\n\nТо, как Барби проводит время, невольно заставляет думать о серьезных психологических проблемах этой юной девушки, впрочем частично объясняющихся отсутствием у нее добрых и любящих родителей. Барби испытывает мучительную потребность во внешней\n\nоценке и внешнем одобрении, что постоянно толкает ее на все новые и новые социальные и карьерные достижения. Она фантастически, невыносимо экстравертна и явно не способна хоть на пять минут остаться одна. О времяпрепровождении Барби мы узнаем из описания новых выходящих на рынок моделей, ""Барбикниг"" и посвященных этой кукле журналов. Удивительным образом бесконечная череда вечеринок, туристических поездок и походов в кафе с друзьями не помешала Барби освоить более семи десятков профессий за последние сорок шесть лет. Составить полный список всех карьерных достижений Барби практически невозможно: довольно большое количество таких моделей было выпущено ""Маттел"" не для общего рынка, а для каких-нибудь крупных торговых марок или для сетей универсальных магазинов. Например, существовала Барби - продавщица кока-колы, сделанная соответственно по заказу корпорации ""Кока-Кола"", и Барби распространительница продуктов компании Avon, сделанная по заказу Avon Cosmetics. Особая Барби была произведена ""Маттел"" к юбилею сети игрушечных магазинов ""Toys Are Us"", специально разработанная маленькая Барби продавалась в ""Макдоналдсе"" - словом, примеров хватает Все ""профессиональные"" Барби принадлежат игровой линии Если я не ошибаюсь, карьерные Барби никогда не выпускались в коллекционных сериях, кроме нескольких куколок в серии ""Silkstone"", скажем, ""БарбиРедактор-раздела-моды"" и ""Кен-Инсайдер-моднойиндустрии"". Помню, что мой собственный вопрос о коллекционных Барби-""профессионалках"" не вызвал энтузиазма на форуме собирателей куклы. Я готова предположить, что дело здесь не только в том и даже далеко не в том, что для профессиональной Барби невозможно создать роскошный наряд, - в конце концов\n\nБоб Мэки наверняка прекрасно одел бы ""БарбиУкротительницу-львов"" или ""Барби-Флориста"". Просто профессиональная Барби, видимо, не очень интересует взрослых коллекционеров, потому что им за глаза и за уши хватает собственной профессиональной деятельности. Они, я полагаю, не видят особой радости в том, чтобы тащить домой куклу-бизнесмена или куклуврача. Но гораздо больше нам говорит тот факт, что в ""профессиональных"" Барби не слишком заинтересованы не только взрослые, но и дети. Дети вообще редко играют в конкретные профессии, кроме знаменитой игры в доктора, которая, как известно, преследует цели, далекие от профориентации. Бывают, конечно, игры в спасателей, пожарников или милицию и воров, но и здесь, как мы все понимаем, о развитии вкуса к будущей профессии речь не идет. Иногда дети играют в профессии, которыми занимаются их родители, самым поверхностным образом имитируя известные им элементы этих профессий с целью отыграть те или иные жизненные ситуации. Мне трудно представить себе, что мои собственные племянники ни с того ни с сего устроят серьезную и целенаправленную игру в палеонтологов или программистов. Игра в ветеринара может иметь тяжелые последствия для кошки и вряд ли напрямую связана с желанием как следует понять основы этой благородной профессии. Девочки предаются ""профессиональным"" играм еще реже, чем мальчики. Я рискну предположить, что большинство девочек предпочтет получить в подарок ""Барби-Принцессу"", ""Барби-День-рождения"", ""Барбиидет-на-пляж"" или ""Барби-катается-на-роликовыхконьках"", а не ""Барби-Дантиста"" или ""Барби-Бизнеследи"". Не сомневаюсь, что компания ""Маттел"" прекрасно это понимает, - и все-таки выпускать карьерных Барби ей приходится постоянно. Такое упорство вызвано отнюдь не запросом рынка, то есть не желанием маленьких\n\nдевочек приобрести ""Барби-Палеонтолога"" или ""БарбиСтюардессу"", а социальным давлением, постоянно оказываемым на ""Маттел"" со стороны прессы и родителей. Если бы Барби не занималась чем-нибудь трудоемким и престижным для зарабатывания собственного хлеба, ""Маттел"" было бы гораздо труднее отражать атаки, связанные с консюмеризмом куклы и с ее навязчивой привычкой следовать моде; кроме того, было бы гораздо сложнее говорить о позитивном влиянии Барби в деле воспитания молодого поколения. В целом ряде случаев ""Маттел"" выдвигает эти вариации своей модной куколки вперед на манер щита. Одна умная, но скучно одетая Барби защищает целую плеяду своих красивых, расфуфыренных и легкомысленных сестер. Именно давление со стороны родителей, феминисток, педагогов и прессы заставляет ""Маттел"" постоянно прилагать большие усилия для того, чтобы взгляды Барби на работу и карьеру можно было считать передовыми и даже опережающими время. Любимый пример, приводимый компанией каждый раз, когда речь заходит о карьерных достижениях их куклы, - ""Барби-Астронавт"" производства 1965 года, ""полетевшая в космос задолго до того, как первая женщина действительно ступила на борт космического корабля"". Однако других особо ярких примеров такого рода у компании ""Маттел"" нет. Я с большим удовольствием потратила несколько дней, накладывая хронологию карьерного развития Барби на историю женского движения и в особенности на историю борьбы женщин за карьерное равноправие с 1959 года - года выпуска Барби и по сегодняшний день. Такое сравнение позволяет увидеть, что в плане карьеры Барби действует фактически так же, как она действует в плане моды, т.е. оказывается не лидером-провозвестником новых тенденций, а их легитимизатором и в некоторой мере барометром происходящего. Можно быть твердо уверенным, что если\n\nБарби начала развивать деятельность на том или ином поприще, то поприще это уже некоторое время надежно существует в качестве игровой площадки для женщин в реальном мире. Скажем, в 1956 году, т.е. в том году, когда Хендлер изобрела Барби (ей, как мы помним, потребовалось три года, чтобы уговорить своих партнеров начать выпускать куклу), журнал ""Life"" назвал ""идеалом американской женщины"" тридцатидвухлетнюю мать четверых детей, естественно, нигде не работающую. Однако за три года, прошедшие до выхода Барби на рынок, реальность сильно изменилась. Именно тогда, в конце 50-х, поднялась так называемая ""вторая волна женского движения"" (первую относят к 20 - 30-м годам прошлого века). Новые борцы за права женщин требовали уже не таких базовых вещей, как право голосования, посещения любых общественных заведений и осуществления финансовых операций, но подлинного равенства женщин и мужчин в самых разных областях деятельности. Крах американской мечты 50-х привел к тому, что все больше и больше женщин стали занимать рабочие места, до сих пор отводившиеся в основном мужчинам. Для семьи все существеннее становился заработок жены, превратившийся в полновесную составляющую семейного бюджета. К началу 60-х новые феминистки Америки смогли составить общее представление о ситуации с женским трудом в США. Ситуация была аховой: там, где мужчина получал за свою работу доллар, женщина получала за ту же работу 63 цента. В результате схлопывания военной индустрии женщины теряли места на фабриках и заводах, а частный сектор, переставший испытывать недостаток мужских рук, всегда предпочитал взять на вакантное место мужчину, а не женщину, - пусть мужчине и приходилось платить больше. В газетах объявлений сообщения о поиске работников были разделены на две категории: ""Женщины"" и ""Мужчины"". Только два процента\n\nпредставителей интеллектуальных профессий - врачей, адвокатов, судей, дантистов, инженеров, архитекторов были женщинами. Подавляющее большинство престижных университетов не допускало женщин на значительную часть факультетов или имело жесткую квоту: иногда 1 женщина на 50 абитуриентов. Все эти факторы определили направление нового витка борьбы за права женщин - это была борьба за равенство на рабочих местах. В 1959 - 1960 годах тема ""Женщины и карьера"" была одной из самых дебатируемых в прессе. Выходила масса статей ""за"" и ""против"" работающих женщин. Представительницы разных профессий шумно спорили в популярных ток-шоу с мужчинами, отстаивающими семейные ценности. Именно тогда впервые проявилась интересная тенденция, определявшая развитие карьеры Барби в течении как минимум трех десятилетий: ее профессиональные достижения всегда были связаны не так с конкретным положением дел на рынке женского труда и даже не так с какими-нибудь специфическими событиями позитивного и негативного толка в этой области, как с шумихой, возникающей вокруг тех или иных аспектов темы. Скажем, в 1960 году ""Маттел"" выпустила Busy Girl Barbie. Считалось, что она ""дизайнер моды"", т.е., с одной стороны, женщина как бы работающая и как бы занимающаяся креативной профессией, но в то же время никоим образом не преступающая границы традиционных женских занятий (как известно, мужчины-кутюрье стали довольно поздним приобретением XX века). До этого момента Барби существовала в совсем немногих вариациях: исходная Барби 1959 года была фотомоделью, у нее был купальник, свадебное платье, костюм балерины и еще один наряд для свободного времяпрепровождения. Однако Busy Girl сильно отличалась от предыдущих вариаций: на ней был твидовый костюм, длинные перчатки и строгая шапочка. По большому счету девочки\n\nмогли видеть в ней собственных мам - благо работающих мам именно в конце 50-х - начале 60-х стало больше, чем когда-либо в истории. Никаких особых аксессуаров у этой Барби не было. Если верить данным, опубликованным Национальной организацией женщин Америки, в начале 60-х очень и очень многие женщины зарабатывали себе на жизнь тяжелым физическим трудом, они были механиками, электриками, водителями автобусов и даже шахтерами. Но рабочая девушка Барби, естественно, не намеревалась надевать каску и рабочую куртку. Я не знаю, так ли одевались в те годы дизайнеры моды, но твидовый костюм, маленькая шапочка и длинные перчатки были фактически униформой девушек из хороших семей, желающих заняться чем-нибудь полезным, пока им не попадется подходящий кандидат в мужья. Так могла выглядеть любая секретарша, машинистка, переписчица, в лучшем случае учительница. Эта первая ""деловая Барби"" фактически заложила основу всей будущей карьеры Барби. И действительно, Барби всегда приобретала только профессии представительниц среднего класса, никогда не занималась физическим трудом и не бралась за плохо оплачиваемые профессии. Рынок вполне оправдывает такой подход: родители девочек из среднего класса видят такие профессии в качестве основных, а родители девочек из более бедных слоев населения видят в этих профессиях хорошие ориентиры. Busy Girl Barbie стала первой в череде бесконечных Барби - бизнес-леди, повторяющихся из года в год с разными аксессуарами и под разными названиями: Business Girl, Busy Woman, Business Executive, Working Girl, Office Barbie и т.д. Чем занимаются эти Барби, ""Маттел"" не уточняет, но так или иначе они демонстрируют некоторую четкую позицию: женщина может добиться высоких постов, а карьера - это классно и престижно.\n\nНовые карьерные вариации Барби, как уже было сказано, возникали тогда, когда общественность начинала муссировать тему рабочего статуса женщины, и исчезали, как только эту тему можно было начать игнорировать. Здесь сказался один из главных маркетинговых талантов ""Маттел"" - талант использовать конъюнктуру, запрыгивать на волну обсуждаемой модной темы и соскакивать с нее, когда волна начинает идти на убыль. Профессиональная деятельность Барби развивалась ровно по тем же законам. В 1961 году Элеонора Рузвельт встала во главе Комиссии по вопросам статуса женщин при правительстве Кеннеди. Этот факт наделал много шума, и в том же году Барби получила профессии дипломированной медсестры и стюардессы. В 1963 году комиссия Рузвельта после двух лет исследований опубликовала доклад о дискриминации женщин на рабочих местах, породив целую волну дебатов о допустимых и недопустимых профессиях для представительниц слабого пола. Публикуется Equal Pay Act - речь идет о том, что мужчины и женщины, занимающие одни и те же должности, должны получать равные зарплаты. В том же году ""Маттел"" выпускает Business Woman Barbie (она же называлась Career Girl Barbie). Через год к биллю о гражданских правах добавляется Седьмой параграф - ""против дискриминации при приеме на работу"". Он включает в себя запрет на дискриминацию по половому признаку, но ситуация остается двойственной: ни билль, ни новую поправку невозможно ратифицировать на местах, поскольку фактически отсутствует механизм контроля, заставляющий работодателя соблюдать навязанные ему правила. Женщины, борющиеся за равноправие на рабочих местах, становятся объектом постоянных насмешек и карикатур в прессе. Таким образом, тема существует, но однозначное отношение к ней не выработано. В результате в 1964 и 1965 годах Барби\n\nполучает целый ряд новых профессий, но все они носят очень осторожный и традиционный характер, а некоторые, по понятиям феминисток, заслуживают осуждения. Так, с одной стороны, Барби оказывается космонавтом (что, скорее, объясняется бешеным интересом к теме космоса), с другой - Барби оказывается чирлидером, мажореткой, редактором модного журнала, фотографом моды, учительницей географии и актрисой. В 1966 году она получает еще одну суперженскую профессию - стюардессы в ""Пан-Американ"". До 1972 года никаких особых крупных событий в борьбе женщин за право на свободную карьеру не происходит, и - сюрприз! - ""карьерные"" Барби исчезают. Но в 1972-м году все снова меняется: Конгресс утверждает Девятый параграф Образовательного кодекса - параграф о равных правах на образование. Кроме того, проводится запрет на сегрегированные объявления о найме рабочей силы теперь все объявления должны печататься без специфического указания на предназначение должности для женщин или для мужчин. Девятый параграф означает, что учебные заведения должны отменить квоту на поступление для женщин и отменить запрет принимать женщин на те или иные факультеты. Соответственно, огромное количество представительниц ОтнынеСильного Пола подают заявки на изучение медицины или юриспруденции. Опять бум в прессе, и ""Маттел"" выпускает ""Барби-Хирурга"", очередной раз продемонстрировав свое поразительное умение держать нос по ветру. С 1973 по 1978 год, т.е. на протяжении пяти лет, Барби фактически не занимается своей карьерой - она отдает все свои силы спорту. Говоря конкретно, Барби становится олимпийской чемпионкой: к олимпиаде 1975 года ""Маттел"" выпускает ""Барби-Золотую-медалистку"", ""Барби-Лыжницу"", ""Барби-Конькобежца"" и ""БарбиПловчиху"" - все они выходят в серии ""Олимпийская\n\nБарби"". Однако в 1977 году тема ""женщины и профессия"" возвращается в большой мир: Национальная женская конференция в Техасе собирает невероятное количество участников - 20 тысяч. Тут же на свет появляется ""Барби с утра и до вечера"" (Day & Night Barbie), которую представляют как business executive - ""ответственного руководителя"". Эта же модель перерождается спустя семь лет, в 1985 году, в Business Executive Barbie. С этого момента карьерный рост Барби становится практически непрерывным. Дело в том, что 80-е стали годами окончательной победы деловых женщин. Многочисленные нововведения, облегчающие уход за детьми, социальные структуры, позволяющие матерям работать полный день, нарушение семейных сценариев, в результате которых распад брака становится обыденной ситуацией, что заставляет мать-одиночку постоянно работать с целью обеспечить себя и своих детей, плюс плохо соблюдающаяся, но все же существующая правовая основа, создающая равные условия для работающих женщин и мужчин, - все это окончательно формирует ситуацию, в которой работа становится совершенно неотъемлемой частью жизни женщин. Золотая девочка компании ""Маттел"" тоже берется за ум. С этого момента мы получаем хотя бы одну ""карьерную"" Барби едва ли не каждый год. Например, для женщин все чаще открываются вакансии, раньше доступные только мужчинам, и в конце 80-х - начале 90-х годов телевидение начинает создавать моду на женщинвоенных и женщин-полицейских. Это карьерное направление становится постоянным в мире Барби: оно тем выгоднее для ""Маттел"", что позволяет подчеркнуть патриотизм куклы. В 1989 году выпускается первая Барби в стиле милитари - так называемая Army Barbie. С 1990 года ее военная и полицейская карьера обретает конкретику: мы получаем капитана военно-воздушных сил, в 1991 году - офицера флота, в 1993 году -\n\nодновременно военврача и полицейского, в 1994 году командира летного эскадрона. Причина: огромный интерес общественности к теме армии, вызванный войной в Персидском заливе и ее последствиями. Потом война закончилась, тема армии перестала особо интересовать публику на несколько лет, и Барби оставила свои милитаристские замашки вплоть до 2000 года, когда армейская тема опять оказалась у всех на устах в связи с иракскими событиями. ""Маттел"" немедленно произвела на свет ""Барби-Паратрупера"" в комплекте с аптечкой первой помощи (Барби и Кен - паратруперы продаются в коробках, на задней стенке которых изображены... барханы). Другой пример: в 1992 году из-за обилия женщин, баллотирующихся на государственные посты, пресса заговорила о ""годе женщин"". В том же году мы получили ""Барби-Кандидата-в-президенты"", чей деловой костюм ""одним движением руки"" превращался в вечернее платье со звездами и полосами. Нам сообщалось, что ""Барби отправляется на инаугурационный бал"". Подобную же оперативность ""Маттел"" демонстрирует в 1994 году. Тогда был принят билль о гендерном равенстве в образовании и американское правительство сформулировало позицию, требующую поощрять в девушках интерес к разнообразию в выборе карьеры, в частности - к математике, естественным наукам и тому подобным ""мальчиковым"" сферам деятельности. ""Маттел"" немедленно выпустила целых пять профессиональных Барби: командир летного эскадрона, астронавт, педиатр, ветеринар и пожарник, профессии, по большей части традиционно занимаемые мужчинами. И все-таки проявления доброй воли в чистом виде было недостаточно: существовало слишком много желающих обвинять Барби во всех смертных грехах и, в частности, в проблемах, связанных с социальным статусом женщины. На слишком широкие плечи этой\n\nкуклы со слишком узкой талией возлагали ответственность за неврозы, связанные с восприятием собственной внешности, за женский консюмеризм, одновременно за сексуальную распущенность и сексуальную неудовлетворенность женщин, за то, что мужчины видят в блондинках безмозглых бимбо, и за прочие женские беды и напасти. После того как в 1998 году компания сделала Барби чуть более реалистичной, несколько расширив талию и уменьшив грудь куклы, пришло время еще раз сделать заявку насчет готовности Барби учить девочек прогрессивным идеалам. В 1999 году ""Маттел"" сделала огромную кампанию за пропаганду нового имиджа куклы. Кампания называлась: ""Be anything"". ""Маттел"" подписала контракт с компанией Girls Incorporated, прежде называвшейся ""Girls Club of America"" - крупнейшей организацией для девочек в США (следом за ней по численности участниц идет правильно! - Клуб Любительниц Барби). С этого момента, заявила ""Маттел"", ""все усилия будут сосредоточены не на куклах, а на самих девочках"". Рекламы демонстрировали, что девочка может стать хоккейным вратарем, игроком в теннис, астронавтом, компьютерным инженером словом, фактически кем угодно. Разъяренные феминистки обвинили Girls Incorporated в продажности: мол, всегда было известно, что Барби только притворяется карьерной куклой, а на самом деле торгует консюмеризмом и консервативностью в то время, как Girls Incorporated изначально заявляла, что намерена настраивать девочек на свободу выбора и на осознание своего права заниматься любым делом по своему вкусу. Я помню публикации, в которых противницы союза ""Маттел"" и GI с горечью писали: ""Нет лучшего способа победить своего врага, чем подкупить его"". Так или иначе союз возник. С этого момента ""Маттел"" продвигала как бы не кукол, а новые ценности: право мечтать о достижениях, право играть в любые игры и побеждать. Совместно две\n\nдевичьих организации проводили акции по профессиональному ориентированию, телешоу, круглые столы. ""Маттел"" выпустила новую игровую серию кукол под названием: ""I can be"" - целых шесть карьерных кукол в один год. В этой серии появилась - ""Барби-Пилот"", опять ""Барби-Working-Woman"" (с ноутбуком, мобильным телефоном и неопределимой сферой деятельности), ""Барби-Учительница-языка-жестов"" (со сгибающимися пальчиками), ""Барби-Футболистка"", ""Барби-Сыщик"" и ""Барби-Игрок-в-бейсбол-из-высшей-лиги"". Правда, в этом же году были выпущены на заказ ""Барби-Официантка"" (для компании ""Кока-Кола"") и ""Барби-Косметолог"" (для компании ""Эйвон""). В 2000 году серия продолжилась; появилась ""Барби-Педиатр"", ""Барби-Учительницавождения"" и ""Барби-Учительница рисования"". Но самым интересным дополнением к карьерной линии ""Маттел"" стала ""Барби-Президент-США"", если верить рекламному плакату, ""готовая приступить к работе в Овальном офисе"". В свете близящихся президентских выборов кукла раскупалась на ура. Последний на сегодняшний день карьерный рывок Барби совершила в 2002 году. С тех пор никакого особого интереса в профессиональной деятельности у этой куклы не наблюдалось. С тех пор появилась только одна Барби, которую можно было бы причислить к профессиональным: в 2004 году ""Маттел"" выпустила в серии ""Happy family"" Барби под названием ""Baby Doctor"" - короче говоря, специалист по неонатальной медицине. Ей предстояло возиться с новорожденным младенцем подруги Мидж. На официальном сайте Барби существует трудно находимый раздел ""I can be"", так или иначе посвященный будущим карьерным занятиям девочек. Здесь предлагается пять вариантов профессий: врач, художник, учитель рисования, балерина и фигуристка как видим, ничего радикального. Сторонницы билля о гендерном равенстве в образовании имеют полное право\n\nупрекать Барби в ограниченности и консервативности: здесь нет профессий хакера, архитектора, машиниста и финансового аналитика. Но в то же время профессии, присутствующие в списке на сайте, во-первых, требуют серьезного труда, а во-вторых, связаны с творческим самовыражением. Правда, в этом списке, как в психометрическом тесте, вызывает подозрение слово ""доктор"" - оно кажется лишним в ряду и, видимо, является очередным примером защитного буфера. Впрочем, если смотреть на более или менее полный список профессий Барби за все годы ее существования, то в целом невозможно упрекнуть ее в потакании сугубо женским занятиям, особенно в последнее время. Мажоретка и чирлидер могут вызвать возмущение у тех, для кого эти занятия сами по себе ассоциируются с тупоголовыми блондинками, но в целом традиционные упреки в адрес Барби сейчас кажутся мне несколько необоснованными. Если что-то и вызывает у меня неприязнь, то это, скорее, не выбор кукольных профессий как таковой, а то, как все эти профессии подаются. Тут ситуация похожа на уже рассмотренную ситуацию с деньгами: совершенно непонятно, откуда что берется. Создается такое впечатление, что Барби приобретает новые профессии так же, как она приобретает новые машины - по щучьему велению, по своему хотению. Она не знает не только трудностей, связанных с получением той или иной профессии, но и трудностей, связанных с профессиональной практикой. В ее деятельности нет элементов труда или усталости. В любом из ее занятий вообще нет отрицательных или неприятных сторон. Начинает казаться, что доктор Барби никогда в жизни не видела ни крови, ни смерти, а Барби-следователь напоминает Айс Вентуру - сыщика по делам домашних животных, а не реального следователя, постоянно имеющего дело с самыми неприглядными сторонами\n\nжизни. Когда я узнала, что ""Маттел"" выпустила Барбипалеонтолога, во мне затеплилась надежда: в конце концов, вот уж профессия, в которой основные аксессуары - пыль да кости. Но выяснилось, что Барби в роли исследователя прошлого выкапывает из земли не окаменелости и не останки мертвых животных, а целых разноцветных динозавриков. В общем, о Барби как об инструменте профессионального ориентирования не может быть и речи, что бы ""Маттел"" ни говорила. Нигде, никогда, никаким образом нам не рассказывают о причинах, по которым Барби выбирает ту или иную карьеру. Нам обычно не говорят о талантах или наклонностях, которыми надо обладать для выполнения тех или иных профессиональных обязанностей, не описывают путь, который необходимо пройти для получения соответствующих навыков. Нам не рассказывают о том, как устроены трудовые будни того же дантиста, или палеонтолога, или даже редактора модного журнала. Типичная сцена из журнальчиков про Барби - Барбидоктор держит за ручку очередного пациента, который благодарит ее не за лечение, связанное, как уже было сказано, с неприятными процедурами, а за добрый совет по поводу сохранения и без того прекрасного здоровья. Так что о профессиональном ориентировании речь не идет - максимум речь идет о некотором условном и очень поверхностном стимулировании интереса к той или иной профессии. Впрочем, меня не оставляет ощущение, что и этого более чем достаточно. Все карьерные Барби делаются, как уже говорилось, не для самих девочек, а для их родителей. Девочки хотят играть в принцесс или в вечеринки и переодевать своих кукол из одной одежки в другую. Если у их мам и пап становится легче на душе от присутствия в наборе некоего подобия зеленой формы хирурга или строгой полицейской униформы, ""Маттел""\n\nготова производить и промотировать такие вариации куклы. Каждая из них стоит от 10 до 25 долларов, и если родители, озабоченные будущим девочки, подарят ей на Новый год Барби-палеонтолога, это будет лучше, чем если озабоченные ее будущим родители не подарят своей дочери ни единой Барби вообще. И в этом аспекте, как и во всех остальных, мир Барби создается исключительно по запросам и требованиям мира вокруг Барби.\n\nЧасть третья\n\nМИР ВОКРУГ БАРБИ', 'query': 'Girls Incorporated Mattel partnership 1999 «Be anything» campaign feminist criticism reactions', 'supports_claim': True}, {'url': 'local://goralik-polaya-zhenshchina/ch09', 'title': 'Горалик · Полая женщина · глава 9', 'snippet': 'Глава девятая. Девушки могут все: занятия и профессии Барби\n\nИсточник: Линор Горалик, «Полая женщина: Мир Барби изнутри и снаружи» (НЛО, 2005).\n\nГлава девятая\n\nДЕВУШКИ МОГУТ ВСЕ: ЗАНЯТИЯ И ПРОФЕССИИ БАРБИ\n\nТо, как Барби проводит время, невольно заставляет думать о серьезных психологических проблемах этой юной девушки, впрочем частично объясняющихся отсутствием у нее добрых и любящих родителей. Барби испытывает мучительную потребность во внешней\n\nоценке и внешнем одобрении, что постоянно толкает ее на все новые и новые социальные и карьерные достижения. Она фантастически, невыносимо экстравертна и явно не способна хоть на пять минут остаться одна. О времяпрепровождении Барби мы узнаем из описания новых выходящих на рынок моделей, ""Барбикниг"" и посвященных этой кукле журналов. Удивительным образом бесконечная череда вечеринок, туристических поездок и походов в кафе с друзьями не помешала Барби освоить более семи десятков профессий за последние сорок шесть лет. Составить полный список всех карьерных достижений Барби практически невозможно: довольно большое количество таких моделей было выпущено ""Маттел"" не для общего рынка, а для каких-нибудь крупных торговых марок или для сетей универсальных магазинов. Например, существовала Барби - продавщица кока-колы, сделанная соответственно по заказу корпорации ""Кока-Кола"", и Барби распространительница продуктов компании Avon, сделанная по заказу Avon Cosmetics. Особая Барби была произведена ""Маттел"" к юбилею сети игрушечных магазинов ""Toys Are Us"", специально разработанная маленькая Барби продавалась в ""Макдоналдсе"" - словом, примеров хватает Все ""профессиональные"" Барби принадлежат игровой линии Если я не ошибаюсь, карьерные Барби никогда не выпускались в коллекционных сериях, кроме нескольких куколок в серии ""Silkstone"", скажем, ""БарбиРедактор-раздела-моды"" и ""Кен-Инсайдер-моднойиндустрии"". Помню, что мой собственный вопрос о коллекционных Барби-""профессионалках"" не вызвал энтузиазма на форуме собирателей куклы. Я готова предположить, что дело здесь не только в том и даже далеко не в том, что для профессиональной Барби невозможно создать роскошный наряд, - в конце концов\n\nБоб Мэки наверняка прекрасно одел бы ""БарбиУкротительницу-львов"" или ""Барби-Флориста"". Просто профессиональная Барби, видимо, не очень интересует взрослых коллекционеров, потому что им за глаза и за уши хватает собственной профессиональной деятельности. Они, я полагаю, не видят особой радости в том, чтобы тащить домой куклу-бизнесмена или куклуврача. Но гораздо больше нам говорит тот факт, что в ""профессиональных"" Барби не слишком заинтересованы не только взрослые, но и дети. Дети вообще редко играют в конкретные профессии, кроме знаменитой игры в доктора, которая, как известно, преследует цели, далекие от профориентации. Бывают, конечно, игры в спасателей, пожарников или милицию и воров, но и здесь, как мы все понимаем, о развитии вкуса к будущей профессии речь не идет. Иногда дети играют в профессии, которыми занимаются их родители, самым поверхностным образом имитируя известные им элементы этих профессий с целью отыграть те или иные жизненные ситуации. Мне трудно представить себе, что мои собственные племянники ни с того ни с сего устроят серьезную и целенаправленную игру в палеонтологов или программистов. Игра в ветеринара может иметь тяжелые последствия для кошки и вряд ли напрямую связана с желанием как следует понять основы этой благородной профессии. Девочки предаются ""профессиональным"" играм еще реже, чем мальчики. Я рискну предположить, что большинство девочек предпочтет получить в подарок ""Барби-Принцессу"", ""Барби-День-рождения"", ""Барбиидет-на-пляж"" или ""Барби-катается-на-роликовыхконьках"", а не ""Барби-Дантиста"" или ""Барби-Бизнеследи"". Не сомневаюсь, что компания ""Маттел"" прекрасно это понимает, - и все-таки выпускать карьерных Барби ей приходится постоянно. Такое упорство вызвано отнюдь не запросом рынка, то есть не желанием маленьких\n\nдевочек приобрести ""Барби-Палеонтолога"" или ""БарбиСтюардессу"", а социальным давлением, постоянно оказываемым на ""Маттел"" со стороны прессы и родителей. Если бы Барби не занималась чем-нибудь трудоемким и престижным для зарабатывания собственного хлеба, ""Маттел"" было бы гораздо труднее отражать атаки, связанные с консюмеризмом куклы и с ее навязчивой привычкой следовать моде; кроме того, было бы гораздо сложнее говорить о позитивном влиянии Барби в деле воспитания молодого поколения. В целом ряде случаев ""Маттел"" выдвигает эти вариации своей модной куколки вперед на манер щита. Одна умная, но скучно одетая Барби защищает целую плеяду своих красивых, расфуфыренных и легкомысленных сестер. Именно давление со стороны родителей, феминисток, педагогов и прессы заставляет ""Маттел"" постоянно прилагать большие усилия для того, чтобы взгляды Барби на работу и карьеру можно было считать передовыми и даже опережающими время. Любимый пример, приводимый компанией каждый раз, когда речь заходит о карьерных достижениях их куклы, - ""Барби-Астронавт"" производства 1965 года, ""полетевшая в космос задолго до того, как первая женщина действительно ступила на борт космического корабля"". Однако других особо ярких примеров такого рода у компании ""Маттел"" нет. Я с большим удовольствием потратила несколько дней, накладывая хронологию карьерного развития Барби на историю женского движения и в особенности на историю борьбы женщин за карьерное равноправие с 1959 года - года выпуска Барби и по сегодняшний день. Такое сравнение позволяет увидеть, что в плане карьеры Барби действует фактически так же, как она действует в плане моды, т.е. оказывается не лидером-провозвестником новых тенденций, а их легитимизатором и в некоторой мере барометром происходящего. Можно быть твердо уверенным, что если\n\nБарби начала развивать деятельность на том или ином поприще, то поприще это уже некоторое время надежно существует в качестве игровой площадки для женщин в реальном мире. Скажем, в 1956 году, т.е. в том году, когда Хендлер изобрела Барби (ей, как мы помним, потребовалось три года, чтобы уговорить своих партнеров начать выпускать куклу), журнал ""Life"" назвал ""идеалом американской женщины"" тридцатидвухлетнюю мать четверых детей, естественно, нигде не работающую. Однако за три года, прошедшие до выхода Барби на рынок, реальность сильно изменилась. Именно тогда, в конце 50-х, поднялась так называемая ""вторая волна женского движения"" (первую относят к 20 - 30-м годам прошлого века). Новые борцы за права женщин требовали уже не таких базовых вещей, как право голосования, посещения любых общественных заведений и осуществления финансовых операций, но подлинного равенства женщин и мужчин в самых разных областях деятельности. Крах американской мечты 50-х привел к тому, что все больше и больше женщин стали занимать рабочие места, до сих пор отводившиеся в основном мужчинам. Для семьи все существеннее становился заработок жены, превратившийся в полновесную составляющую семейного бюджета. К началу 60-х новые феминистки Америки смогли составить общее представление о ситуации с женским трудом в США. Ситуация была аховой: там, где мужчина получал за свою работу доллар, женщина получала за ту же работу 63 цента. В результате схлопывания военной индустрии женщины теряли места на фабриках и заводах, а частный сектор, переставший испытывать недостаток мужских рук, всегда предпочитал взять на вакантное место мужчину, а не женщину, - пусть мужчине и приходилось платить больше. В газетах объявлений сообщения о поиске работников были разделены на две категории: ""Женщины"" и ""Мужчины"". Только два процента\n\nпредставителей интеллектуальных профессий - врачей, адвокатов, судей, дантистов, инженеров, архитекторов были женщинами. Подавляющее большинство престижных университетов не допускало женщин на значительную часть факультетов или имело жесткую квоту: иногда 1 женщина на 50 абитуриентов. Все эти факторы определили направление нового витка борьбы за права женщин - это была борьба за равенство на рабочих местах. В 1959 - 1960 годах тема ""Женщины и карьера"" была одной из самых дебатируемых в прессе. Выходила масса статей ""за"" и ""против"" работающих женщин. Представительницы разных профессий шумно спорили в популярных ток-шоу с мужчинами, отстаивающими семейные ценности. Именно тогда впервые проявилась интересная тенденция, определявшая развитие карьеры Барби в течении как минимум трех десятилетий: ее профессиональные достижения всегда были связаны не так с конкретным положением дел на рынке женского труда и даже не так с какими-нибудь специфическими событиями позитивного и негативного толка в этой области, как с шумихой, возникающей вокруг тех или иных аспектов темы. Скажем, в 1960 году ""Маттел"" выпустила Busy Girl Barbie. Считалось, что она ""дизайнер моды"", т.е., с одной стороны, женщина как бы работающая и как бы занимающаяся креативной профессией, но в то же время никоим образом не преступающая границы традиционных женских занятий (как известно, мужчины-кутюрье стали довольно поздним приобретением XX века). До этого момента Барби существовала в совсем немногих вариациях: исходная Барби 1959 года была фотомоделью, у нее был купальник, свадебное платье, костюм балерины и еще один наряд для свободного времяпрепровождения. Однако Busy Girl сильно отличалась от предыдущих вариаций: на ней был твидовый костюм, длинные перчатки и строгая шапочка. По большому счету девочки\n\nмогли видеть в ней собственных мам - благо работающих мам именно в конце 50-х - начале 60-х стало больше, чем когда-либо в истории. Никаких особых аксессуаров у этой Барби не было. Если верить данным, опубликованным Национальной организацией женщин Америки, в начале 60-х очень и очень многие женщины зарабатывали себе на жизнь тяжелым физическим трудом, они были механиками, электриками, водителями автобусов и даже шахтерами. Но рабочая девушка Барби, естественно, не намеревалась надевать каску и рабочую куртку. Я не знаю, так ли одевались в те годы дизайнеры моды, но твидовый костюм, маленькая шапочка и длинные перчатки были фактически униформой девушек из хороших семей, желающих заняться чем-нибудь полезным, пока им не попадется подходящий кандидат в мужья. Так могла выглядеть любая секретарша, машинистка, переписчица, в лучшем случае учительница. Эта первая ""деловая Барби"" фактически заложила основу всей будущей карьеры Барби. И действительно, Барби всегда приобретала только профессии представительниц среднего класса, никогда не занималась физическим трудом и не бралась за плохо оплачиваемые профессии. Рынок вполне оправдывает такой подход: родители девочек из среднего класса видят такие профессии в качестве основных, а родители девочек из более бедных слоев населения видят в этих профессиях хорошие ориентиры. Busy Girl Barbie стала первой в череде бесконечных Барби - бизнес-леди, повторяющихся из года в год с разными аксессуарами и под разными названиями: Business Girl, Busy Woman, Business Executive, Working Girl, Office Barbie и т.д. Чем занимаются эти Барби, ""Маттел"" не уточняет, но так или иначе они демонстрируют некоторую четкую позицию: женщина может добиться высоких постов, а карьера - это классно и престижно.\n\nНовые карьерные вариации Барби, как уже было сказано, возникали тогда, когда общественность начинала муссировать тему рабочего статуса женщины, и исчезали, как только эту тему можно было начать игнорировать. Здесь сказался один из главных маркетинговых талантов ""Маттел"" - талант использовать конъюнктуру, запрыгивать на волну обсуждаемой модной темы и соскакивать с нее, когда волна начинает идти на убыль. Профессиональная деятельность Барби развивалась ровно по тем же законам. В 1961 году Элеонора Рузвельт встала во главе Комиссии по вопросам статуса женщин при правительстве Кеннеди. Этот факт наделал много шума, и в том же году Барби получила профессии дипломированной медсестры и стюардессы. В 1963 году комиссия Рузвельта после двух лет исследований опубликовала доклад о дискриминации женщин на рабочих местах, породив целую волну дебатов о допустимых и недопустимых профессиях для представительниц слабого пола. Публикуется Equal Pay Act - речь идет о том, что мужчины и женщины, занимающие одни и те же должности, должны получать равные зарплаты. В том же году ""Маттел"" выпускает Business Woman Barbie (она же называлась Career Girl Barbie). Через год к биллю о гражданских правах добавляется Седьмой параграф - ""против дискриминации при приеме на работу"". Он включает в себя запрет на дискриминацию по половому признаку, но ситуация остается двойственной: ни билль, ни новую поправку невозможно ратифицировать на местах, поскольку фактически отсутствует механизм контроля, заставляющий работодателя соблюдать навязанные ему правила. Женщины, борющиеся за равноправие на рабочих местах, становятся объектом постоянных насмешек и карикатур в прессе. Таким образом, тема существует, но однозначное отношение к ней не выработано. В результате в 1964 и 1965 годах Барби\n\nполучает целый ряд новых профессий, но все они носят очень осторожный и традиционный характер, а некоторые, по понятиям феминисток, заслуживают осуждения. Так, с одной стороны, Барби оказывается космонавтом (что, скорее, объясняется бешеным интересом к теме космоса), с другой - Барби оказывается чирлидером, мажореткой, редактором модного журнала, фотографом моды, учительницей географии и актрисой. В 1966 году она получает еще одну суперженскую профессию - стюардессы в ""Пан-Американ"". До 1972 года никаких особых крупных событий в борьбе женщин за право на свободную карьеру не происходит, и - сюрприз! - ""карьерные"" Барби исчезают. Но в 1972-м году все снова меняется: Конгресс утверждает Девятый параграф Образовательного кодекса - параграф о равных правах на образование. Кроме того, проводится запрет на сегрегированные объявления о найме рабочей силы теперь все объявления должны печататься без специфического указания на предназначение должности для женщин или для мужчин. Девятый параграф означает, что учебные заведения должны отменить квоту на поступление для женщин и отменить запрет принимать женщин на те или иные факультеты. Соответственно, огромное количество представительниц ОтнынеСильного Пола подают заявки на изучение медицины или юриспруденции. Опять бум в прессе, и ""Маттел"" выпускает ""Барби-Хирурга"", очередной раз продемонстрировав свое поразительное умение держать нос по ветру. С 1973 по 1978 год, т.е. на протяжении пяти лет, Барби фактически не занимается своей карьерой - она отдает все свои силы спорту. Говоря конкретно, Барби становится олимпийской чемпионкой: к олимпиаде 1975 года ""Маттел"" выпускает ""Барби-Золотую-медалистку"", ""Барби-Лыжницу"", ""Барби-Конькобежца"" и ""БарбиПловчиху"" - все они выходят в серии ""Олимпийская\n\nБарби"". Однако в 1977 году тема ""женщины и профессия"" возвращается в большой мир: Национальная женская конференция в Техасе собирает невероятное количество участников - 20 тысяч. Тут же на свет появляется ""Барби с утра и до вечера"" (Day & Night Barbie), которую представляют как business executive - ""ответственного руководителя"". Эта же модель перерождается спустя семь лет, в 1985 году, в Business Executive Barbie. С этого момента карьерный рост Барби становится практически непрерывным. Дело в том, что 80-е стали годами окончательной победы деловых женщин. Многочисленные нововведения, облегчающие уход за детьми, социальные структуры, позволяющие матерям работать полный день, нарушение семейных сценариев, в результате которых распад брака становится обыденной ситуацией, что заставляет мать-одиночку постоянно работать с целью обеспечить себя и своих детей, плюс плохо соблюдающаяся, но все же существующая правовая основа, создающая равные условия для работающих женщин и мужчин, - все это окончательно формирует ситуацию, в которой работа становится совершенно неотъемлемой частью жизни женщин. Золотая девочка компании ""Маттел"" тоже берется за ум. С этого момента мы получаем хотя бы одну ""карьерную"" Барби едва ли не каждый год. Например, для женщин все чаще открываются вакансии, раньше доступные только мужчинам, и в конце 80-х - начале 90-х годов телевидение начинает создавать моду на женщинвоенных и женщин-полицейских. Это карьерное направление становится постоянным в мире Барби: оно тем выгоднее для ""Маттел"", что позволяет подчеркнуть патриотизм куклы. В 1989 году выпускается первая Барби в стиле милитари - так называемая Army Barbie. С 1990 года ее военная и полицейская карьера обретает конкретику: мы получаем капитана военно-воздушных сил, в 1991 году - офицера флота, в 1993 году -\n\nодновременно военврача и полицейского, в 1994 году командира летного эскадрона. Причина: огромный интерес общественности к теме армии, вызванный войной в Персидском заливе и ее последствиями. Потом война закончилась, тема армии перестала особо интересовать публику на несколько лет, и Барби оставила свои милитаристские замашки вплоть до 2000 года, когда армейская тема опять оказалась у всех на устах в связи с иракскими событиями. ""Маттел"" немедленно произвела на свет ""Барби-Паратрупера"" в комплекте с аптечкой первой помощи (Барби и Кен - паратруперы продаются в коробках, на задней стенке которых изображены... барханы). Другой пример: в 1992 году из-за обилия женщин, баллотирующихся на государственные посты, пресса заговорила о ""годе женщин"". В том же году мы получили ""Барби-Кандидата-в-президенты"", чей деловой костюм ""одним движением руки"" превращался в вечернее платье со звездами и полосами. Нам сообщалось, что ""Барби отправляется на инаугурационный бал"". Подобную же оперативность ""Маттел"" демонстрирует в 1994 году. Тогда был принят билль о гендерном равенстве в образовании и американское правительство сформулировало позицию, требующую поощрять в девушках интерес к разнообразию в выборе карьеры, в частности - к математике, естественным наукам и тому подобным ""мальчиковым"" сферам деятельности. ""Маттел"" немедленно выпустила целых пять профессиональных Барби: командир летного эскадрона, астронавт, педиатр, ветеринар и пожарник, профессии, по большей части традиционно занимаемые мужчинами. И все-таки проявления доброй воли в чистом виде было недостаточно: существовало слишком много желающих обвинять Барби во всех смертных грехах и, в частности, в проблемах, связанных с социальным статусом женщины. На слишком широкие плечи этой\n\nкуклы со слишком узкой талией возлагали ответственность за неврозы, связанные с восприятием собственной внешности, за женский консюмеризм, одновременно за сексуальную распущенность и сексуальную неудовлетворенность женщин, за то, что мужчины видят в блондинках безмозглых бимбо, и за прочие женские беды и напасти. После того как в 1998 году компания сделала Барби чуть более реалистичной, несколько расширив талию и уменьшив грудь куклы, пришло время еще раз сделать заявку насчет готовности Барби учить девочек прогрессивным идеалам. В 1999 году ""Маттел"" сделала огромную кампанию за пропаганду нового имиджа куклы. Кампания называлась: ""Be anything"". ""Маттел"" подписала контракт с компанией Girls Incorporated, прежде называвшейся ""Girls Club of America"" - крупнейшей организацией для девочек в США (следом за ней по численности участниц идет правильно! - Клуб Любительниц Барби). С этого момента, заявила ""Маттел"", ""все усилия будут сосредоточены не на куклах, а на самих девочках"". Рекламы демонстрировали, что девочка может стать хоккейным вратарем, игроком в теннис, астронавтом, компьютерным инженером словом, фактически кем угодно. Разъяренные феминистки обвинили Girls Incorporated в продажности: мол, всегда было известно, что Барби только притворяется карьерной куклой, а на самом деле торгует консюмеризмом и консервативностью в то время, как Girls Incorporated изначально заявляла, что намерена настраивать девочек на свободу выбора и на осознание своего права заниматься любым делом по своему вкусу. Я помню публикации, в которых противницы союза ""Маттел"" и GI с горечью писали: ""Нет лучшего способа победить своего врага, чем подкупить его"". Так или иначе союз возник. С этого момента ""Маттел"" продвигала как бы не кукол, а новые ценности: право мечтать о достижениях, право играть в любые игры и побеждать. Совместно две\n\nдевичьих организации проводили акции по профессиональному ориентированию, телешоу, круглые столы. ""Маттел"" выпустила новую игровую серию кукол под названием: ""I can be"" - целых шесть карьерных кукол в один год. В этой серии появилась - ""Барби-Пилот"", опять ""Барби-Working-Woman"" (с ноутбуком, мобильным телефоном и неопределимой сферой деятельности), ""Барби-Учительница-языка-жестов"" (со сгибающимися пальчиками), ""Барби-Футболистка"", ""Барби-Сыщик"" и ""Барби-Игрок-в-бейсбол-из-высшей-лиги"". Правда, в этом же году были выпущены на заказ ""Барби-Официантка"" (для компании ""Кока-Кола"") и ""Барби-Косметолог"" (для компании ""Эйвон""). В 2000 году серия продолжилась; появилась ""Барби-Педиатр"", ""Барби-Учительницавождения"" и ""Барби-Учительница рисования"". Но самым интересным дополнением к карьерной линии ""Маттел"" стала ""Барби-Президент-США"", если верить рекламному плакату, ""готовая приступить к работе в Овальном офисе"". В свете близящихся президентских выборов кукла раскупалась на ура. Последний на сегодняшний день карьерный рывок Барби совершила в 2002 году. С тех пор никакого особого интереса в профессиональной деятельности у этой куклы не наблюдалось. С тех пор появилась только одна Барби, которую можно было бы причислить к профессиональным: в 2004 году ""Маттел"" выпустила в серии ""Happy family"" Барби под названием ""Baby Doctor"" - короче говоря, специалист по неонатальной медицине. Ей предстояло возиться с новорожденным младенцем подруги Мидж. На официальном сайте Барби существует трудно находимый раздел ""I can be"", так или иначе посвященный будущим карьерным занятиям девочек. Здесь предлагается пять вариантов профессий: врач, художник, учитель рисования, балерина и фигуристка как видим, ничего радикального. Сторонницы билля о гендерном равенстве в образовании имеют полное право\n\nупрекать Барби в ограниченности и консервативности: здесь нет профессий хакера, архитектора, машиниста и финансового аналитика. Но в то же время профессии, присутствующие в списке на сайте, во-первых, требуют серьезного труда, а во-вторых, связаны с творческим самовыражением. Правда, в этом списке, как в психометрическом тесте, вызывает подозрение слово ""доктор"" - оно кажется лишним в ряду и, видимо, является очередным примером защитного буфера. Впрочем, если смотреть на более или менее полный список профессий Барби за все годы ее существования, то в целом невозможно упрекнуть ее в потакании сугубо женским занятиям, особенно в последнее время. Мажоретка и чирлидер могут вызвать возмущение у тех, для кого эти занятия сами по себе ассоциируются с тупоголовыми блондинками, но в целом традиционные упреки в адрес Барби сейчас кажутся мне несколько необоснованными. Если что-то и вызывает у меня неприязнь, то это, скорее, не выбор кукольных профессий как таковой, а то, как все эти профессии подаются. Тут ситуация похожа на уже рассмотренную ситуацию с деньгами: совершенно непонятно, откуда что берется. Создается такое впечатление, что Барби приобретает новые профессии так же, как она приобретает новые машины - по щучьему велению, по своему хотению. Она не знает не только трудностей, связанных с получением той или иной профессии, но и трудностей, связанных с профессиональной практикой. В ее деятельности нет элементов труда или усталости. В любом из ее занятий вообще нет отрицательных или неприятных сторон. Начинает казаться, что доктор Барби никогда в жизни не видела ни крови, ни смерти, а Барби-следователь напоминает Айс Вентуру - сыщика по делам домашних животных, а не реального следователя, постоянно имеющего дело с самыми неприглядными сторонами\n\nжизни. Когда я узнала, что ""Маттел"" выпустила Барбипалеонтолога, во мне затеплилась надежда: в конце концов, вот уж профессия, в которой основные аксессуары - пыль да кости. Но выяснилось, что Барби в роли исследователя прошлого выкапывает из земли не окаменелости и не останки мертвых животных, а целых разноцветных динозавриков. В общем, о Барби как об инструменте профессионального ориентирования не может быть и речи, что бы ""Маттел"" ни говорила. Нигде, никогда, никаким образом нам не рассказывают о причинах, по которым Барби выбирает ту или иную карьеру. Нам обычно не говорят о талантах или наклонностях, которыми надо обладать для выполнения тех или иных профессиональных обязанностей, не описывают путь, который необходимо пройти для получения соответствующих навыков. Нам не рассказывают о том, как устроены трудовые будни того же дантиста, или палеонтолога, или даже редактора модного журнала. Типичная сцена из журнальчиков про Барби - Барбидоктор держит за ручку очередного пациента, который благодарит ее не за лечение, связанное, как уже было сказано, с неприятными процедурами, а за добрый совет по поводу сохранения и без того прекрасного здоровья. Так что о профессиональном ориентировании речь не идет - максимум речь идет о некотором условном и очень поверхностном стимулировании интереса к той или иной профессии. Впрочем, меня не оставляет ощущение, что и этого более чем достаточно. Все карьерные Барби делаются, как уже говорилось, не для самих девочек, а для их родителей. Девочки хотят играть в принцесс или в вечеринки и переодевать своих кукол из одной одежки в другую. Если у их мам и пап становится легче на душе от присутствия в наборе некоего подобия зеленой формы хирурга или строгой полицейской униформы, ""Маттел""\n\nготова производить и промотировать такие вариации куклы. Каждая из них стоит от 10 до 25 долларов, и если родители, озабоченные будущим девочки, подарят ей на Новый год Барби-палеонтолога, это будет лучше, чем если озабоченные ее будущим родители не подарят своей дочери ни единой Барби вообще. И в этом аспекте, как и во всех остальных, мир Барби создается исключительно по запросам и требованиям мира вокруг Барби.\n\nЧасть третья\n\nМИР ВОКРУГ БАРБИ', 'query': 'Barbie military line Gulf War 1989–2000 production timeline and sales data', 'supports_claim': True}, {'url': 'local://goralik-polaya-zhenshchina/ch09', 'title': 'Горалик · Полая женщина · глава 9', 'snippet': 'Глава девятая. Девушки могут все: занятия и профессии Барби\n\nИсточник: Линор Горалик, «Полая женщина: Мир Барби изнутри и снаружи» (НЛО, 2005).\n\nГлава девятая\n\nДЕВУШКИ МОГУТ ВСЕ: ЗАНЯТИЯ И ПРОФЕССИИ БАРБИ\n\nТо, как Барби проводит время, невольно заставляет думать о серьезных психологических проблемах этой юной девушки, впрочем частично объясняющихся отсутствием у нее добрых и любящих родителей. Барби испытывает мучительную потребность во внешней\n\nоценке и внешнем одобрении, что постоянно толкает ее на все новые и новые социальные и карьерные достижения. Она фантастически, невыносимо экстравертна и явно не способна хоть на пять минут остаться одна. О времяпрепровождении Барби мы узнаем из описания новых выходящих на рынок моделей, ""Барбикниг"" и посвященных этой кукле журналов. Удивительным образом бесконечная череда вечеринок, туристических поездок и походов в кафе с друзьями не помешала Барби освоить более семи десятков профессий за последние сорок шесть лет. Составить полный список всех карьерных достижений Барби практически невозможно: довольно большое количество таких моделей было выпущено ""Маттел"" не для общего рынка, а для каких-нибудь крупных торговых марок или для сетей универсальных магазинов. Например, существовала Барби - продавщица кока-колы, сделанная соответственно по заказу корпорации ""Кока-Кола"", и Барби распространительница продуктов компании Avon, сделанная по заказу Avon Cosmetics. Особая Барби была произведена ""Маттел"" к юбилею сети игрушечных магазинов ""Toys Are Us"", специально разработанная маленькая Барби продавалась в ""Макдоналдсе"" - словом, примеров хватает Все ""профессиональные"" Барби принадлежат игровой линии Если я не ошибаюсь, карьерные Барби никогда не выпускались в коллекционных сериях, кроме нескольких куколок в серии ""Silkstone"", скажем, ""БарбиРедактор-раздела-моды"" и ""Кен-Инсайдер-моднойиндустрии"". Помню, что мой собственный вопрос о коллекционных Барби-""профессионалках"" не вызвал энтузиазма на форуме собирателей куклы. Я готова предположить, что дело здесь не только в том и даже далеко не в том, что для профессиональной Барби невозможно создать роскошный наряд, - в конце концов\n\nБоб Мэки наверняка прекрасно одел бы ""БарбиУкротительницу-львов"" или ""Барби-Флориста"". Просто профессиональная Барби, видимо, не очень интересует взрослых коллекционеров, потому что им за глаза и за уши хватает собственной профессиональной деятельности. Они, я полагаю, не видят особой радости в том, чтобы тащить домой куклу-бизнесмена или куклуврача. Но гораздо больше нам говорит тот факт, что в ""профессиональных"" Барби не слишком заинтересованы не только взрослые, но и дети. Дети вообще редко играют в конкретные профессии, кроме знаменитой игры в доктора, которая, как известно, преследует цели, далекие от профориентации. Бывают, конечно, игры в спасателей, пожарников или милицию и воров, но и здесь, как мы все понимаем, о развитии вкуса к будущей профессии речь не идет. Иногда дети играют в профессии, которыми занимаются их родители, самым поверхностным образом имитируя известные им элементы этих профессий с целью отыграть те или иные жизненные ситуации. Мне трудно представить себе, что мои собственные племянники ни с того ни с сего устроят серьезную и целенаправленную игру в палеонтологов или программистов. Игра в ветеринара может иметь тяжелые последствия для кошки и вряд ли напрямую связана с желанием как следует понять основы этой благородной профессии. Девочки предаются ""профессиональным"" играм еще реже, чем мальчики. Я рискну предположить, что большинство девочек предпочтет получить в подарок ""Барби-Принцессу"", ""Барби-День-рождения"", ""Барбиидет-на-пляж"" или ""Барби-катается-на-роликовыхконьках"", а не ""Барби-Дантиста"" или ""Барби-Бизнеследи"". Не сомневаюсь, что компания ""Маттел"" прекрасно это понимает, - и все-таки выпускать карьерных Барби ей приходится постоянно. Такое упорство вызвано отнюдь не запросом рынка, то есть не желанием маленьких\n\nдевочек приобрести ""Барби-Палеонтолога"" или ""БарбиСтюардессу"", а социальным давлением, постоянно оказываемым на ""Маттел"" со стороны прессы и родителей. Если бы Барби не занималась чем-нибудь трудоемким и престижным для зарабатывания собственного хлеба, ""Маттел"" было бы гораздо труднее отражать атаки, связанные с консюмеризмом куклы и с ее навязчивой привычкой следовать моде; кроме того, было бы гораздо сложнее говорить о позитивном влиянии Барби в деле воспитания молодого поколения. В целом ряде случаев ""Маттел"" выдвигает эти вариации своей модной куколки вперед на манер щита. Одна умная, но скучно одетая Барби защищает целую плеяду своих красивых, расфуфыренных и легкомысленных сестер. Именно давление со стороны родителей, феминисток, педагогов и прессы заставляет ""Маттел"" постоянно прилагать большие усилия для того, чтобы взгляды Барби на работу и карьеру можно было считать передовыми и даже опережающими время. Любимый пример, приводимый компанией каждый раз, когда речь заходит о карьерных достижениях их куклы, - ""Барби-Астронавт"" производства 1965 года, ""полетевшая в космос задолго до того, как первая женщина действительно ступила на борт космического корабля"". Однако других особо ярких примеров такого рода у компании ""Маттел"" нет. Я с большим удовольствием потратила несколько дней, накладывая хронологию карьерного развития Барби на историю женского движения и в особенности на историю борьбы женщин за карьерное равноправие с 1959 года - года выпуска Барби и по сегодняшний день. Такое сравнение позволяет увидеть, что в плане карьеры Барби действует фактически так же, как она действует в плане моды, т.е. оказывается не лидером-провозвестником новых тенденций, а их легитимизатором и в некоторой мере барометром происходящего. Можно быть твердо уверенным, что если\n\nБарби начала развивать деятельность на том или ином поприще, то поприще это уже некоторое время надежно существует в качестве игровой площадки для женщин в реальном мире. Скажем, в 1956 году, т.е. в том году, когда Хендлер изобрела Барби (ей, как мы помним, потребовалось три года, чтобы уговорить своих партнеров начать выпускать куклу), журнал ""Life"" назвал ""идеалом американской женщины"" тридцатидвухлетнюю мать четверых детей, естественно, нигде не работающую. Однако за три года, прошедшие до выхода Барби на рынок, реальность сильно изменилась. Именно тогда, в конце 50-х, поднялась так называемая ""вторая волна женского движения"" (первую относят к 20 - 30-м годам прошлого века). Новые борцы за права женщин требовали уже не таких базовых вещей, как право голосования, посещения любых общественных заведений и осуществления финансовых операций, но подлинного равенства женщин и мужчин в самых разных областях деятельности. Крах американской мечты 50-х привел к тому, что все больше и больше женщин стали занимать рабочие места, до сих пор отводившиеся в основном мужчинам. Для семьи все существеннее становился заработок жены, превратившийся в полновесную составляющую семейного бюджета. К началу 60-х новые феминистки Америки смогли составить общее представление о ситуации с женским трудом в США. Ситуация была аховой: там, где мужчина получал за свою работу доллар, женщина получала за ту же работу 63 цента. В результате схлопывания военной индустрии женщины теряли места на фабриках и заводах, а частный сектор, переставший испытывать недостаток мужских рук, всегда предпочитал взять на вакантное место мужчину, а не женщину, - пусть мужчине и приходилось платить больше. В газетах объявлений сообщения о поиске работников были разделены на две категории: ""Женщины"" и ""Мужчины"". Только два процента\n\nпредставителей интеллектуальных профессий - врачей, адвокатов, судей, дантистов, инженеров, архитекторов были женщинами. Подавляющее большинство престижных университетов не допускало женщин на значительную часть факультетов или имело жесткую квоту: иногда 1 женщина на 50 абитуриентов. Все эти факторы определили направление нового витка борьбы за права женщин - это была борьба за равенство на рабочих местах. В 1959 - 1960 годах тема ""Женщины и карьера"" была одной из самых дебатируемых в прессе. Выходила масса статей ""за"" и ""против"" работающих женщин. Представительницы разных профессий шумно спорили в популярных ток-шоу с мужчинами, отстаивающими семейные ценности. Именно тогда впервые проявилась интересная тенденция, определявшая развитие карьеры Барби в течении как минимум трех десятилетий: ее профессиональные достижения всегда были связаны не так с конкретным положением дел на рынке женского труда и даже не так с какими-нибудь специфическими событиями позитивного и негативного толка в этой области, как с шумихой, возникающей вокруг тех или иных аспектов темы. Скажем, в 1960 году ""Маттел"" выпустила Busy Girl Barbie. Считалось, что она ""дизайнер моды"", т.е., с одной стороны, женщина как бы работающая и как бы занимающаяся креативной профессией, но в то же время никоим образом не преступающая границы традиционных женских занятий (как известно, мужчины-кутюрье стали довольно поздним приобретением XX века). До этого момента Барби существовала в совсем немногих вариациях: исходная Барби 1959 года была фотомоделью, у нее был купальник, свадебное платье, костюм балерины и еще один наряд для свободного времяпрепровождения. Однако Busy Girl сильно отличалась от предыдущих вариаций: на ней был твидовый костюм, длинные перчатки и строгая шапочка. По большому счету девочки\n\nмогли видеть в ней собственных мам - благо работающих мам именно в конце 50-х - начале 60-х стало больше, чем когда-либо в истории. Никаких особых аксессуаров у этой Барби не было. Если верить данным, опубликованным Национальной организацией женщин Америки, в начале 60-х очень и очень многие женщины зарабатывали себе на жизнь тяжелым физическим трудом, они были механиками, электриками, водителями автобусов и даже шахтерами. Но рабочая девушка Барби, естественно, не намеревалась надевать каску и рабочую куртку. Я не знаю, так ли одевались в те годы дизайнеры моды, но твидовый костюм, маленькая шапочка и длинные перчатки были фактически униформой девушек из хороших семей, желающих заняться чем-нибудь полезным, пока им не попадется подходящий кандидат в мужья. Так могла выглядеть любая секретарша, машинистка, переписчица, в лучшем случае учительница. Эта первая ""деловая Барби"" фактически заложила основу всей будущей карьеры Барби. И действительно, Барби всегда приобретала только профессии представительниц среднего класса, никогда не занималась физическим трудом и не бралась за плохо оплачиваемые профессии. Рынок вполне оправдывает такой подход: родители девочек из среднего класса видят такие профессии в качестве основных, а родители девочек из более бедных слоев населения видят в этих профессиях хорошие ориентиры. Busy Girl Barbie стала первой в череде бесконечных Барби - бизнес-леди, повторяющихся из года в год с разными аксессуарами и под разными названиями: Business Girl, Busy Woman, Business Executive, Working Girl, Office Barbie и т.д. Чем занимаются эти Барби, ""Маттел"" не уточняет, но так или иначе они демонстрируют некоторую четкую позицию: женщина может добиться высоких постов, а карьера - это классно и престижно.\n\nНовые карьерные вариации Барби, как уже было сказано, возникали тогда, когда общественность начинала муссировать тему рабочего статуса женщины, и исчезали, как только эту тему можно было начать игнорировать. Здесь сказался один из главных маркетинговых талантов ""Маттел"" - талант использовать конъюнктуру, запрыгивать на волну обсуждаемой модной темы и соскакивать с нее, когда волна начинает идти на убыль. Профессиональная деятельность Барби развивалась ровно по тем же законам. В 1961 году Элеонора Рузвельт встала во главе Комиссии по вопросам статуса женщин при правительстве Кеннеди. Этот факт наделал много шума, и в том же году Барби получила профессии дипломированной медсестры и стюардессы. В 1963 году комиссия Рузвельта после двух лет исследований опубликовала доклад о дискриминации женщин на рабочих местах, породив целую волну дебатов о допустимых и недопустимых профессиях для представительниц слабого пола. Публикуется Equal Pay Act - речь идет о том, что мужчины и женщины, занимающие одни и те же должности, должны получать равные зарплаты. В том же году ""Маттел"" выпускает Business Woman Barbie (она же называлась Career Girl Barbie). Через год к биллю о гражданских правах добавляется Седьмой параграф - ""против дискриминации при приеме на работу"". Он включает в себя запрет на дискриминацию по половому признаку, но ситуация остается двойственной: ни билль, ни новую поправку невозможно ратифицировать на местах, поскольку фактически отсутствует механизм контроля, заставляющий работодателя соблюдать навязанные ему правила. Женщины, борющиеся за равноправие на рабочих местах, становятся объектом постоянных насмешек и карикатур в прессе. Таким образом, тема существует, но однозначное отношение к ней не выработано. В результате в 1964 и 1965 годах Барби\n\nполучает целый ряд новых профессий, но все они носят очень осторожный и традиционный характер, а некоторые, по понятиям феминисток, заслуживают осуждения. Так, с одной стороны, Барби оказывается космонавтом (что, скорее, объясняется бешеным интересом к теме космоса), с другой - Барби оказывается чирлидером, мажореткой, редактором модного журнала, фотографом моды, учительницей географии и актрисой. В 1966 году она получает еще одну суперженскую профессию - стюардессы в ""Пан-Американ"". До 1972 года никаких особых крупных событий в борьбе женщин за право на свободную карьеру не происходит, и - сюрприз! - ""карьерные"" Барби исчезают. Но в 1972-м году все снова меняется: Конгресс утверждает Девятый параграф Образовательного кодекса - параграф о равных правах на образование. Кроме того, проводится запрет на сегрегированные объявления о найме рабочей силы теперь все объявления должны печататься без специфического указания на предназначение должности для женщин или для мужчин. Девятый параграф означает, что учебные заведения должны отменить квоту на поступление для женщин и отменить запрет принимать женщин на те или иные факультеты. Соответственно, огромное количество представительниц ОтнынеСильного Пола подают заявки на изучение медицины или юриспруденции. Опять бум в прессе, и ""Маттел"" выпускает ""Барби-Хирурга"", очередной раз продемонстрировав свое поразительное умение держать нос по ветру. С 1973 по 1978 год, т.е. на протяжении пяти лет, Барби фактически не занимается своей карьерой - она отдает все свои силы спорту. Говоря конкретно, Барби становится олимпийской чемпионкой: к олимпиаде 1975 года ""Маттел"" выпускает ""Барби-Золотую-медалистку"", ""Барби-Лыжницу"", ""Барби-Конькобежца"" и ""БарбиПловчиху"" - все они выходят в серии ""Олимпийская\n\nБарби"". Однако в 1977 году тема ""женщины и профессия"" возвращается в большой мир: Национальная женская конференция в Техасе собирает невероятное количество участников - 20 тысяч. Тут же на свет появляется ""Барби с утра и до вечера"" (Day & Night Barbie), которую представляют как business executive - ""ответственного руководителя"". Эта же модель перерождается спустя семь лет, в 1985 году, в Business Executive Barbie. С этого момента карьерный рост Барби становится практически непрерывным. Дело в том, что 80-е стали годами окончательной победы деловых женщин. Многочисленные нововведения, облегчающие уход за детьми, социальные структуры, позволяющие матерям работать полный день, нарушение семейных сценариев, в результате которых распад брака становится обыденной ситуацией, что заставляет мать-одиночку постоянно работать с целью обеспечить себя и своих детей, плюс плохо соблюдающаяся, но все же существующая правовая основа, создающая равные условия для работающих женщин и мужчин, - все это окончательно формирует ситуацию, в которой работа становится совершенно неотъемлемой частью жизни женщин. Золотая девочка компании ""Маттел"" тоже берется за ум. С этого момента мы получаем хотя бы одну ""карьерную"" Барби едва ли не каждый год. Например, для женщин все чаще открываются вакансии, раньше доступные только мужчинам, и в конце 80-х - начале 90-х годов телевидение начинает создавать моду на женщинвоенных и женщин-полицейских. Это карьерное направление становится постоянным в мире Барби: оно тем выгоднее для ""Маттел"", что позволяет подчеркнуть патриотизм куклы. В 1989 году выпускается первая Барби в стиле милитари - так называемая Army Barbie. С 1990 года ее военная и полицейская карьера обретает конкретику: мы получаем капитана военно-воздушных сил, в 1991 году - офицера флота, в 1993 году -\n\nодновременно военврача и полицейского, в 1994 году командира летного эскадрона. Причина: огромный интерес общественности к теме армии, вызванный войной в Персидском заливе и ее последствиями. Потом война закончилась, тема армии перестала особо интересовать публику на несколько лет, и Барби оставила свои милитаристские замашки вплоть до 2000 года, когда армейская тема опять оказалась у всех на устах в связи с иракскими событиями. ""Маттел"" немедленно произвела на свет ""Барби-Паратрупера"" в комплекте с аптечкой первой помощи (Барби и Кен - паратруперы продаются в коробках, на задней стенке которых изображены... барханы). Другой пример: в 1992 году из-за обилия женщин, баллотирующихся на государственные посты, пресса заговорила о ""годе женщин"". В том же году мы получили ""Барби-Кандидата-в-президенты"", чей деловой костюм ""одним движением руки"" превращался в вечернее платье со звездами и полосами. Нам сообщалось, что ""Барби отправляется на инаугурационный бал"". Подобную же оперативность ""Маттел"" демонстрирует в 1994 году. Тогда был принят билль о гендерном равенстве в образовании и американское правительство сформулировало позицию, требующую поощрять в девушках интерес к разнообразию в выборе карьеры, в частности - к математике, естественным наукам и тому подобным ""мальчиковым"" сферам деятельности. ""Маттел"" немедленно выпустила целых пять профессиональных Барби: командир летного эскадрона, астронавт, педиатр, ветеринар и пожарник, профессии, по большей части традиционно занимаемые мужчинами. И все-таки проявления доброй воли в чистом виде было недостаточно: существовало слишком много желающих обвинять Барби во всех смертных грехах и, в частности, в проблемах, связанных с социальным статусом женщины. На слишком широкие плечи этой\n\nкуклы со слишком узкой талией возлагали ответственность за неврозы, связанные с восприятием собственной внешности, за женский консюмеризм, одновременно за сексуальную распущенность и сексуальную неудовлетворенность женщин, за то, что мужчины видят в блондинках безмозглых бимбо, и за прочие женские беды и напасти. После того как в 1998 году компания сделала Барби чуть более реалистичной, несколько расширив талию и уменьшив грудь куклы, пришло время еще раз сделать заявку насчет готовности Барби учить девочек прогрессивным идеалам. В 1999 году ""Маттел"" сделала огромную кампанию за пропаганду нового имиджа куклы. Кампания называлась: ""Be anything"". ""Маттел"" подписала контракт с компанией Girls Incorporated, прежде называвшейся ""Girls Club of America"" - крупнейшей организацией для девочек в США (следом за ней по численности участниц идет правильно! - Клуб Любительниц Барби). С этого момента, заявила ""Маттел"", ""все усилия будут сосредоточены не на куклах, а на самих девочках"". Рекламы демонстрировали, что девочка может стать хоккейным вратарем, игроком в теннис, астронавтом, компьютерным инженером словом, фактически кем угодно. Разъяренные феминистки обвинили Girls Incorporated в продажности: мол, всегда было известно, что Барби только притворяется карьерной куклой, а на самом деле торгует консюмеризмом и консервативностью в то время, как Girls Incorporated изначально заявляла, что намерена настраивать девочек на свободу выбора и на осознание своего права заниматься любым делом по своему вкусу. Я помню публикации, в которых противницы союза ""Маттел"" и GI с горечью писали: ""Нет лучшего способа победить своего врага, чем подкупить его"". Так или иначе союз возник. С этого момента ""Маттел"" продвигала как бы не кукол, а новые ценности: право мечтать о достижениях, право играть в любые игры и побеждать. Совместно две\n\nдевичьих организации проводили акции по профессиональному ориентированию, телешоу, круглые столы. ""Маттел"" выпустила новую игровую серию кукол под названием: ""I can be"" - целых шесть карьерных кукол в один год. В этой серии появилась - ""Барби-Пилот"", опять ""Барби-Working-Woman"" (с ноутбуком, мобильным телефоном и неопределимой сферой деятельности), ""Барби-Учительница-языка-жестов"" (со сгибающимися пальчиками), ""Барби-Футболистка"", ""Барби-Сыщик"" и ""Барби-Игрок-в-бейсбол-из-высшей-лиги"". Правда, в этом же году были выпущены на заказ ""Барби-Официантка"" (для компании ""Кока-Кола"") и ""Барби-Косметолог"" (для компании ""Эйвон""). В 2000 году серия продолжилась; появилась ""Барби-Педиатр"", ""Барби-Учительницавождения"" и ""Барби-Учительница рисования"". Но самым интересным дополнением к карьерной линии ""Маттел"" стала ""Барби-Президент-США"", если верить рекламному плакату, ""готовая приступить к работе в Овальном офисе"". В свете близящихся президентских выборов кукла раскупалась на ура. Последний на сегодняшний день карьерный рывок Барби совершила в 2002 году. С тех пор никакого особого интереса в профессиональной деятельности у этой куклы не наблюдалось. С тех пор появилась только одна Барби, которую можно было бы причислить к профессиональным: в 2004 году ""Маттел"" выпустила в серии ""Happy family"" Барби под названием ""Baby Doctor"" - короче говоря, специалист по неонатальной медицине. Ей предстояло возиться с новорожденным младенцем подруги Мидж. На официальном сайте Барби существует трудно находимый раздел ""I can be"", так или иначе посвященный будущим карьерным занятиям девочек. Здесь предлагается пять вариантов профессий: врач, художник, учитель рисования, балерина и фигуристка как видим, ничего радикального. Сторонницы билля о гендерном равенстве в образовании имеют полное право\n\nупрекать Барби в ограниченности и консервативности: здесь нет профессий хакера, архитектора, машиниста и финансового аналитика. Но в то же время профессии, присутствующие в списке на сайте, во-первых, требуют серьезного труда, а во-вторых, связаны с творческим самовыражением. Правда, в этом списке, как в психометрическом тесте, вызывает подозрение слово ""доктор"" - оно кажется лишним в ряду и, видимо, является очередным примером защитного буфера. Впрочем, если смотреть на более или менее полный список профессий Барби за все годы ее существования, то в целом невозможно упрекнуть ее в потакании сугубо женским занятиям, особенно в последнее время. Мажоретка и чирлидер могут вызвать возмущение у тех, для кого эти занятия сами по себе ассоциируются с тупоголовыми блондинками, но в целом традиционные упреки в адрес Барби сейчас кажутся мне несколько необоснованными. Если что-то и вызывает у меня неприязнь, то это, скорее, не выбор кукольных профессий как таковой, а то, как все эти профессии подаются. Тут ситуация похожа на уже рассмотренную ситуацию с деньгами: совершенно непонятно, откуда что берется. Создается такое впечатление, что Барби приобретает новые профессии так же, как она приобретает новые машины - по щучьему велению, по своему хотению. Она не знает не только трудностей, связанных с получением той или иной профессии, но и трудностей, связанных с профессиональной практикой. В ее деятельности нет элементов труда или усталости. В любом из ее занятий вообще нет отрицательных или неприятных сторон. Начинает казаться, что доктор Барби никогда в жизни не видела ни крови, ни смерти, а Барби-следователь напоминает Айс Вентуру - сыщика по делам домашних животных, а не реального следователя, постоянно имеющего дело с самыми неприглядными сторонами\n\nжизни. Когда я узнала, что ""Маттел"" выпустила Барбипалеонтолога, во мне затеплилась надежда: в конце концов, вот уж профессия, в которой основные аксессуары - пыль да кости. Но выяснилось, что Барби в роли исследователя прошлого выкапывает из земли не окаменелости и не останки мертвых животных, а целых разноцветных динозавриков. В общем, о Барби как об инструменте профессионального ориентирования не может быть и речи, что бы ""Маттел"" ни говорила. Нигде, никогда, никаким образом нам не рассказывают о причинах, по которым Барби выбирает ту или иную карьеру. Нам обычно не говорят о талантах или наклонностях, которыми надо обладать для выполнения тех или иных профессиональных обязанностей, не описывают путь, который необходимо пройти для получения соответствующих навыков. Нам не рассказывают о том, как устроены трудовые будни того же дантиста, или палеонтолога, или даже редактора модного журнала. Типичная сцена из журнальчиков про Барби - Барбидоктор держит за ручку очередного пациента, который благодарит ее не за лечение, связанное, как уже было сказано, с неприятными процедурами, а за добрый совет по поводу сохранения и без того прекрасного здоровья. Так что о профессиональном ориентировании речь не идет - максимум речь идет о некотором условном и очень поверхностном стимулировании интереса к той или иной профессии. Впрочем, меня не оставляет ощущение, что и этого более чем достаточно. Все карьерные Барби делаются, как уже говорилось, не для самих девочек, а для их родителей. Девочки хотят играть в принцесс или в вечеринки и переодевать своих кукол из одной одежки в другую. Если у их мам и пап становится легче на душе от присутствия в наборе некоего подобия зеленой формы хирурга или строгой полицейской униформы, ""Маттел""\n\nготова производить и промотировать такие вариации куклы. Каждая из них стоит от 10 до 25 долларов, и если родители, озабоченные будущим девочки, подарят ей на Новый год Барби-палеонтолога, это будет лучше, чем если озабоченные ее будущим родители не подарят своей дочери ни единой Барби вообще. И в этом аспекте, как и во всех остальных, мир Барби создается исключительно по запросам и требованиям мира вокруг Барби.\n\nЧасть третья\n\nМИР ВОКРУГ БАРБИ', 'query': 'Mattel Barbie sales data career dolls vs fashion dolls comparison', 'supports_claim': True}]}","```json
{
  ""claim_id"": ""barbie-careers-pr-shield"",
  ""facts"": [],
  ""gaps"": [
    {
      ""gap"": ""Все четыре поисковых запроса вернули один и тот же локальный источник — главу 9 книги Горалик. Ни одного внешнего URL не найдено. Нет независимого подтверждения ни одного факта из proof_plan."",
      ""needed_for"": ""Базовая верификация: ролик опирается только на одну книгу 2005 года, и веб-поиск не добавил ни одной независимой ссылки.""
    },
    {
      ""gap"": ""Нет независимого источника о партнёрстве Mattel и Girls Incorporated (1999), кампании «Be anything» и реакции феминисток. Единственная цитата — «Нет лучшего способа победить своего врага, чем подкупить его» — приведена Горалик по памяти («Я помню публикации»), без указания автора, издания или даты."",
      ""needed_for"": ""proof_plan пункт 3 целиком построен на этой цитате. Без источника она — анекдот, а не доказательство.""
    },
    {
      ""gap"": ""Нет данных о продажах карьерных Барби против модных. Запрос «Mattel Barbie sales data career dolls vs fashion dolls comparison» вернул текст Горалик, где утверждается, что карьерные куклы «не слишком заинтересованы» и дети, и взрослые, но нет ни одной цифры."",
      ""needed_for"": ""Тезис о «репутационном щите» требует хотя бы одного количественного контраста: карьерные куклы как % от продаж, количество SKU, доля выручки.""
    },
    {
      ""gap"": ""Нет независимого подтверждения хронологических совпадений: Busy Girl Barbie (1960), Барби-хирург (1972), Army Barbie (1989), Барби-кандидат в президенты (1992). Все даты — из книги Горалик, не сверены ни с архивом Mattel, ни с коллекционными базами (например, BarbieCollector.com или аналогичными)."",
      ""needed_for"": ""proof_plan пункт 1 — основа ролика. Каждая дата должна быть подтверждена внешним источником, иначе синхронизация с волнами о правах женщин выглядит как подборка Горалик, а не как задокументированный паттерн.""
    },
    {
      ""gap"": ""Нет независимого источника о разрыве в зарплате (63 цента на доллар), о 2% женщин среди интеллектуальных профессий, о квоте 1:50 в университетах. Горалик ссылается на «данные Национальной организации женщин Америки», но не даёт ни конкретного отчёта, ни года."",
      ""needed_for"": ""Эти цифры задают контекст «аховой ситуации» — без источника они не могут быть использованы в озвучке как факт.""
    },
    {
      ""gap"": ""Нет независимого подтверждения, что с 1973 по 1978 год карьерные Барби «исчезли» и кукла занималась только спортом. Это ключевое доказательство паттерна «появилась-исчезла», но оно не сверено ни с одной внешней базой данных о выпусках Barbie."",
      ""needed_for"": ""Если разрыв в 5 лет не подтверждён внешним источником, главный аргумент ролика («когда тема затихала — карьерные Барби исчезали на годы») повисает в воздухе.""
    },
    {
      ""gap"": ""Нет данных о военной линейке Barbie во время войны в Персидском заливе: ни продаж, ни маркетинговой стратегии, ни реакции прессы. Утверждение, что Mattel «немедленно произвела на свет Барби-Паратрупера» в 2000 году из-за иракских событий, не подтверждено внешним источником."",
      ""needed_for"": ""Военная линия — самый яркий пример «запрыгивания на волну» в proof_plan, но без внешних данных он остаётся интерпретацией Горалик.""
    }
  ],
  ""recommendation"": ""Веб-поиск не добавил ни одного независимого факта. Все четыре результата — один и тот же локальный URL с текстом главы 9. Для ролика нужны: (1) сверка дат выпусков карьерных Барби с внешней базой (BarbieCollector, Wikipedia, музейные архивы), (2) хотя бы одна цифра продаж карьерных vs модных кукол, (3) первоисточник цитаты о «подкупе врага» из феминистской прессы 1999 года, (4) подтверждение пятилетнего разрыва в карьерной линейке 1973–1978. Без этого proof_plan опирается исключительно на одну книгу 2005 года.""
}
```",
3,D2 monologue,glm-5.2,"Ты — Мария, арт-директор. Говоришь со зрителем вслух — это озвучка, не реферат
и не подпись к источнику.

ФОРМА
1) ХУК: 1–2 ярких предложения. Сразу удар — слом ожидания или сенсационная
деталь. Без разгона, без «все думают… идеальная… мечта… а вот нифига» на три
строки.
2) МЯСО: факты, история, визуал. Выбери самые впечатляющие детали сама из
материала и proof_plan — не пересказывай claim и чужие короткие заметки.
3) ИДЕЯ: обязательный личный питч «Я бы…» / «А если…?» — куда этот образ,
приём или история лягут сейчас. Это не мораль и не новый факт.
4) ФИНАЛ: короткая формула или прямой вопрос — что сильнее для темы.

СВЯЗНОСТЬ
Предложения цепляются друг за друга. Нужны живые вводные и переходы
(«и вот», «дальше ещё жёстче», «смотри», «а смысл в том»), а не рубленый
список фактов. Короткие фразы вперемешку с длинными.

ИМЕНА
Имя без роли — мусор. В том же дыхании скажи, кто это:
не «Рут Хендлер привезла», а «создательница Барби с дочкой была в Европе и
привезла оттуда куклу из магазина для взрослых».

ИСТОЧНИКИ — НЕ В РЕЧИ
Не называй книгу, автора, «читаю у…», «по данным», «в исследовании»,
«источник говорит». Источники живут в описании ролика, не в озвучке.

ГОЛОС
Дерзкая, живая, ироничная. Объясняешь визуал через жизнь и аналогии —
не через термины. Можно язвить и быть резкой. Не поучай, не продавай,
не подводи к морали.

ЧЕСТНОСТЬ
Не выдумывай даты, имена, сцены и реакции. Первое лицо — только про
прочитанное, увиденное в материале или продуманное. Питч идеи — мнение,
не факт.

150–300 слов. Только текст монолога.","{'dossier': {'theme_anchor': {'claim_id': 'barbie-careers-pr-shield', 'object_anchor': 'карьерные Барби', 'contrast_pair': {'state_a': 'ребёнок выбирает Барби-принцессу и вечеринку', 'state_b': 'родитель покупает Барби-палеонтолога как полезную игрушку', 'shift': 'товар обращается к тревоге покупателя, а не к желанию ребёнка'}, 'mechanism_term': 'репутационный щит'}, 'material_notes': 'Горалик · Полая женщина · глава 9: Глава девятая. Девушки могут все: занятия и профессии Барби\n\nИсточник: Линор Горалик, «Полая женщина: Мир Барби изнутри и снаружи» (НЛО, 2005).\n\nГлава девятая\n\nДЕВУШКИ МОГУТ ВСЕ: ЗАНЯТИЯ И ПРОФЕССИИ БАРБИ\n\nТо, как Барби проводит время, невольно заставляет думать о серьезных психологических проблемах этой юной девушки, впрочем частично объясняющихся отсутствием у нее добрых и любящих родителей. Барби испытывает мучительную потребность во внешней\n\nоценке и внешнем одобрении, что постоянно толкает ее на все новые и новые социальные и карьерные достижения. Она фантастически, невыносимо экстравертна и явно не способна хоть на пять минут остаться одна. О времяпрепровождении Барби мы узнаем из описания новых выходящих на рынок моделей, ""Барбикниг"" и посвященных этой кукле журналов. Удивительным образом бесконечная череда вечеринок, туристических поездок и походов в кафе с друзьями не помешала Барби освоить более семи десятков профессий за последние сорок шесть лет. Составить полный список всех карьерных достижений Барби практически невозможно: довольно большое количество таких моделей было выпущено ""Маттел"" не для общего рынка, а для каких-нибудь крупных торговых марок или для сетей универсальных магазинов. Например, существовала Барби - продавщица кока-колы, сделанная соответственно по заказу корпорации ""Кока-Кола"", и Барби распространительница продуктов компании Avon, сделанная по заказу Avon Cosmetics. Особая Барби была произведена ""Маттел"" к юбилею сети игрушечных магазинов ""Toys Are Us"", специально разработанная маленькая Барби продавалась в ""Макдоналдсе"" - словом, примеров хватает Все ""профессиональные"" Барби принадлежат игровой линии Если я не ошибаюсь, карьерные Барби никогда не выпускались в коллекционных сериях, кроме нескольких куколок в серии ""Silkstone"", скажем, ""БарбиРедактор-раздела-моды"" и ""Кен-Инсайдер-моднойиндустрии"". Помню, что мой собственный вопрос о коллекционных Барби-""профессионалках"" не вызвал энтузиазма на форуме собирателей куклы. Я готова предположить, что дело здесь не только в том и даже далеко не в том, что для профессиональной Барби невозможно создать роскошный наряд, - в конце концов\n\nБоб Мэки наверняка прекрасно одел бы ""БарбиУкротительницу-львов"" или ""Барби-Флориста"". Просто профессиональная Барби, видимо, не очень интересует взрослых коллекционеров, потому что им за глаза и за уши хватает собственной профессиональной деятельности. Они, я полагаю, не видят особой радости в том, чтобы тащить домой куклу-бизнесмена или куклуврача. Но гораздо больше нам говорит тот факт, что в ""профессиональных"" Барби не слишком заинтересованы не только взрослые, но и дети. Дети вообще редко играют в конкретные профессии, кроме знаменитой игры в доктора, которая, как известно, преследует цели, далекие от профориентации. Бывают, конечно, игры в спасателей, пожарников или милицию и воров, но и здесь, как мы все понимаем, о развитии вкуса к будущей профессии речь не идет. Иногда дети играют в профессии, которыми занимаются их родители, самым поверхностным образом имитируя известные им элементы этих профессий с целью отыграть те или иные жизненные ситуации. Мне трудно представить себе, что мои собственные племянники ни с того ни с сего устроят серьезную и целенаправленную игру в палеонтологов или программистов. Игра в ветеринара может иметь тяжелые последствия для кошки и вряд ли напрямую связана с желанием как следует понять основы этой благородной профессии. Девочки предаются ""профессиональным"" играм еще реже, чем мальчики. Я рискну предположить, что большинство девочек предпочтет получить в подарок ""Барби-Принцессу"", ""Барби-День-рождения"", ""Барбиидет-на-пляж"" или ""Барби-катается-на-роликовыхконьках"", а не ""Барби-Дантиста"" или ""Барби-Бизнеследи"". Не сомневаюсь, что компания ""Маттел"" прекрасно это понимает, - и все-таки выпускать карьерных Барби ей приходится постоянно. Такое упорство вызвано отнюдь не запросом рынка, то есть не желанием маленьких\n\nдевочек приобрести ""Барби-Палеонтолога"" или ""БарбиСтюардессу"", а социальным давлением, постоянно оказываемым на ""Маттел"" со стороны прессы и родителей. Если бы Барби не занималась чем-нибудь трудоемким и престижным для зарабатывания собственного хлеба, ""Маттел"" было бы гораздо труднее отражать атаки, связанные с консюмеризмом куклы и с ее навязчивой привычкой следовать моде; кроме того, было бы гораздо сложнее говорить о позитивном влиянии Барби в деле воспитания молодого поколения. В целом ряде случаев ""Маттел"" выдвигает эти вариации своей модной куколки вперед на манер щита. Одна умная, но скучно одетая Барби защищает целую плеяду своих красивых, расфуфыренных и легкомысленных сестер. Именно давление со стороны родителей, феминисток, педагогов и прессы заставляет ""Маттел"" постоянно прилагать большие усилия для того, чтобы взгляды Барби на работу и карьеру можно было считать передовыми и даже опережающими время. Любимый пример, приводимый компанией каждый раз, когда речь заходит о карьерных достижениях их куклы, - ""Барби-Астронавт"" производства 1965 года, ""полетевшая в космос задолго до того, как первая женщина действительно ступила на борт космического корабля"". Однако других особо ярких примеров такого рода у компании ""Маттел"" нет. Я с большим удовольствием потратила несколько дней, накладывая хронологию карьерного развития Барби на историю женского движения и в особенности на историю борьбы женщин за карьерное равноправие с 1959 года - года выпуска Барби и по сегодняшний день. Такое сравнение позволяет увидеть, что в плане карьеры Барби действует фактически так же, как она действует в плане моды, т.е. оказывается не лидером-провозвестником новых тенденций, а их легитимизатором и в некоторой мере барометром происходящего. Можно быть твердо уверенным, что если\n\nБарби начала развивать деятельность на том или ином поприще, то поприще это уже некоторое время надежно существует в качестве игровой площадки для женщин в реальном мире. Скажем, в 1956 году, т.е. в том году, когда Хендлер изобрела Барби (ей, как мы помним, потребовалось три года, чтобы уговорить своих партнеров начать выпускать куклу), журнал ""Life"" назвал ""идеалом американской женщины"" тридцатидвухлетнюю мать четверых детей, естественно, нигде не работающую. Однако за три года, прошедшие до выхода Барби на рынок, реальность сильно изменилась. Именно тогда, в конце 50-х, поднялась так называемая ""вторая волна женского движения"" (первую относят к 20 - 30-м годам прошлого века). Новые борцы за права женщин требовали уже не таких базовых вещей, как право голосования, посещения любых общественных заведений и осуществления финансовых операций, но подлинного равенства женщин и мужчин в самых разных областях деятельности. Крах американской мечты 50-х привел к тому, что все больше и больше женщин стали занимать рабочие места, до сих пор отводившиеся в основном мужчинам. Для семьи все существеннее становился заработок жены, превратившийся в полновесную составляющую семейного бюджета. К началу 60-х новые феминистки Америки смогли составить общее представление о ситуации с женским трудом в США. Ситуация была аховой: там, где мужчина получал за свою работу доллар, женщина получала за ту же работу 63 цента. В результате схлопывания военной индустрии женщины теряли места на фабриках и заводах, а частный сектор, переставший испытывать недостаток мужских рук, всегда предпочитал взять на вакантное место мужчину, а не женщину, - пусть мужчине и приходилось платить больше. В газетах объявлений сообщения о поиске работников были разделены на две категории: ""Женщины"" и ""Мужчины"". Только два процента\n\nпредставителей интеллектуальных профессий - врачей, адвокатов, судей, дантистов, инженеров, архитекторов были женщинами. Подавляющее большинство престижных университетов не допускало женщин на значительную часть факультетов или имело жесткую квоту: иногда 1 женщина на 50 абитуриентов. Все эти факторы определили направление нового витка борьбы за права женщин - это была борьба за равенство на рабочих местах. В 1959 - 1960 годах тема ""Женщины и карьера"" была одной из самых дебатируемых в прессе. Выходила масса статей ""за"" и ""против"" работающих женщин. Представительницы разных профессий шумно спорили в популярных ток-шоу с мужчинами, отстаивающими семейные ценности. Именно тогда впервые проявилась интересная тенденция, определявшая развитие карьеры Барби в течении как минимум трех десятилетий: ее профессиональные достижения всегда были связаны не так с конкретным положением дел на рынке женского труда и даже не так с какими-нибудь специфическими событиями позитивного и негативного толка в этой области, как с шумихой, возникающей вокруг тех или иных аспектов темы. Скажем, в 1960 году ""Маттел"" выпустила Busy Girl Barbie. Считалось, что она ""дизайнер моды"", т.е., с одной стороны, женщина как бы работающая и как бы занимающаяся креативной профессией, но в то же время никоим образом не преступающая границы традиционных женских занятий (как известно, мужчины-кутюрье стали довольно поздним приобретением XX века). До этого момента Барби существовала в совсем немногих вариациях: исходная Барби 1959 года была фотомоделью, у нее был купальник, свадебное платье, костюм балерины и еще один наряд для свободного времяпрепровождения. Однако Busy Girl сильно отличалась от предыдущих вариаций: на ней был твидовый костюм, длинные перчатки и строгая шапочка. По большому счету девочки\n\nмогли видеть в ней собственных мам - благо работающих мам именно в конце 50-х - начале 60-х стало больше, чем когда-либо в истории. Никаких особых аксессуаров у этой Барби не было. Если верить данным, опубликованным Национальной организацией женщин Америки, в начале 60-х очень и очень многие женщины зарабатывали себе на жизнь тяжелым физическим трудом, они были механиками, электриками, водителями автобусов и даже шахтерами. Но рабочая девушка Барби, естественно, не намеревалась надевать каску и рабочую куртку. Я не знаю, так ли одевались в те годы дизайнеры моды, но твидовый костюм, маленькая шапочка и длинные перчатки были фактически униформой девушек из хороших семей, желающих заняться чем-нибудь полезным, пока им не попадется подходящий кандидат в мужья. Так могла выглядеть любая секретарша, машинистка, переписчица, в лучшем случае учительница. Эта первая ""деловая Барби"" фактически заложила основу всей будущей карьеры Барби. И действительно, Барби всегда приобретала только профессии представительниц среднего класса, никогда не занималась физическим трудом и не бралась за плохо оплачиваемые профессии. Рынок вполне оправдывает такой подход: родители девочек из среднего класса видят такие профессии в качестве основных, а родители девочек из более бедных слоев населения видят в этих профессиях хорошие ориентиры. Busy Girl Barbie стала первой в череде бесконечных Барби - бизнес-леди, повторяющихся из года в год с разными аксессуарами и под разными названиями: Business Girl, Busy Woman, Business Executive, Working Girl, Office Barbie и т.д. Чем занимаются эти Барби, ""Маттел"" не уточняет, но так или иначе они демонстрируют некоторую четкую позицию: женщина может добиться высоких постов, а карьера - это классно и престижно.\n\nНовые карьерные вариации Барби, как уже было сказано, возникали тогда, когда общественность начинала муссировать тему рабочего статуса женщины, и исчезали, как только эту тему можно было начать игнорировать. Здесь сказался один из главных маркетинговых талантов ""Маттел"" - талант использовать конъюнктуру, запрыгивать на волну обсуждаемой модной темы и соскакивать с нее, когда волна начинает идти на убыль. Профессиональная деятельность Барби развивалась ровно по тем же законам. В 1961 году Элеонора Рузвельт встала во главе Комиссии по вопросам статуса женщин при правительстве Кеннеди. Этот факт наделал много шума, и в том же году Барби получила профессии дипломированной медсестры и стюардессы. В 1963 году комиссия Рузвельта после двух лет исследований опубликовала доклад о дискриминации женщин на рабочих местах, породив целую волну дебатов о допустимых и недопустимых профессиях для представительниц слабого пола. Публикуется Equal Pay Act - речь идет о том, что мужчины и женщины, занимающие одни и те же должности, должны получать равные зарплаты. В том же году ""Маттел"" выпускает Business Woman Barbie (она же называлась Career Girl Barbie). Через год к биллю о гражданских правах добавляется Седьмой параграф - ""против дискриминации при приеме на работу"". Он включает в себя запрет на дискриминацию по половому признаку, но ситуация остается двойственной: ни билль, ни новую поправку невозможно ратифицировать на местах, поскольку фактически отсутствует механизм контроля, заставляющий работодателя соблюдать навязанные ему правила. Женщины, борющиеся за равноправие на рабочих местах, становятся объектом постоянных насмешек и карикатур в прессе. Таким образом, тема существует, но однозначное отношение к ней не выработано. В результате в 1964 и 1965 годах Барби\n\nполучает целый ряд новых профессий, но все они носят очень осторожный и традиционный характер, а некоторые, по понятиям феминисток, заслуживают осуждения. Так, с одной стороны, Барби оказывается космонавтом (что, скорее, объясняется бешеным интересом к теме космоса), с другой - Барби оказывается чирлидером, мажореткой, редактором модного журнала, фотографом моды, учительницей географии и актрисой. В 1966 году она получает еще одну суперженскую профессию - стюардессы в ""Пан-Американ"". До 1972 года никаких особых крупных событий в борьбе женщин за право на свободную карьеру не происходит, и - сюрприз! - ""карьерные"" Барби исчезают. Но в 1972-м году все снова меняется: Конгресс утверждает Девятый параграф Образовательного кодекса - параграф о равных правах на образование. Кроме того, проводится запрет на сегрегированные объявления о найме рабочей силы теперь все объявления должны печататься без специфического указания на предназначение должности для женщин или для мужчин. Девятый параграф означает, что учебные заведения должны отменить квоту на поступление для женщин и отменить запрет принимать женщин на те или иные факультеты. Соответственно, огромное количество представительниц ОтнынеСильного Пола подают заявки на изучение медицины или юриспруденции. Опять бум в прессе, и ""Маттел"" выпускает ""Барби-Хирурга"", очередной раз продемонстрировав свое поразительное умение держать нос по ветру. С 1973 по 1978 год, т.е. на протяжении пяти лет, Барби фактически не занимается своей карьерой - она отдает все свои силы спорту. Говоря конкретно, Барби становится олимпийской чемпионкой: к олимпиаде 1975 года ""Маттел"" выпускает ""Барби-Золотую-медалистку"", ""Барби-Лыжницу"", ""Барби-Конькобежца"" и ""БарбиПловчиху"" - все они выходят в серии ""Олимпийская\n\nБарби"". Однако в 1977 году тема ""женщины и профессия"" возвращается в большой мир: Национальная женская конференция в Техасе собирает невероятное количество участников - 20 тысяч. Тут же на свет появляется ""Барби с утра и до вечера"" (Day & Night Barbie), которую представляют как business executive - ""ответственного руководителя"". Эта же модель перерождается спустя семь лет, в 1985 году, в Business Executive Barbie. С этого момента карьерный рост Барби становится практически непрерывным. Дело в том, что 80-е стали годами окончательной победы деловых женщин. Многочисленные нововведения, облегчающие уход за детьми, социальные структуры, позволяющие матерям работать полный день, нарушение семейных сценариев, в результате которых распад брака становится обыденной ситуацией, что заставляет мать-одиночку постоянно работать с целью обеспечить себя и своих детей, плюс плохо соблюдающаяся, но все же существующая правовая основа, создающая равные условия для работающих женщин и мужчин, - все это окончательно формирует ситуацию, в которой работа становится совершенно неотъемлемой частью жизни женщин. Золотая девочка компании ""Маттел"" тоже берется за ум. С этого момента мы получаем хотя бы одну ""карьерную"" Барби едва ли не каждый год. Например, для женщин все чаще открываются вакансии, раньше доступные только мужчинам, и в конце 80-х - начале 90-х годов телевидение начинает создавать моду на женщинвоенных и женщин-полицейских. Это карьерное направление становится постоянным в мире Барби: оно тем выгоднее для ""Маттел"", что позволяет подчеркнуть патриотизм куклы. В 1989 году выпускается первая Барби в стиле милитари - так называемая Army Barbie. С 1990 года ее военная и полицейская карьера обретает конкретику: мы получаем капитана военно-воздушных сил, в 1991 году - офицера флота, в 1993 году -\n\nодновременно военврача и полицейского, в 1994 году командира летного эскадрона. Причина: огромный интерес общественности к теме армии, вызванный войной в Персидском заливе и ее последствиями. Потом война закончилась, тема армии перестала особо интересовать публику на несколько лет, и Барби оставила свои милитаристские замашки вплоть до 2000 года, когда армейская тема опять оказалась у всех на устах в связи с иракскими событиями. ""Маттел"" немедленно произвела на свет ""Барби-Паратрупера"" в комплекте с аптечкой первой помощи (Барби и Кен - паратруперы продаются в коробках, на задней стенке которых изображены... барханы). Другой пример: в 1992 году из-за обилия женщин, баллотирующихся на государственные посты, пресса заговорила о ""годе женщин"". В том же году мы получили ""Барби-Кандидата-в-президенты"", чей деловой костюм ""одним движением руки"" превращался в вечернее платье со звездами и полосами. Нам сообщалось, что ""Барби отправляется на инаугурационный бал"". Подобную же оперативность ""Маттел"" демонстрирует в 1994 году. Тогда был принят билль о гендерном равенстве в образовании и американское правительство сформулировало позицию, требующую поощрять в девушках интерес к разнообразию в выборе карьеры, в частности - к математике, естественным наукам и тому подобным ""мальчиковым"" сферам деятельности. ""Маттел"" немедленно выпустила целых пять профессиональных Барби: командир летного эскадрона, астронавт, педиатр, ветеринар и пожарник, профессии, по большей части традиционно занимаемые мужчинами. И все-таки проявления доброй воли в чистом виде было недостаточно: существовало слишком много желающих обвинять Барби во всех смертных грехах и, в частности, в проблемах, связанных с социальным статусом женщины. На слишком широкие плечи этой\n\nкуклы со слишком узкой талией возлагали ответственность за неврозы, связанные с восприятием собственной внешности, за женский консюмеризм, одновременно за сексуальную распущенность и сексуальную неудовлетворенность женщин, за то, что мужчины видят в блондинках безмозглых бимбо, и за прочие женские беды и напасти. После того как в 1998 году компания сделала Барби чуть более реалистичной, несколько расширив талию и уменьшив грудь куклы, пришло время еще раз сделать заявку насчет готовности Барби учить девочек прогрессивным идеалам. В 1999 году ""Маттел"" сделала огромную кампанию за пропаганду нового имиджа куклы. Кампания называлась: ""Be anything"". ""Маттел"" подписала контракт с компанией Girls Incorporated, прежде называвшейся ""Girls Club of America"" - крупнейшей организацией для девочек в США (следом за ней по численности участниц идет правильно! - Клуб Любительниц Барби). С этого момента, заявила ""Маттел"", ""все усилия будут сосредоточены не на куклах, а на самих девочках"". Рекламы демонстрировали, что девочка может стать хоккейным вратарем, игроком в теннис, астронавтом, компьютерным инженером словом, фактически кем угодно. Разъяренные феминистки обвинили Girls Incorporated в продажности: мол, всегда было известно, что Барби только притворяется карьерной куклой, а на самом деле торгует консюмеризмом и консервативностью в то время, как Girls Incorporated изначально заявляла, что намерена настраивать девочек на свободу выбора и на осознание своего права заниматься любым делом по своему вкусу. Я помню публикации, в которых противницы союза ""Маттел"" и GI с горечью писали: ""Нет лучшего способа победить своего врага, чем подкупить его"". Так или иначе союз возник. С этого момента ""Маттел"" продвигала как бы не кукол, а новые ценности: право мечтать о достижениях, право играть в любые игры и побеждать. Совместно две\n\nдевичьих организации проводили акции по профессиональному ориентированию, телешоу, круглые столы. ""Маттел"" выпустила новую игровую серию кукол под названием: ""I can be"" - целых шесть карьерных кукол в один год. В этой серии появилась - ""Барби-Пилот"", опять ""Барби-Working-Woman"" (с ноутбуком, мобильным телефоном и неопределимой сферой деятельности), ""Барби-Учительница-языка-жестов"" (со сгибающимися пальчиками), ""Барби-Футболистка"", ""Барби-Сыщик"" и ""Барби-Игрок-в-бейсбол-из-высшей-лиги"". Правда, в этом же году были выпущены на заказ ""Барби-Официантка"" (для компании ""Кока-Кола"") и ""Барби-Косметолог"" (для компании ""Эйвон""). В 2000 году серия продолжилась; появилась ""Барби-Педиатр"", ""Барби-Учительницавождения"" и ""Барби-Учительница рисования"". Но самым интересным дополнением к карьерной линии ""Маттел"" стала ""Барби-Президент-США"", если верить рекламному плакату, ""готовая приступить к работе в Овальном офисе"". В свете близящихся президентских выборов кукла раскупалась на ура. Последний на сегодняшний день карьерный рывок Барби совершила в 2002 году. С тех пор никакого особого интереса в профессиональной деятельности у этой куклы не наблюдалось. С тех пор появилась только одна Барби, которую можно было бы причислить к профессиональным: в 2004 году ""Маттел"" выпустила в серии ""Happy family"" Барби под названием ""Baby Doctor"" - короче говоря, специалист по неонатальной медицине. Ей предстояло возиться с новорожденным младенцем подруги Мидж. На официальном сайте Барби существует трудно находимый раздел ""I can be"", так или иначе посвященный будущим карьерным занятиям девочек. Здесь предлагается пять вариантов профессий: врач, художник, учитель рисования, балерина и фигуристка как видим, ничего радикального. Сторонницы билля о гендерном равенстве в образовании имеют полное право\n\nупрекать Барби в ограниченности и консервативности: здесь нет профессий хакера, архитектора, машиниста и финансового аналитика. Но в то же время профессии, присутствующие в списке на сайте, во-первых, требуют серьезного труда, а во-вторых, связаны с творческим самовыражением. Правда, в этом списке, как в психометрическом тесте, вызывает подозрение слово ""доктор"" - оно кажется лишним в ряду и, видимо, является очередным примером защитного буфера. Впрочем, если смотреть на более или менее полный список профессий Барби за все годы ее существования, то в целом невозможно упрекнуть ее в потакании сугубо женским занятиям, особенно в последнее время. Мажоретка и чирлидер могут вызвать возмущение у тех, для кого эти занятия сами по себе ассоциируются с тупоголовыми блондинками, но в целом традиционные упреки в адрес Барби сейчас кажутся мне несколько необоснованными. Если что-то и вызывает у меня неприязнь, то это, скорее, не выбор кукольных профессий как таковой, а то, как все эти профессии подаются. Тут ситуация похожа на уже рассмотренную ситуацию с деньгами: совершенно непонятно, откуда что берется. Создается такое впечатление, что Барби приобретает новые профессии так же, как она приобретает новые машины - по щучьему велению, по своему хотению. Она не знает не только трудностей, связанных с получением той или иной профессии, но и трудностей, связанных с профессиональной практикой. В ее деятельности нет элементов труда или усталости. В любом из ее занятий вообще нет отрицательных или неприятных сторон. Начинает казаться, что доктор Барби никогда в жизни не видела ни крови, ни смерти, а Барби-следователь напоминает Айс Вентуру - сыщика по делам домашних животных, а не реального следователя, постоянно имеющего дело с самыми неприглядными сторонами\n\nжизни. Когда я узнала, что ""Маттел"" выпустила Барбипалеонтолога, во мне затеплилась надежда: в конце концов, вот уж профессия, в которой основные аксессуары - пыль да кости. Но выяснилось, что Барби в роли исследователя прошлого выкапывает из земли не окаменелости и не останки мертвых животных, а целых разноцветных динозавриков. В общем, о Барби как об инструменте профессионального ориентирования не может быть и речи, что бы ""Маттел"" ни говорила. Нигде, никогда, никаким образом нам не рассказывают о причинах, по которым Барби выбирает ту или иную карьеру. Нам обычно не говорят о талантах или наклонностях, которыми надо обладать для выполнения тех или иных профессиональных обязанностей, не описывают путь, который необходимо пройти для получения соответствующих навыков. Нам не рассказывают о том, как устроены трудовые будни того же дантиста, или палеонтолога, или даже редактора модного журнала. Типичная сцена из журнальчиков про Барби - Барбидоктор держит за ручку очередного пациента, который благодарит ее не за лечение, связанное, как уже было сказано, с неприятными процедурами, а за добрый совет по поводу сохранения и без того прекрасного здоровья. Так что о профессиональном ориентировании речь не идет - максимум речь идет о некотором условном и очень поверхностном стимулировании интереса к той или иной профессии. Впрочем, меня не оставляет ощущение, что и этого более чем достаточно. Все карьерные Барби делаются, как уже говорилось, не для самих девочек, а для их родителей. Девочки хотят играть в принцесс или в вечеринки и переодевать своих кукол из одной одежки в другую. Если у их мам и пап становится легче на душе от присутствия в наборе некоего подобия зеленой формы хирурга или строгой полицейской униформы, ""Маттел""\n\nготова производить и промотировать такие вариации куклы. Каждая из них стоит от 10 до 25 долларов, и если родители, озабоченные будущим девочки, подарят ей на Новый год Барби-палеонтолога, это будет лучше, чем если озабоченные ее будущим родители не подарят своей дочери ни единой Барби вообще. И в этом аспекте, как и во всех остальных, мир Барби создается исключительно по запросам и требованиям мира вокруг Барби.\n\nЧасть третья\n\nМИР ВОКРУГ БАРБИ | Горалик · Полая женщина · глава 9: Глава девятая. Девушки могут все: занятия и профессии Барби\n\nИсточник: Линор Горалик, «Полая женщина: Мир Барби изнутри и снаружи» (НЛО, 2005).\n\nГлава девятая\n\nДЕВУШКИ МОГУТ ВСЕ: ЗАНЯТИЯ И ПРОФЕССИИ БАРБИ\n\nТо, как Барби проводит время, невольно заставляет думать о серьезных психологических проблемах этой юной девушки, впрочем частично объясняющихся отсутствием у нее добрых и любящих родителей. Барби испытывает мучительную потребность во внешней\n\nоценке и внешнем одобрении, что постоянно толкает ее на все новые и новые социальные и карьерные достижения. Она фантастически, невыносимо экстравертна и явно не способна хоть на пять минут остаться одна. О времяпрепровождении Барби мы узнаем из описания новых выходящих на рынок моделей, ""Барбикниг"" и посвященных этой кукле журналов. Удивительным образом бесконечная череда вечеринок, туристических поездок и походов в кафе с друзьями не помешала Барби освоить более семи десятков профессий за последние сорок шесть лет. Составить полный список всех карьерных достижений Барби практически невозможно: довольно большое количество таких моделей было выпущено ""Маттел"" не для общего рынка, а для каких-нибудь крупных торговых марок или для сетей универсальных магазинов. Например, существовала Барби - продавщица кока-колы, сделанная соответственно по заказу корпорации ""Кока-Кола"", и Барби распространительница продуктов компании Avon, сделанная по заказу Avon Cosmetics. Особая Барби была произведена ""Маттел"" к юбилею сети игрушечных магазинов ""Toys Are Us"", специально разработанная маленькая Барби продавалась в ""Макдоналдсе"" - словом, примеров хватает Все ""профессиональные"" Барби принадлежат игровой линии Если я не ошибаюсь, карьерные Барби никогда не выпускались в коллекционных сериях, кроме нескольких куколок в серии ""Silkstone"", скажем, ""БарбиРедактор-раздела-моды"" и ""Кен-Инсайдер-моднойиндустрии"". Помню, что мой собственный вопрос о коллекционных Барби-""профессионалках"" не вызвал энтузиазма на форуме собирателей куклы. Я готова предположить, что дело здесь не только в том и даже далеко не в том, что для профессиональной Барби невозможно создать роскошный наряд, - в конце концов\n\nБоб Мэки наверняка прекрасно одел бы ""БарбиУкротительницу-львов"" или ""Барби-Флориста"". Просто профессиональная Барби, видимо, не очень интересует взрослых коллекционеров, потому что им за глаза и за уши хватает собственной профессиональной деятельности. Они, я полагаю, не видят особой радости в том, чтобы тащить домой куклу-бизнесмена или куклуврача. Но гораздо больше нам говорит тот факт, что в ""профессиональных"" Барби не слишком заинтересованы не только взрослые, но и дети. Дети вообще редко играют в конкретные профессии, кроме знаменитой игры в доктора, которая, как известно, преследует цели, далекие от профориентации. Бывают, конечно, игры в спасателей, пожарников или милицию и воров, но и здесь, как мы все понимаем, о развитии вкуса к будущей профессии речь не идет. Иногда дети играют в профессии, которыми занимаются их родители, самым поверхностным образом имитируя известные им элементы этих профессий с целью отыграть те или иные жизненные ситуации. Мне трудно представить себе, что мои собственные племянники ни с того ни с сего устроят серьезную и целенаправленную игру в палеонтологов или программистов. Игра в ветеринара может иметь тяжелые последствия для кошки и вряд ли напрямую связана с желанием как следует понять основы этой благородной профессии. Девочки предаются ""профессиональным"" играм еще реже, чем мальчики. Я рискну предположить, что большинство девочек предпочтет получить в подарок ""Барби-Принцессу"", ""Барби-День-рождения"", ""Барбиидет-на-пляж"" или ""Барби-катается-на-роликовыхконьках"", а не ""Барби-Дантиста"" или ""Барби-Бизнеследи"". Не сомневаюсь, что компания ""Маттел"" прекрасно это понимает, - и все-таки выпускать карьерных Барби ей приходится постоянно. Такое упорство вызвано отнюдь не запросом рынка, то есть не желанием маленьких\n\nдевочек приобрести ""Барби-Палеонтолога"" или ""БарбиСтюардессу"", а социальным давлением, постоянно оказываемым на ""Маттел"" со стороны прессы и родителей. Если бы Барби не занималась чем-нибудь трудоемким и престижным для зарабатывания собственного хлеба, ""Маттел"" было бы гораздо труднее отражать атаки, связанные с консюмеризмом куклы и с ее навязчивой привычкой следовать моде; кроме того, было бы гораздо сложнее говорить о позитивном влиянии Барби в деле воспитания молодого поколения. В целом ряде случаев ""Маттел"" выдвигает эти вариации своей модной куколки вперед на манер щита. Одна умная, но скучно одетая Барби защищает целую плеяду своих красивых, расфуфыренных и легкомысленных сестер. Именно давление со стороны родителей, феминисток, педагогов и прессы заставляет ""Маттел"" постоянно прилагать большие усилия для того, чтобы взгляды Барби на работу и карьеру можно было считать передовыми и даже опережающими время. Любимый пример, приводимый компанией каждый раз, когда речь заходит о карьерных достижениях их куклы, - ""Барби-Астронавт"" производства 1965 года, ""полетевшая в космос задолго до того, как первая женщина действительно ступила на борт космического корабля"". Однако других особо ярких примеров такого рода у компании ""Маттел"" нет. Я с большим удовольствием потратила несколько дней, накладывая хронологию карьерного развития Барби на историю женского движения и в особенности на историю борьбы женщин за карьерное равноправие с 1959 года - года выпуска Барби и по сегодняшний день. Такое сравнение позволяет увидеть, что в плане карьеры Барби действует фактически так же, как она действует в плане моды, т.е. оказывается не лидером-провозвестником новых тенденций, а их легитимизатором и в некоторой мере барометром происходящего. Можно быть твердо уверенным, что если\n\nБарби начала развивать деятельность на том или ином поприще, то поприще это уже некоторое время надежно существует в качестве игровой площадки для женщин в реальном мире. Скажем, в 1956 году, т.е. в том году, когда Хендлер изобрела Барби (ей, как мы помним, потребовалось три года, чтобы уговорить своих партнеров начать выпускать куклу), журнал ""Life"" назвал ""идеалом американской женщины"" тридцатидвухлетнюю мать четверых детей, естественно, нигде не работающую. Однако за три года, прошедшие до выхода Барби на рынок, реальность сильно изменилась. Именно тогда, в конце 50-х, поднялась так называемая ""вторая волна женского движения"" (первую относят к 20 - 30-м годам прошлого века). Новые борцы за права женщин требовали уже не таких базовых вещей, как право голосования, посещения любых общественных заведений и осуществления финансовых операций, но подлинного равенства женщин и мужчин в самых разных областях деятельности. Крах американской мечты 50-х привел к тому, что все больше и больше женщин стали занимать рабочие места, до сих пор отводившиеся в основном мужчинам. Для семьи все существеннее становился заработок жены, превратившийся в полновесную составляющую семейного бюджета. К началу 60-х новые феминистки Америки смогли составить общее представление о ситуации с женским трудом в США. Ситуация была аховой: там, где мужчина получал за свою работу доллар, женщина получала за ту же работу 63 цента. В результате схлопывания военной индустрии женщины теряли места на фабриках и заводах, а частный сектор, переставший испытывать недостаток мужских рук, всегда предпочитал взять на вакантное место мужчину, а не женщину, - пусть мужчине и приходилось платить больше. В газетах объявлений сообщения о поиске работников были разделены на две категории: ""Женщины"" и ""Мужчины"". Только два процента\n\nпредставителей интеллектуальных профессий - врачей, адвокатов, судей, дантистов, инженеров, архитекторов были женщинами. Подавляющее большинство престижных университетов не допускало женщин на значительную часть факультетов или имело жесткую квоту: иногда 1 женщина на 50 абитуриентов. Все эти факторы определили направление нового витка борьбы за права женщин - это была борьба за равенство на рабочих местах. В 1959 - 1960 годах тема ""Женщины и карьера"" была одной из самых дебатируемых в прессе. Выходила масса статей ""за"" и ""против"" работающих женщин. Представительницы разных профессий шумно спорили в популярных ток-шоу с мужчинами, отстаивающими семейные ценности. Именно тогда впервые проявилась интересная тенденция, определявшая развитие карьеры Барби в течении как минимум трех десятилетий: ее профессиональные достижения всегда были связаны не так с конкретным положением дел на рынке женского труда и даже не так с какими-нибудь специфическими событиями позитивного и негативного толка в этой области, как с шумихой, возникающей вокруг тех или иных аспектов темы. Скажем, в 1960 году ""Маттел"" выпустила Busy Girl Barbie. Считалось, что она ""дизайнер моды"", т.е., с одной стороны, женщина как бы работающая и как бы занимающаяся креативной профессией, но в то же время никоим образом не преступающая границы традиционных женских занятий (как известно, мужчины-кутюрье стали довольно поздним приобретением XX века). До этого момента Барби существовала в совсем немногих вариациях: исходная Барби 1959 года была фотомоделью, у нее был купальник, свадебное платье, костюм балерины и еще один наряд для свободного времяпрепровождения. Однако Busy Girl сильно отличалась от предыдущих вариаций: на ней был твидовый костюм, длинные перчатки и строгая шапочка. По большому счету девочки\n\nмогли видеть в ней собственных мам - благо работающих мам именно в конце 50-х - начале 60-х стало больше, чем когда-либо в истории. Никаких особых аксессуаров у этой Барби не было. Если верить данным, опубликованным Национальной организацией женщин Америки, в начале 60-х очень и очень многие женщины зарабатывали себе на жизнь тяжелым физическим трудом, они были механиками, электриками, водителями автобусов и даже шахтерами. Но рабочая девушка Барби, естественно, не намеревалась надевать каску и рабочую куртку. Я не знаю, так ли одевались в те годы дизайнеры моды, но твидовый костюм, маленькая шапочка и длинные перчатки были фактически униформой девушек из хороших семей, желающих заняться чем-нибудь полезным, пока им не попадется подходящий кандидат в мужья. Так могла выглядеть любая секретарша, машинистка, переписчица, в лучшем случае учительница. Эта первая ""деловая Барби"" фактически заложила основу всей будущей карьеры Барби. И действительно, Барби всегда приобретала только профессии представительниц среднего класса, никогда не занималась физическим трудом и не бралась за плохо оплачиваемые профессии. Рынок вполне оправдывает такой подход: родители девочек из среднего класса видят такие профессии в качестве основных, а родители девочек из более бедных слоев населения видят в этих профессиях хорошие ориентиры. Busy Girl Barbie стала первой в череде бесконечных Барби - бизнес-леди, повторяющихся из года в год с разными аксессуарами и под разными названиями: Business Girl, Busy Woman, Business Executive, Working Girl, Office Barbie и т.д. Чем занимаются эти Барби, ""Маттел"" не уточняет, но так или иначе они демонстрируют некоторую четкую позицию: женщина может добиться высоких постов, а карьера - это классно и престижно.\n\nНовые карьерные вариации Барби, как уже было сказано, возникали тогда, когда общественность начинала муссировать тему рабочего статуса женщины, и исчезали, как только эту тему можно было начать игнорировать. Здесь сказался один из главных маркетинговых талантов ""Маттел"" - талант использовать конъюнктуру, запрыгивать на волну обсуждаемой модной темы и соскакивать с нее, когда волна начинает идти на убыль. Профессиональная деятельность Барби развивалась ровно по тем же законам. В 1961 году Элеонора Рузвельт встала во главе Комиссии по вопросам статуса женщин при правительстве Кеннеди. Этот факт наделал много шума, и в том же году Барби получила профессии дипломированной медсестры и стюардессы. В 1963 году комиссия Рузвельта после двух лет исследований опубликовала доклад о дискриминации женщин на рабочих местах, породив целую волну дебатов о допустимых и недопустимых профессиях для представительниц слабого пола. Публикуется Equal Pay Act - речь идет о том, что мужчины и женщины, занимающие одни и те же должности, должны получать равные зарплаты. В том же году ""Маттел"" выпускает Business Woman Barbie (она же называлась Career Girl Barbie). Через год к биллю о гражданских правах добавляется Седьмой параграф - ""против дискриминации при приеме на работу"". Он включает в себя запрет на дискриминацию по половому признаку, но ситуация остается двойственной: ни билль, ни новую поправку невозможно ратифицировать на местах, поскольку фактически отсутствует механизм контроля, заставляющий работодателя соблюдать навязанные ему правила. Женщины, борющиеся за равноправие на рабочих местах, становятся объектом постоянных насмешек и карикатур в прессе. Таким образом, тема существует, но однозначное отношение к ней не выработано. В результате в 1964 и 1965 годах Барби\n\nполучает целый ряд новых профессий, но все они носят очень осторожный и традиционный характер, а некоторые, по понятиям феминисток, заслуживают осуждения. Так, с одной стороны, Барби оказывается космонавтом (что, скорее, объясняется бешеным интересом к теме космоса), с другой - Барби оказывается чирлидером, мажореткой, редактором модного журнала, фотографом моды, учительницей географии и актрисой. В 1966 году она получает еще одну суперженскую профессию - стюардессы в ""Пан-Американ"". До 1972 года никаких особых крупных событий в борьбе женщин за право на свободную карьеру не происходит, и - сюрприз! - ""карьерные"" Барби исчезают. Но в 1972-м году все снова меняется: Конгресс утверждает Девятый параграф Образовательного кодекса - параграф о равных правах на образование. Кроме того, проводится запрет на сегрегированные объявления о найме рабочей силы теперь все объявления должны печататься без специфического указания на предназначение должности для женщин или для мужчин. Девятый параграф означает, что учебные заведения должны отменить квоту на поступление для женщин и отменить запрет принимать женщин на те или иные факультеты. Соответственно, огромное количество представительниц ОтнынеСильного Пола подают заявки на изучение медицины или юриспруденции. Опять бум в прессе, и ""Маттел"" выпускает ""Барби-Хирурга"", очередной раз продемонстрировав свое поразительное умение держать нос по ветру. С 1973 по 1978 год, т.е. на протяжении пяти лет, Барби фактически не занимается своей карьерой - она отдает все свои силы спорту. Говоря конкретно, Барби становится олимпийской чемпионкой: к олимпиаде 1975 года ""Маттел"" выпускает ""Барби-Золотую-медалистку"", ""Барби-Лыжницу"", ""Барби-Конькобежца"" и ""БарбиПловчиху"" - все они выходят в серии ""Олимпийская\n\nБарби"". Однако в 1977 году тема ""женщины и профессия"" возвращается в большой мир: Национальная женская конференция в Техасе собирает невероятное количество участников - 20 тысяч. Тут же на свет появляется ""Барби с утра и до вечера"" (Day & Night Barbie), которую представляют как business executive - ""ответственного руководителя"". Эта же модель перерождается спустя семь лет, в 1985 году, в Business Executive Barbie. С этого момента карьерный рост Барби становится практически непрерывным. Дело в том, что 80-е стали годами окончательной победы деловых женщин. Многочисленные нововведения, облегчающие уход за детьми, социальные структуры, позволяющие матерям работать полный день, нарушение семейных сценариев, в результате которых распад брака становится обыденной ситуацией, что заставляет мать-одиночку постоянно работать с целью обеспечить себя и своих детей, плюс плохо соблюдающаяся, но все же существующая правовая основа, создающая равные условия для работающих женщин и мужчин, - все это окончательно формирует ситуацию, в которой работа становится совершенно неотъемлемой частью жизни женщин. Золотая девочка компании ""Маттел"" тоже берется за ум. С этого момента мы получаем хотя бы одну ""карьерную"" Барби едва ли не каждый год. Например, для женщин все чаще открываются вакансии, раньше доступные только мужчинам, и в конце 80-х - начале 90-х годов телевидение начинает создавать моду на женщинвоенных и женщин-полицейских. Это карьерное направление становится постоянным в мире Барби: оно тем выгоднее для ""Маттел"", что позволяет подчеркнуть патриотизм куклы. В 1989 году выпускается первая Барби в стиле милитари - так называемая Army Barbie. С 1990 года ее военная и полицейская карьера обретает конкретику: мы получаем капитана военно-воздушных сил, в 1991 году - офицера флота, в 1993 году -\n\nодновременно военврача и полицейского, в 1994 году командира летного эскадрона. Причина: огромный интерес общественности к теме армии, вызванный войной в Персидском заливе и ее последствиями. Потом война закончилась, тема армии перестала особо интересовать публику на несколько лет, и Барби оставила свои милитаристские замашки вплоть до 2000 года, когда армейская тема опять оказалась у всех на устах в связи с иракскими событиями. ""Маттел"" немедленно произвела на свет ""Барби-Паратрупера"" в комплекте с аптечкой первой помощи (Барби и Кен - паратруперы продаются в коробках, на задней стенке которых изображены... барханы). Другой пример: в 1992 году из-за обилия женщин, баллотирующихся на государственные посты, пресса заговорила о ""годе женщин"". В том же году мы получили ""Барби-Кандидата-в-президенты"", чей деловой костюм ""одним движением руки"" превращался в вечернее платье со звездами и полосами. Нам сообщалось, что ""Барби отправляется на инаугурационный бал"". Подобную же оперативность ""Маттел"" демонстрирует в 1994 году. Тогда был принят билль о гендерном равенстве в образовании и американское правительство сформулировало позицию, требующую поощрять в девушках интерес к разнообразию в выборе карьеры, в частности - к математике, естественным наукам и тому подобным ""мальчиковым"" сферам деятельности. ""Маттел"" немедленно выпустила целых пять профессиональных Барби: командир летного эскадрона, астронавт, педиатр, ветеринар и пожарник, профессии, по большей части традиционно занимаемые мужчинами. И все-таки проявления доброй воли в чистом виде было недостаточно: существовало слишком много желающих обвинять Барби во всех смертных грехах и, в частности, в проблемах, связанных с социальным статусом женщины. На слишком широкие плечи этой\n\nкуклы со слишком узкой талией возлагали ответственность за неврозы, связанные с восприятием собственной внешности, за женский консюмеризм, одновременно за сексуальную распущенность и сексуальную неудовлетворенность женщин, за то, что мужчины видят в блондинках безмозглых бимбо, и за прочие женские беды и напасти. После того как в 1998 году компания сделала Барби чуть более реалистичной, несколько расширив талию и уменьшив грудь куклы, пришло время еще раз сделать заявку насчет готовности Барби учить девочек прогрессивным идеалам. В 1999 году ""Маттел"" сделала огромную кампанию за пропаганду нового имиджа куклы. Кампания называлась: ""Be anything"". ""Маттел"" подписала контракт с компанией Girls Incorporated, прежде называвшейся ""Girls Club of America"" - крупнейшей организацией для девочек в США (следом за ней по численности участниц идет правильно! - Клуб Любительниц Барби). С этого момента, заявила ""Маттел"", ""все усилия будут сосредоточены не на куклах, а на самих девочках"". Рекламы демонстрировали, что девочка может стать хоккейным вратарем, игроком в теннис, астронавтом, компьютерным инженером словом, фактически кем угодно. Разъяренные феминистки обвинили Girls Incorporated в продажности: мол, всегда было известно, что Барби только притворяется карьерной куклой, а на самом деле торгует консюмеризмом и консервативностью в то время, как Girls Incorporated изначально заявляла, что намерена настраивать девочек на свободу выбора и на осознание своего права заниматься любым делом по своему вкусу. Я помню публикации, в которых противницы союза ""Маттел"" и GI с горечью писали: ""Нет лучшего способа победить своего врага, чем подкупить его"". Так или иначе союз возник. С этого момента ""Маттел"" продвигала как бы не кукол, а новые ценности: право мечтать о достижениях, право играть в любые игры и побеждать. Совместно две\n\nдевичьих организации проводили акции по профессиональному ориентированию, телешоу, круглые столы. ""Маттел"" выпустила новую игровую серию кукол под названием: ""I can be"" - целых шесть карьерных кукол в один год. В этой серии появилась - ""Барби-Пилот"", опять ""Барби-Working-Woman"" (с ноутбуком, мобильным телефоном и неопределимой сферой деятельности), ""Барби-Учительница-языка-жестов"" (со сгибающимися пальчиками), ""Барби-Футболистка"", ""Барби-Сыщик"" и ""Барби-Игрок-в-бейсбол-из-высшей-лиги"". Правда, в этом же году были выпущены на заказ ""Барби-Официантка"" (для компании ""Кока-Кола"") и ""Барби-Косметолог"" (для компании ""Эйвон""). В 2000 году серия продолжилась; появилась ""Барби-Педиатр"", ""Барби-Учительницавождения"" и ""Барби-Учительница рисования"". Но самым интересным дополнением к карьерной линии ""Маттел"" стала ""Барби-Президент-США"", если верить рекламному плакату, ""готовая приступить к работе в Овальном офисе"". В свете близящихся президентских выборов кукла раскупалась на ура. Последний на сегодняшний день карьерный рывок Барби совершила в 2002 году. С тех пор никакого особого интереса в профессиональной деятельности у этой куклы не наблюдалось. С тех пор появилась только одна Барби, которую можно было бы причислить к профессиональным: в 2004 году ""Маттел"" выпустила в серии ""Happy family"" Барби под названием ""Baby Doctor"" - короче говоря, специалист по неонатальной медицине. Ей предстояло возиться с новорожденным младенцем подруги Мидж. На официальном сайте Барби существует трудно находимый раздел ""I can be"", так или иначе посвященный будущим карьерным занятиям девочек. Здесь предлагается пять вариантов профессий: врач, художник, учитель рисования, балерина и фигуристка как видим, ничего радикального. Сторонницы билля о гендерном равенстве в образовании имеют полное право\n\nупрекать Барби в ограниченности и консервативности: здесь нет профессий хакера, архитектора, машиниста и финансового аналитика. Но в то же время профессии, присутствующие в списке на сайте, во-первых, требуют серьезного труда, а во-вторых, связаны с творческим самовыражением. Правда, в этом списке, как в психометрическом тесте, вызывает подозрение слово ""доктор"" - оно кажется лишним в ряду и, видимо, является очередным примером защитного буфера. Впрочем, если смотреть на более или менее полный список профессий Барби за все годы ее существования, то в целом невозможно упрекнуть ее в потакании сугубо женским занятиям, особенно в последнее время. Мажоретка и чирлидер могут вызвать возмущение у тех, для кого эти занятия сами по себе ассоциируются с тупоголовыми блондинками, но в целом традиционные упреки в адрес Барби сейчас кажутся мне несколько необоснованными. Если что-то и вызывает у меня неприязнь, то это, скорее, не выбор кукольных профессий как таковой, а то, как все эти профессии подаются. Тут ситуация похожа на уже рассмотренную ситуацию с деньгами: совершенно непонятно, откуда что берется. Создается такое впечатление, что Барби приобретает новые профессии так же, как она приобретает новые машины - по щучьему велению, по своему хотению. Она не знает не только трудностей, связанных с получением той или иной профессии, но и трудностей, связанных с профессиональной практикой. В ее деятельности нет элементов труда или усталости. В любом из ее занятий вообще нет отрицательных или неприятных сторон. Начинает казаться, что доктор Барби никогда в жизни не видела ни крови, ни смерти, а Барби-следователь напоминает Айс Вентуру - сыщика по делам домашних животных, а не реального следователя, постоянно имеющего дело с самыми неприглядными сторонами\n\nжизни. Когда я узнала, что ""Маттел"" выпустила Барбипалеонтолога, во мне затеплилась надежда: в конце концов, вот уж профессия, в которой основные аксессуары - пыль да кости. Но выяснилось, что Барби в роли исследователя прошлого выкапывает из земли не окаменелости и не останки мертвых животных, а целых разноцветных динозавриков. В общем, о Барби как об инструменте профессионального ориентирования не может быть и речи, что бы ""Маттел"" ни говорила. Нигде, никогда, никаким образом нам не рассказывают о причинах, по которым Барби выбирает ту или иную карьеру. Нам обычно не говорят о талантах или наклонностях, которыми надо обладать для выполнения тех или иных профессиональных обязанностей, не описывают путь, который необходимо пройти для получения соответствующих навыков. Нам не рассказывают о том, как устроены трудовые будни того же дантиста, или палеонтолога, или даже редактора модного журнала. Типичная сцена из журнальчиков про Барби - Барбидоктор держит за ручку очередного пациента, который благодарит ее не за лечение, связанное, как уже было сказано, с неприятными процедурами, а за добрый совет по поводу сохранения и без того прекрасного здоровья. Так что о профессиональном ориентировании речь не идет - максимум речь идет о некотором условном и очень поверхностном стимулировании интереса к той или иной профессии. Впрочем, меня не оставляет ощущение, что и этого более чем достаточно. Все карьерные Барби делаются, как уже говорилось, не для самих девочек, а для их родителей. Девочки хотят играть в принцесс или в вечеринки и переодевать своих кукол из одной одежки в другую. Если у их мам и пап становится легче на душе от присутствия в наборе некоего подобия зеленой формы хирурга или строгой полицейской униформы, ""Маттел""\n\nготова производить и промотировать такие вариации куклы. Каждая из них стоит от 10 до 25 долларов, и если родители, озабоченные будущим девочки, подарят ей на Новый год Барби-палеонтолога, это будет лучше, чем если озабоченные ее будущим родители не подарят своей дочери ни единой Барби вообще. И в этом аспекте, как и во всех остальных, мир Барби создается исключительно по запросам и требованиям мира вокруг Барби.\n\nЧасть третья\n\nМИР ВОКРУГ БАРБИ | Горалик · Полая женщина · глава 9: Глава девятая. Девушки могут все: занятия и профессии Барби\n\nИсточник: Линор Горалик, «Полая женщина: Мир Барби изнутри и снаружи» (НЛО, 2005).\n\nГлава девятая\n\nДЕВУШКИ МОГУТ ВСЕ: ЗАНЯТИЯ И ПРОФЕССИИ БАРБИ\n\nТо, как Барби проводит время, невольно заставляет думать о серьезных психологических проблемах этой юной девушки, впрочем частично объясняющихся отсутствием у нее добрых и любящих родителей. Барби испытывает мучительную потребность во внешней\n\nоценке и внешнем одобрении, что постоянно толкает ее на все новые и новые социальные и карьерные достижения. Она фантастически, невыносимо экстравертна и явно не способна хоть на пять минут остаться одна. О времяпрепровождении Барби мы узнаем из описания новых выходящих на рынок моделей, ""Барбикниг"" и посвященных этой кукле журналов. Удивительным образом бесконечная череда вечеринок, туристических поездок и походов в кафе с друзьями не помешала Барби освоить более семи десятков профессий за последние сорок шесть лет. Составить полный список всех карьерных достижений Барби практически невозможно: довольно большое количество таких моделей было выпущено ""Маттел"" не для общего рынка, а для каких-нибудь крупных торговых марок или для сетей универсальных магазинов. Например, существовала Барби - продавщица кока-колы, сделанная соответственно по заказу корпорации ""Кока-Кола"", и Барби распространительница продуктов компании Avon, сделанная по заказу Avon Cosmetics. Особая Барби была произведена ""Маттел"" к юбилею сети игрушечных магазинов ""Toys Are Us"", специально разработанная маленькая Барби продавалась в ""Макдоналдсе"" - словом, примеров хватает Все ""профессиональные"" Барби принадлежат игровой линии Если я не ошибаюсь, карьерные Барби никогда не выпускались в коллекционных сериях, кроме нескольких куколок в серии ""Silkstone"", скажем, ""БарбиРедактор-раздела-моды"" и ""Кен-Инсайдер-моднойиндустрии"". Помню, что мой собственный вопрос о коллекционных Барби-""профессионалках"" не вызвал энтузиазма на форуме собирателей куклы. Я готова предположить, что дело здесь не только в том и даже далеко не в том, что для профессиональной Барби невозможно создать роскошный наряд, - в конце концов\n\nБоб Мэки наверняка прекрасно одел бы ""БарбиУкротительницу-львов"" или ""Барби-Флориста"". Просто профессиональная Барби, видимо, не очень интересует взрослых коллекционеров, потому что им за глаза и за уши хватает собственной профессиональной деятельности. Они, я полагаю, не видят особой радости в том, чтобы тащить домой куклу-бизнесмена или куклуврача. Но гораздо больше нам говорит тот факт, что в ""профессиональных"" Барби не слишком заинтересованы не только взрослые, но и дети. Дети вообще редко играют в конкретные профессии, кроме знаменитой игры в доктора, которая, как известно, преследует цели, далекие от профориентации. Бывают, конечно, игры в спасателей, пожарников или милицию и воров, но и здесь, как мы все понимаем, о развитии вкуса к будущей профессии речь не идет. Иногда дети играют в профессии, которыми занимаются их родители, самым поверхностным образом имитируя известные им элементы этих профессий с целью отыграть те или иные жизненные ситуации. Мне трудно представить себе, что мои собственные племянники ни с того ни с сего устроят серьезную и целенаправленную игру в палеонтологов или программистов. Игра в ветеринара может иметь тяжелые последствия для кошки и вряд ли напрямую связана с желанием как следует понять основы этой благородной профессии. Девочки предаются ""профессиональным"" играм еще реже, чем мальчики. Я рискну предположить, что большинство девочек предпочтет получить в подарок ""Барби-Принцессу"", ""Барби-День-рождения"", ""Барбиидет-на-пляж"" или ""Барби-катается-на-роликовыхконьках"", а не ""Барби-Дантиста"" или ""Барби-Бизнеследи"". Не сомневаюсь, что компания ""Маттел"" прекрасно это понимает, - и все-таки выпускать карьерных Барби ей приходится постоянно. Такое упорство вызвано отнюдь не запросом рынка, то есть не желанием маленьких\n\nдевочек приобрести ""Барби-Палеонтолога"" или ""БарбиСтюардессу"", а социальным давлением, постоянно оказываемым на ""Маттел"" со стороны прессы и родителей. Если бы Барби не занималась чем-нибудь трудоемким и престижным для зарабатывания собственного хлеба, ""Маттел"" было бы гораздо труднее отражать атаки, связанные с консюмеризмом куклы и с ее навязчивой привычкой следовать моде; кроме того, было бы гораздо сложнее говорить о позитивном влиянии Барби в деле воспитания молодого поколения. В целом ряде случаев ""Маттел"" выдвигает эти вариации своей модной куколки вперед на манер щита. Одна умная, но скучно одетая Барби защищает целую плеяду своих красивых, расфуфыренных и легкомысленных сестер. Именно давление со стороны родителей, феминисток, педагогов и прессы заставляет ""Маттел"" постоянно прилагать большие усилия для того, чтобы взгляды Барби на работу и карьеру можно было считать передовыми и даже опережающими время. Любимый пример, приводимый компанией каждый раз, когда речь заходит о карьерных достижениях их куклы, - ""Барби-Астронавт"" производства 1965 года, ""полетевшая в космос задолго до того, как первая женщина действительно ступила на борт космического корабля"". Однако других особо ярких примеров такого рода у компании ""Маттел"" нет. Я с большим удовольствием потратила несколько дней, накладывая хронологию карьерного развития Барби на историю женского движения и в особенности на историю борьбы женщин за карьерное равноправие с 1959 года - года выпуска Барби и по сегодняшний день. Такое сравнение позволяет увидеть, что в плане карьеры Барби действует фактически так же, как она действует в плане моды, т.е. оказывается не лидером-провозвестником новых тенденций, а их легитимизатором и в некоторой мере барометром происходящего. Можно быть твердо уверенным, что если\n\nБарби начала развивать деятельность на том или ином поприще, то поприще это уже некоторое время надежно существует в качестве игровой площадки для женщин в реальном мире. Скажем, в 1956 году, т.е. в том году, когда Хендлер изобрела Барби (ей, как мы помним, потребовалось три года, чтобы уговорить своих партнеров начать выпускать куклу), журнал ""Life"" назвал ""идеалом американской женщины"" тридцатидвухлетнюю мать четверых детей, естественно, нигде не работающую. Однако за три года, прошедшие до выхода Барби на рынок, реальность сильно изменилась. Именно тогда, в конце 50-х, поднялась так называемая ""вторая волна женского движения"" (первую относят к 20 - 30-м годам прошлого века). Новые борцы за права женщин требовали уже не таких базовых вещей, как право голосования, посещения любых общественных заведений и осуществления финансовых операций, но подлинного равенства женщин и мужчин в самых разных областях деятельности. Крах американской мечты 50-х привел к тому, что все больше и больше женщин стали занимать рабочие места, до сих пор отводившиеся в основном мужчинам. Для семьи все существеннее становился заработок жены, превратившийся в полновесную составляющую семейного бюджета. К началу 60-х новые феминистки Америки смогли составить общее представление о ситуации с женским трудом в США. Ситуация была аховой: там, где мужчина получал за свою работу доллар, женщина получала за ту же работу 63 цента. В результате схлопывания военной индустрии женщины теряли места на фабриках и заводах, а частный сектор, переставший испытывать недостаток мужских рук, всегда предпочитал взять на вакантное место мужчину, а не женщину, - пусть мужчине и приходилось платить больше. В газетах объявлений сообщения о поиске работников были разделены на две категории: ""Женщины"" и ""Мужчины"". Только два процента\n\nпредставителей интеллектуальных профессий - врачей, адвокатов, судей, дантистов, инженеров, архитекторов были женщинами. Подавляющее большинство престижных университетов не допускало женщин на значительную часть факультетов или имело жесткую квоту: иногда 1 женщина на 50 абитуриентов. Все эти факторы определили направление нового витка борьбы за права женщин - это была борьба за равенство на рабочих местах. В 1959 - 1960 годах тема ""Женщины и карьера"" была одной из самых дебатируемых в прессе. Выходила масса статей ""за"" и ""против"" работающих женщин. Представительницы разных профессий шумно спорили в популярных ток-шоу с мужчинами, отстаивающими семейные ценности. Именно тогда впервые проявилась интересная тенденция, определявшая развитие карьеры Барби в течении как минимум трех десятилетий: ее профессиональные достижения всегда были связаны не так с конкретным положением дел на рынке женского труда и даже не так с какими-нибудь специфическими событиями позитивного и негативного толка в этой области, как с шумихой, возникающей вокруг тех или иных аспектов темы. Скажем, в 1960 году ""Маттел"" выпустила Busy Girl Barbie. Считалось, что она ""дизайнер моды"", т.е., с одной стороны, женщина как бы работающая и как бы занимающаяся креативной профессией, но в то же время никоим образом не преступающая границы традиционных женских занятий (как известно, мужчины-кутюрье стали довольно поздним приобретением XX века). До этого момента Барби существовала в совсем немногих вариациях: исходная Барби 1959 года была фотомоделью, у нее был купальник, свадебное платье, костюм балерины и еще один наряд для свободного времяпрепровождения. Однако Busy Girl сильно отличалась от предыдущих вариаций: на ней был твидовый костюм, длинные перчатки и строгая шапочка. По большому счету девочки\n\nмогли видеть в ней собственных мам - благо работающих мам именно в конце 50-х - начале 60-х стало больше, чем когда-либо в истории. Никаких особых аксессуаров у этой Барби не было. Если верить данным, опубликованным Национальной организацией женщин Америки, в начале 60-х очень и очень многие женщины зарабатывали себе на жизнь тяжелым физическим трудом, они были механиками, электриками, водителями автобусов и даже шахтерами. Но рабочая девушка Барби, естественно, не намеревалась надевать каску и рабочую куртку. Я не знаю, так ли одевались в те годы дизайнеры моды, но твидовый костюм, маленькая шапочка и длинные перчатки были фактически униформой девушек из хороших семей, желающих заняться чем-нибудь полезным, пока им не попадется подходящий кандидат в мужья. Так могла выглядеть любая секретарша, машинистка, переписчица, в лучшем случае учительница. Эта первая ""деловая Барби"" фактически заложила основу всей будущей карьеры Барби. И действительно, Барби всегда приобретала только профессии представительниц среднего класса, никогда не занималась физическим трудом и не бралась за плохо оплачиваемые профессии. Рынок вполне оправдывает такой подход: родители девочек из среднего класса видят такие профессии в качестве основных, а родители девочек из более бедных слоев населения видят в этих профессиях хорошие ориентиры. Busy Girl Barbie стала первой в череде бесконечных Барби - бизнес-леди, повторяющихся из года в год с разными аксессуарами и под разными названиями: Business Girl, Busy Woman, Business Executive, Working Girl, Office Barbie и т.д. Чем занимаются эти Барби, ""Маттел"" не уточняет, но так или иначе они демонстрируют некоторую четкую позицию: женщина может добиться высоких постов, а карьера - это классно и престижно.\n\nНовые карьерные вариации Барби, как уже было сказано, возникали тогда, когда общественность начинала муссировать тему рабочего статуса женщины, и исчезали, как только эту тему можно было начать игнорировать. Здесь сказался один из главных маркетинговых талантов ""Маттел"" - талант использовать конъюнктуру, запрыгивать на волну обсуждаемой модной темы и соскакивать с нее, когда волна начинает идти на убыль. Профессиональная деятельность Барби развивалась ровно по тем же законам. В 1961 году Элеонора Рузвельт встала во главе Комиссии по вопросам статуса женщин при правительстве Кеннеди. Этот факт наделал много шума, и в том же году Барби получила профессии дипломированной медсестры и стюардессы. В 1963 году комиссия Рузвельта после двух лет исследований опубликовала доклад о дискриминации женщин на рабочих местах, породив целую волну дебатов о допустимых и недопустимых профессиях для представительниц слабого пола. Публикуется Equal Pay Act - речь идет о том, что мужчины и женщины, занимающие одни и те же должности, должны получать равные зарплаты. В том же году ""Маттел"" выпускает Business Woman Barbie (она же называлась Career Girl Barbie). Через год к биллю о гражданских правах добавляется Седьмой параграф - ""против дискриминации при приеме на работу"". Он включает в себя запрет на дискриминацию по половому признаку, но ситуация остается двойственной: ни билль, ни новую поправку невозможно ратифицировать на местах, поскольку фактически отсутствует механизм контроля, заставляющий работодателя соблюдать навязанные ему правила. Женщины, борющиеся за равноправие на рабочих местах, становятся объектом постоянных насмешек и карикатур в прессе. Таким образом, тема существует, но однозначное отношение к ней не выработано. В результате в 1964 и 1965 годах Барби\n\nполучает целый ряд новых профессий, но все они носят очень осторожный и традиционный характер, а некоторые, по понятиям феминисток, заслуживают осуждения. Так, с одной стороны, Барби оказывается космонавтом (что, скорее, объясняется бешеным интересом к теме космоса), с другой - Барби оказывается чирлидером, мажореткой, редактором модного журнала, фотографом моды, учительницей географии и актрисой. В 1966 году она получает еще одну суперженскую профессию - стюардессы в ""Пан-Американ"". До 1972 года никаких особых крупных событий в борьбе женщин за право на свободную карьеру не происходит, и - сюрприз! - ""карьерные"" Барби исчезают. Но в 1972-м году все снова меняется: Конгресс утверждает Девятый параграф Образовательного кодекса - параграф о равных правах на образование. Кроме того, проводится запрет на сегрегированные объявления о найме рабочей силы теперь все объявления должны печататься без специфического указания на предназначение должности для женщин или для мужчин. Девятый параграф означает, что учебные заведения должны отменить квоту на поступление для женщин и отменить запрет принимать женщин на те или иные факультеты. Соответственно, огромное количество представительниц ОтнынеСильного Пола подают заявки на изучение медицины или юриспруденции. Опять бум в прессе, и ""Маттел"" выпускает ""Барби-Хирурга"", очередной раз продемонстрировав свое поразительное умение держать нос по ветру. С 1973 по 1978 год, т.е. на протяжении пяти лет, Барби фактически не занимается своей карьерой - она отдает все свои силы спорту. Говоря конкретно, Барби становится олимпийской чемпионкой: к олимпиаде 1975 года ""Маттел"" выпускает ""Барби-Золотую-медалистку"", ""Барби-Лыжницу"", ""Барби-Конькобежца"" и ""БарбиПловчиху"" - все они выходят в серии ""Олимпийская\n\nБарби"". Однако в 1977 году тема ""женщины и профессия"" возвращается в большой мир: Национальная женская конференция в Техасе собирает невероятное количество участников - 20 тысяч. Тут же на свет появляется ""Барби с утра и до вечера"" (Day & Night Barbie), которую представляют как business executive - ""ответственного руководителя"". Эта же модель перерождается спустя семь лет, в 1985 году, в Business Executive Barbie. С этого момента карьерный рост Барби становится практически непрерывным. Дело в том, что 80-е стали годами окончательной победы деловых женщин. Многочисленные нововведения, облегчающие уход за детьми, социальные структуры, позволяющие матерям работать полный день, нарушение семейных сценариев, в результате которых распад брака становится обыденной ситуацией, что заставляет мать-одиночку постоянно работать с целью обеспечить себя и своих детей, плюс плохо соблюдающаяся, но все же существующая правовая основа, создающая равные условия для работающих женщин и мужчин, - все это окончательно формирует ситуацию, в которой работа становится совершенно неотъемлемой частью жизни женщин. Золотая девочка компании ""Маттел"" тоже берется за ум. С этого момента мы получаем хотя бы одну ""карьерную"" Барби едва ли не каждый год. Например, для женщин все чаще открываются вакансии, раньше доступные только мужчинам, и в конце 80-х - начале 90-х годов телевидение начинает создавать моду на женщинвоенных и женщин-полицейских. Это карьерное направление становится постоянным в мире Барби: оно тем выгоднее для ""Маттел"", что позволяет подчеркнуть патриотизм куклы. В 1989 году выпускается первая Барби в стиле милитари - так называемая Army Barbie. С 1990 года ее военная и полицейская карьера обретает конкретику: мы получаем капитана военно-воздушных сил, в 1991 году - офицера флота, в 1993 году -\n\nодновременно военврача и полицейского, в 1994 году командира летного эскадрона. Причина: огромный интерес общественности к теме армии, вызванный войной в Персидском заливе и ее последствиями. Потом война закончилась, тема армии перестала особо интересовать публику на несколько лет, и Барби оставила свои милитаристские замашки вплоть до 2000 года, когда армейская тема опять оказалась у всех на устах в связи с иракскими событиями. ""Маттел"" немедленно произвела на свет ""Барби-Паратрупера"" в комплекте с аптечкой первой помощи (Барби и Кен - паратруперы продаются в коробках, на задней стенке которых изображены... барханы). Другой пример: в 1992 году из-за обилия женщин, баллотирующихся на государственные посты, пресса заговорила о ""годе женщин"". В том же году мы получили ""Барби-Кандидата-в-президенты"", чей деловой костюм ""одним движением руки"" превращался в вечернее платье со звездами и полосами. Нам сообщалось, что ""Барби отправляется на инаугурационный бал"". Подобную же оперативность ""Маттел"" демонстрирует в 1994 году. Тогда был принят билль о гендерном равенстве в образовании и американское правительство сформулировало позицию, требующую поощрять в девушках интерес к разнообразию в выборе карьеры, в частности - к математике, естественным наукам и тому подобным ""мальчиковым"" сферам деятельности. ""Маттел"" немедленно выпустила целых пять профессиональных Барби: командир летного эскадрона, астронавт, педиатр, ветеринар и пожарник, профессии, по большей части традиционно занимаемые мужчинами. И все-таки проявления доброй воли в чистом виде было недостаточно: существовало слишком много желающих обвинять Барби во всех смертных грехах и, в частности, в проблемах, связанных с социальным статусом женщины. На слишком широкие плечи этой\n\nкуклы со слишком узкой талией возлагали ответственность за неврозы, связанные с восприятием собственной внешности, за женский консюмеризм, одновременно за сексуальную распущенность и сексуальную неудовлетворенность женщин, за то, что мужчины видят в блондинках безмозглых бимбо, и за прочие женские беды и напасти. После того как в 1998 году компания сделала Барби чуть более реалистичной, несколько расширив талию и уменьшив грудь куклы, пришло время еще раз сделать заявку насчет готовности Барби учить девочек прогрессивным идеалам. В 1999 году ""Маттел"" сделала огромную кампанию за пропаганду нового имиджа куклы. Кампания называлась: ""Be anything"". ""Маттел"" подписала контракт с компанией Girls Incorporated, прежде называвшейся ""Girls Club of America"" - крупнейшей организацией для девочек в США (следом за ней по численности участниц идет правильно! - Клуб Любительниц Барби). С этого момента, заявила ""Маттел"", ""все усилия будут сосредоточены не на куклах, а на самих девочках"". Рекламы демонстрировали, что девочка может стать хоккейным вратарем, игроком в теннис, астронавтом, компьютерным инженером словом, фактически кем угодно. Разъяренные феминистки обвинили Girls Incorporated в продажности: мол, всегда было известно, что Барби только притворяется карьерной куклой, а на самом деле торгует консюмеризмом и консервативностью в то время, как Girls Incorporated изначально заявляла, что намерена настраивать девочек на свободу выбора и на осознание своего права заниматься любым делом по своему вкусу. Я помню публикации, в которых противницы союза ""Маттел"" и GI с горечью писали: ""Нет лучшего способа победить своего врага, чем подкупить его"". Так или иначе союз возник. С этого момента ""Маттел"" продвигала как бы не кукол, а новые ценности: право мечтать о достижениях, право играть в любые игры и побеждать. Совместно две\n\nдевичьих организации проводили акции по профессиональному ориентированию, телешоу, круглые столы. ""Маттел"" выпустила новую игровую серию кукол под названием: ""I can be"" - целых шесть карьерных кукол в один год. В этой серии появилась - ""Барби-Пилот"", опять ""Барби-Working-Woman"" (с ноутбуком, мобильным телефоном и неопределимой сферой деятельности), ""Барби-Учительница-языка-жестов"" (со сгибающимися пальчиками), ""Барби-Футболистка"", ""Барби-Сыщик"" и ""Барби-Игрок-в-бейсбол-из-высшей-лиги"". Правда, в этом же году были выпущены на заказ ""Барби-Официантка"" (для компании ""Кока-Кола"") и ""Барби-Косметолог"" (для компании ""Эйвон""). В 2000 году серия продолжилась; появилась ""Барби-Педиатр"", ""Барби-Учительницавождения"" и ""Барби-Учительница рисования"". Но самым интересным дополнением к карьерной линии ""Маттел"" стала ""Барби-Президент-США"", если верить рекламному плакату, ""готовая приступить к работе в Овальном офисе"". В свете близящихся президентских выборов кукла раскупалась на ура. Последний на сегодняшний день карьерный рывок Барби совершила в 2002 году. С тех пор никакого особого интереса в профессиональной деятельности у этой куклы не наблюдалось. С тех пор появилась только одна Барби, которую можно было бы причислить к профессиональным: в 2004 году ""Маттел"" выпустила в серии ""Happy family"" Барби под названием ""Baby Doctor"" - короче говоря, специалист по неонатальной медицине. Ей предстояло возиться с новорожденным младенцем подруги Мидж. На официальном сайте Барби существует трудно находимый раздел ""I can be"", так или иначе посвященный будущим карьерным занятиям девочек. Здесь предлагается пять вариантов профессий: врач, художник, учитель рисования, балерина и фигуристка как видим, ничего радикального. Сторонницы билля о гендерном равенстве в образовании имеют полное право\n\nупрекать Барби в ограниченности и консервативности: здесь нет профессий хакера, архитектора, машиниста и финансового аналитика. Но в то же время профессии, присутствующие в списке на сайте, во-первых, требуют серьезного труда, а во-вторых, связаны с творческим самовыражением. Правда, в этом списке, как в психометрическом тесте, вызывает подозрение слово ""доктор"" - оно кажется лишним в ряду и, видимо, является очередным примером защитного буфера. Впрочем, если смотреть на более или менее полный список профессий Барби за все годы ее существования, то в целом невозможно упрекнуть ее в потакании сугубо женским занятиям, особенно в последнее время. Мажоретка и чирлидер могут вызвать возмущение у тех, для кого эти занятия сами по себе ассоциируются с тупоголовыми блондинками, но в целом традиционные упреки в адрес Барби сейчас кажутся мне несколько необоснованными. Если что-то и вызывает у меня неприязнь, то это, скорее, не выбор кукольных профессий как таковой, а то, как все эти профессии подаются. Тут ситуация похожа на уже рассмотренную ситуацию с деньгами: совершенно непонятно, откуда что берется. Создается такое впечатление, что Барби приобретает новые профессии так же, как она приобретает новые машины - по щучьему велению, по своему хотению. Она не знает не только трудностей, связанных с получением той или иной профессии, но и трудностей, связанных с профессиональной практикой. В ее деятельности нет элементов труда или усталости. В любом из ее занятий вообще нет отрицательных или неприятных сторон. Начинает казаться, что доктор Барби никогда в жизни не видела ни крови, ни смерти, а Барби-следователь напоминает Айс Вентуру - сыщика по делам домашних животных, а не реального следователя, постоянно имеющего дело с самыми неприглядными сторонами\n\nжизни. Когда я узнала, что ""Маттел"" выпустила Барбипалеонтолога, во мне затеплилась надежда: в конце концов, вот уж профессия, в которой основные аксессуары - пыль да кости. Но выяснилось, что Барби в роли исследователя прошлого выкапывает из земли не окаменелости и не останки мертвых животных, а целых разноцветных динозавриков. В общем, о Барби как об инструменте профессионального ориентирования не может быть и речи, что бы ""Маттел"" ни говорила. Нигде, никогда, никаким образом нам не рассказывают о причинах, по которым Барби выбирает ту или иную карьеру. Нам обычно не говорят о талантах или наклонностях, которыми надо обладать для выполнения тех или иных профессиональных обязанностей, не описывают путь, который необходимо пройти для получения соответствующих навыков. Нам не рассказывают о том, как устроены трудовые будни того же дантиста, или палеонтолога, или даже редактора модного журнала. Типичная сцена из журнальчиков про Барби - Барбидоктор держит за ручку очередного пациента, который благодарит ее не за лечение, связанное, как уже было сказано, с неприятными процедурами, а за добрый совет по поводу сохранения и без того прекрасного здоровья. Так что о профессиональном ориентировании речь не идет - максимум речь идет о некотором условном и очень поверхностном стимулировании интереса к той или иной профессии. Впрочем, меня не оставляет ощущение, что и этого более чем достаточно. Все карьерные Барби делаются, как уже говорилось, не для самих девочек, а для их родителей. Девочки хотят играть в принцесс или в вечеринки и переодевать своих кукол из одной одежки в другую. Если у их мам и пап становится легче на душе от присутствия в наборе некоего подобия зеленой формы хирурга или строгой полицейской униформы, ""Маттел""\n\nготова производить и промотировать такие вариации куклы. Каждая из них стоит от 10 до 25 долларов, и если родители, озабоченные будущим девочки, подарят ей на Новый год Барби-палеонтолога, это будет лучше, чем если озабоченные ее будущим родители не подарят своей дочери ни единой Барби вообще. И в этом аспекте, как и во всех остальных, мир Барби создается исключительно по запросам и требованиям мира вокруг Барби.\n\nЧасть третья\n\nМИР ВОКРУГ БАРБИ\n\nПЕРВИЧНЫЙ ТЕКСТ ИСТОЧНИКА:\nГлава девятая. Девушки могут все: занятия и профессии Барби\n\nИсточник: Линор Горалик, «Полая женщина: Мир Барби изнутри и снаружи» (НЛО, 2005).\n\nГлава девятая\n\nДЕВУШКИ МОГУТ ВСЕ: ЗАНЯТИЯ И ПРОФЕССИИ БАРБИ\n\nТо, как Барби проводит время, невольно заставляет думать о серьезных психологических проблемах этой юной девушки, впрочем частично объясняющихся отсутствием у нее добрых и любящих родителей. Барби испытывает мучительную потребность во внешней\n\nоценке и внешнем одобрении, что постоянно толкает ее на все новые и новые социальные и карьерные достижения. Она фантастически, невыносимо экстравертна и явно не способна хоть на пять минут остаться одна. О времяпрепровождении Барби мы узнаем из описания новых выходящих на рынок моделей, ""Барбикниг"" и посвященных этой кукле журналов. Удивительным образом бесконечная череда вечеринок, туристических поездок и походов в кафе с друзьями не помешала Барби освоить более семи десятков профессий за последние сорок шесть лет. Составить полный список всех карьерных достижений Барби практически невозможно: довольно большое количество таких моделей было выпущено ""Маттел"" не для общего рынка, а для каких-нибудь крупных торговых марок или для сетей универсальных магазинов. Например, существовала Барби - продавщица кока-колы, сделанная соответственно по заказу корпорации ""Кока-Кола"", и Барби распространительница продуктов компании Avon, сделанная по заказу Avon Cosmetics. Особая Барби была произведена ""Маттел"" к юбилею сети игрушечных магазинов ""Toys Are Us"", специально разработанная маленькая Барби продавалась в ""Макдоналдсе"" - словом, примеров хватает Все ""профессиональные"" Барби принадлежат игровой линии Если я не ошибаюсь, карьерные Барби никогда не выпускались в коллекционных сериях, кроме нескольких куколок в серии ""Silkstone"", скажем, ""БарбиРедактор-раздела-моды"" и ""Кен-Инсайдер-моднойиндустрии"". Помню, что мой собственный вопрос о коллекционных Барби-""профессионалках"" не вызвал энтузиазма на форуме собирателей куклы. Я готова предположить, что дело здесь не только в том и даже далеко не в том, что для профессиональной Барби невозможно создать роскошный наряд, - в конце концов\n\nБоб Мэки наверняка прекрасно одел бы ""БарбиУкротительницу-львов"" или ""Барби-Флориста"". Просто профессиональная Барби, видимо, не очень интересует взрослых коллекционеров, потому что им за глаза и за уши хватает собственной профессиональной деятельности. Они, я полагаю, не видят особой радости в том, чтобы тащить домой куклу-бизнесмена или куклуврача. Но гораздо больше нам говорит тот факт, что в ""профессиональных"" Барби не слишком заинтересованы не только взрослые, но и дети. Дети вообще редко играют в конкретные профессии, кроме знаменитой игры в доктора, которая, как известно, преследует цели, далекие от профориентации. Бывают, конечно, игры в спасателей, пожарников или милицию и воров, но и здесь, как мы все понимаем, о развитии вкуса к будущей профессии речь не идет. Иногда дети играют в профессии, которыми занимаются их родители, самым поверхностным образом имитируя известные им элементы этих профессий с целью отыграть те или иные жизненные ситуации. Мне трудно представить себе, что мои собственные племянники ни с того ни с сего устроят серьезную и целенаправленную игру в палеонтологов или программистов. Игра в ветеринара может иметь тяжелые последствия для кошки и вряд ли напрямую связана с желанием как следует понять основы этой благородной профессии. Девочки предаются ""профессиональным"" играм еще реже, чем мальчики. Я рискну предположить, что большинство девочек предпочтет получить в подарок ""Барби-Принцессу"", ""Барби-День-рождения"", ""Барбиидет-на-пляж"" или ""Барби-катается-на-роликовыхконьках"", а не ""Барби-Дантиста"" или ""Барби-Бизнеследи"". Не сомневаюсь, что компания ""Маттел"" прекрасно это понимает, - и все-таки выпускать карьерных Барби ей приходится постоянно. Такое упорство вызвано отнюдь не запросом рынка, то есть не желанием маленьких\n\nдевочек приобрести ""Барби-Палеонтолога"" или ""БарбиСтюардессу"", а социальным давлением, постоянно оказываемым на ""Маттел"" со стороны прессы и родителей. Если бы Барби не занималась чем-нибудь трудоемким и престижным для зарабатывания собственного хлеба, ""Маттел"" было бы гораздо труднее отражать атаки, связанные с консюмеризмом куклы и с ее навязчивой привычкой следовать моде; кроме того, было бы гораздо сложнее говорить о позитивном влиянии Барби в деле воспитания молодого поколения. В целом ряде случаев ""Маттел"" выдвигает эти вариации своей модной куколки вперед на манер щита. Одна умная, но скучно одетая Барби защищает целую плеяду своих красивых, расфуфыренных и легкомысленных сестер. Именно давление со стороны родителей, феминисток, педагогов и прессы заставляет ""Маттел"" постоянно прилагать большие усилия для того, чтобы взгляды Барби на работу и карьеру можно было считать передовыми и даже опережающими время. Любимый пример, приводимый компанией каждый раз, когда речь заходит о карьерных достижениях их куклы, - ""Барби-Астронавт"" производства 1965 года, ""полетевшая в космос задолго до того, как первая женщина действительно ступила на борт космического корабля"". Однако других особо ярких примеров такого рода у компании ""Маттел"" нет. Я с большим удовольствием потратила несколько дней, накладывая хронологию карьерного развития Барби на историю женского движения и в особенности на историю борьбы женщин за карьерное равноправие с 1959 года - года выпуска Барби и по сегодняшний день. Такое сравнение позволяет увидеть, что в плане карьеры Барби действует фактически так же, как она действует в плане моды, т.е. оказывается не лидером-провозвестником новых тенденций, а их легитимизатором и в некоторой мере барометром происходящего. Можно быть твердо уверенным, что если\n\nБарби начала развивать деятельность на том или ином поприще, то поприще это уже некоторое время надежно существует в качестве игровой площадки для женщин в реальном мире. Скажем, в 1956 году, т.е. в том году, когда Хендлер изобрела Барби (ей, как мы помним, потребовалось три года, чтобы уговорить своих партнеров начать выпускать куклу), журнал ""Life"" назвал ""идеалом американской женщины"" тридцатидвухлетнюю мать четверых детей, естественно, нигде не работающую. Однако за три года, прошедшие до выхода Барби на рынок, реальность сильно изменилась. Именно тогда, в конце 50-х, поднялась так называемая ""вторая волна женского движения"" (первую относят к 20 - 30-м годам прошлого века). Новые борцы за права женщин требовали уже не таких базовых вещей, как право голосования, посещения любых общественных заведений и осуществления финансовых операций, но подлинного равенства женщин и мужчин в самых разных областях деятельности. Крах американской мечты 50-х привел к тому, что все больше и больше женщин стали занимать рабочие места, до сих пор отводившиеся в основном мужчинам. Для семьи все существеннее становился заработок жены, превратившийся в полновесную составляющую семейного бюджета. К началу 60-х новые феминистки Америки смогли составить общее представление о ситуации с женским трудом в США. Ситуация была аховой: там, где мужчина получал за свою работу доллар, женщина получала за ту же работу 63 цента. В результате схлопывания военной индустрии женщины теряли места на фабриках и заводах, а частный сектор, переставший испытывать недостаток мужских рук, всегда предпочитал взять на вакантное место мужчину, а не женщину, - пусть мужчине и приходилось платить больше. В газетах объявлений сообщения о поиске работников были разделены на две категории: ""Женщины"" и ""Мужчины"". Только два процента\n\nпредставителей интеллектуальных профессий - врачей, адвокатов, судей, дантистов, инженеров, архитекторов были женщинами. Подавляющее большинство престижных университетов не допускало женщин на значительную часть факультетов или имело жесткую квоту: иногда 1 женщина на 50 абитуриентов. Все эти факторы определили направление нового витка борьбы за права женщин - это была борьба за равенство на рабочих местах. В 1959 - 1960 годах тема ""Женщины и карьера"" была одной из самых дебатируемых в прессе. Выходила масса статей ""за"" и ""против"" работающих женщин. Представительницы разных профессий шумно спорили в популярных ток-шоу с мужчинами, отстаивающими семейные ценности. Именно тогда впервые проявилась интересная тенденция, определявшая развитие карьеры Барби в течении как минимум трех десятилетий: ее профессиональные достижения всегда были связаны не так с конкретным положением дел на рынке женского труда и даже не так с какими-нибудь специфическими событиями позитивного и негативного толка в этой области, как с шумихой, возникающей вокруг тех или иных аспектов темы. Скажем, в 1960 году ""Маттел"" выпустила Busy Girl Barbie. Считалось, что она ""дизайнер моды"", т.е., с одной стороны, женщина как бы работающая и как бы занимающаяся креативной профессией, но в то же время никоим образом не преступающая границы традиционных женских занятий (как известно, мужчины-кутюрье стали довольно поздним приобретением XX века). До этого момента Барби существовала в совсем немногих вариациях: исходная Барби 1959 года была фотомоделью, у нее был купальник, свадебное платье, костюм балерины и еще один наряд для свободного времяпрепровождения. Однако Busy Girl сильно отличалась от предыдущих вариаций: на ней был твидовый костюм, длинные перчатки и строгая шапочка. По большому счету девочки\n\nмогли видеть в ней собственных мам - благо работающих мам именно в конце 50-х - начале 60-х стало больше, чем когда-либо в истории. Никаких особых аксессуаров у этой Барби не было. Если верить данным, опубликованным Национальной организацией женщин Америки, в начале 60-х очень и очень многие женщины зарабатывали себе на жизнь тяжелым физическим трудом, они были механиками, электриками, водителями автобусов и даже шахтерами. Но рабочая девушка Барби, естественно, не намеревалась надевать каску и рабочую куртку. Я не знаю, так ли одевались в те годы дизайнеры моды, но твидовый костюм, маленькая шапочка и длинные перчатки были фактически униформой девушек из хороших семей, желающих заняться чем-нибудь полезным, пока им не попадется подходящий кандидат в мужья. Так могла выглядеть любая секретарша, машинистка, переписчица, в лучшем случае учительница. Эта первая ""деловая Барби"" фактически заложила основу всей будущей карьеры Барби. И действительно, Барби всегда приобретала только профессии представительниц среднего класса, никогда не занималась физическим трудом и не бралась за плохо оплачиваемые профессии. Рынок вполне оправдывает такой подход: родители девочек из среднего класса видят такие профессии в качестве основных, а родители девочек из более бедных слоев населения видят в этих профессиях хорошие ориентиры. Busy Girl Barbie стала первой в череде бесконечных Барби - бизнес-леди, повторяющихся из года в год с разными аксессуарами и под разными названиями: Business Girl, Busy Woman, Business Executive, Working Girl, Office Barbie и т.д. Чем занимаются эти Барби, ""Маттел"" не уточняет, но так или иначе они демонстрируют некоторую четкую позицию: женщина может добиться высоких постов, а карьера - это классно и престижно.\n\nНовые карьерные вариации Барби, как уже было сказано, возникали тогда, когда общественность начинала муссировать тему рабочего статуса женщины, и исчезали, как только эту тему можно было начать игнорировать. Здесь сказался один из главных маркетинговых талантов ""Маттел"" - талант использовать конъюнктуру, запрыгивать на волну обсуждаемой модной темы и соскакивать с нее, когда волна начинает идти на убыль. Профессиональная деятельность Барби развивалась ровно по тем же законам. В 1961 году Элеонора Рузвельт встала во главе Комиссии по вопросам статуса женщин при правительстве Кеннеди. Этот факт наделал много шума, и в том же году Барби получила профессии дипломированной медсестры и стюардессы. В 1963 году комиссия Рузвельта после двух лет исследований опубликовала доклад о дискриминации женщин на рабочих местах, породив целую волну дебатов о допустимых и недопустимых профессиях для представительниц слабого пола. Публикуется Equal Pay Act - речь идет о том, что мужчины и женщины, занимающие одни и те же должности, должны получать равные зарплаты. В том же году ""Маттел"" выпускает Business Woman Barbie (она же называлась Career Girl Barbie). Через год к биллю о гражданских правах добавляется Седьмой параграф - ""против дискриминации при приеме на работу"". Он включает в себя запрет на дискриминацию по половому признаку, но ситуация остается двойственной: ни билль, ни новую поправку невозможно ратифицировать на местах, поскольку фактически отсутствует механизм контроля, заставляющий работодателя соблюдать навязанные ему правила. Женщины, борющиеся за равноправие на рабочих местах, становятся объектом постоянных насмешек и карикатур в прессе. Таким образом, тема существует, но однозначное отношение к ней не выработано. В результате в 1964 и 1965 годах Барби\n\nполучает целый ряд новых профессий, но все они носят очень осторожный и традиционный характер, а некоторые, по понятиям феминисток, заслуживают осуждения. Так, с одной стороны, Барби оказывается космонавтом (что, скорее, объясняется бешеным интересом к теме космоса), с другой - Барби оказывается чирлидером, мажореткой, редактором модного журнала, фотографом моды, учительницей географии и актрисой. В 1966 году она получает еще одну суперженскую профессию - стюардессы в ""Пан-Американ"". До 1972 года никаких особых крупных событий в борьбе женщин за право на свободную карьеру не происходит, и - сюрприз! - ""карьерные"" Барби исчезают. Но в 1972-м году все снова меняется: Конгресс утверждает Девятый параграф Образовательного кодекса - параграф о равных правах на образование. Кроме того, проводится запрет на сегрегированные объявления о найме рабочей силы теперь все объявления должны печататься без специфического указания на предназначение должности для женщин или для мужчин. Девятый параграф означает, что учебные заведения должны отменить квоту на поступление для женщин и отменить запрет принимать женщин на те или иные факультеты. Соответственно, огромное количество представительниц ОтнынеСильного Пола подают заявки на изучение медицины или юриспруденции. Опять бум в прессе, и ""Маттел"" выпускает ""Барби-Хирурга"", очередной раз продемонстрировав свое поразительное умение держать нос по ветру. С 1973 по 1978 год, т.е. на протяжении пяти лет, Барби фактически не занимается своей карьерой - она отдает все свои силы спорту. Говоря конкретно, Барби становится олимпийской чемпионкой: к олимпиаде 1975 года ""Маттел"" выпускает ""Барби-Золотую-медалистку"", ""Барби-Лыжницу"", ""Барби-Конькобежца"" и ""БарбиПловчиху"" - все они выходят в серии ""Олимпийская\n\nБарби"". Однако в 1977 году тема ""женщины и профессия"" возвращается в большой мир: Национальная женская конференция в Техасе собирает невероятное количество участников - 20 тысяч. Тут же на свет появляется ""Барби с утра и до вечера"" (Day & Night Barbie), которую представляют как business executive - ""ответственного руководителя"". Эта же модель перерождается спустя семь лет, в 1985 году, в Business Executive Barbie. С этого момента карьерный рост Барби становится практически непрерывным. Дело в том, что 80-е стали годами окончательной победы деловых женщин. Многочисленные нововведения, облегчающие уход за детьми, социальные структуры, позволяющие матерям работать полный день, нарушение семейных сценариев, в результате которых распад брака становится обыденной ситуацией, что заставляет мать-одиночку постоянно работать с целью обеспечить себя и своих детей, плюс плохо соблюдающаяся, но все же существующая правовая основа, создающая равные условия для работающих женщин и мужчин, - все это окончательно формирует ситуацию, в которой работа становится совершенно неотъемлемой частью жизни женщин. Золотая девочка компании ""Маттел"" тоже берется за ум. С этого момента мы получаем хотя бы одну ""карьерную"" Барби едва ли не каждый год. Например, для женщин все чаще открываются вакансии, раньше доступные только мужчинам, и в конце 80-х - начале 90-х годов телевидение начинает создавать моду на женщинвоенных и женщин-полицейских. Это карьерное направление становится постоянным в мире Барби: оно тем выгоднее для ""Маттел"", что позволяет подчеркнуть патриотизм куклы. В 1989 году выпускается первая Барби в стиле милитари - так называемая Army Barbie. С 1990 года ее военная и полицейская карьера обретает конкретику: мы получаем капитана военно-воздушных сил, в 1991 году - офицера флота, в 1993 году -\n\nодновременно военврача и полицейского, в 1994 году командира летного эскадрона. Причина: огромный интерес общественности к теме армии, вызванный войной в Персидском заливе и ее последствиями. Потом война закончилась, тема армии перестала особо интересовать публику на несколько лет, и Барби оставила свои милитаристские замашки вплоть до 2000 года, когда армейская тема опять оказалась у всех на устах в связи с иракскими событиями. ""Маттел"" немедленно произвела на свет ""Барби-Паратрупера"" в комплекте с аптечкой первой помощи (Барби и Кен - паратруперы продаются в коробках, на задней стенке которых изображены... барханы). Другой пример: в 1992 году из-за обилия женщин, баллотирующихся на государственные посты, пресса заговорила о ""годе женщин"". В том же году мы получили ""Барби-Кандидата-в-президенты"", чей деловой костюм ""одним движением руки"" превращался в вечернее платье со звездами и полосами. Нам сообщалось, что ""Барби отправляется на инаугурационный бал"". Подобную же оперативность ""Маттел"" демонстрирует в 1994 году. Тогда был принят билль о гендерном равенстве в образовании и американское правительство сформулировало позицию, требующую поощрять в девушках интерес к разнообразию в выборе карьеры, в частности - к математике, естественным наукам и тому подобным ""мальчиковым"" сферам деятельности. ""Маттел"" немедленно выпустила целых пять профессиональных Барби: командир летного эскадрона, астронавт, педиатр, ветеринар и пожарник, профессии, по большей части традиционно занимаемые мужчинами. И все-таки проявления доброй воли в чистом виде было недостаточно: существовало слишком много желающих обвинять Барби во всех смертных грехах и, в частности, в проблемах, связанных с социальным статусом женщины. На слишком широкие плечи этой\n\nкуклы со слишком узкой талией возлагали ответственность за неврозы, связанные с восприятием собственной внешности, за женский консюмеризм, одновременно за сексуальную распущенность и сексуальную неудовлетворенность женщин, за то, что мужчины видят в блондинках безмозглых бимбо, и за прочие женские беды и напасти. После того как в 1998 году компания сделала Барби чуть более реалистичной, несколько расширив талию и уменьшив грудь куклы, пришло время еще раз сделать заявку насчет готовности Барби учить девочек прогрессивным идеалам. В 1999 году ""Маттел"" сделала огромную кампанию за пропаганду нового имиджа куклы. Кампания называлась: ""Be anything"". ""Маттел"" подписала контракт с компанией Girls Incorporated, прежде называвшейся ""Girls Club of America"" - крупнейшей организацией для девочек в США (следом за ней по численности участниц идет правильно! - Клуб Любительниц Барби). С этого момента, заявила ""Маттел"", ""все усилия будут сосредоточены не на куклах, а на самих девочках"". Рекламы демонстрировали, что девочка может стать хоккейным вратарем, игроком в теннис, астронавтом, компьютерным инженером словом, фактически кем угодно. Разъяренные феминистки обвинили Girls Incorporated в продажности: мол, всегда было известно, что Барби только притворяется карьерной куклой, а на самом деле торгует консюмеризмом и консервативностью в то время, как Girls Incorporated изначально заявляла, что намерена настраивать девочек на свободу выбора и на осознание своего права заниматься любым делом по своему вкусу. Я помню публикации, в которых противницы союза ""Маттел"" и GI с горечью писали: ""Нет лучшего способа победить своего врага, чем подкупить его"". Так или иначе союз возник. С этого момента ""Маттел"" продвигала как бы не кукол, а новые ценности: право мечтать о достижениях, право играть в любые игры и побеждать. Совместно две\n\nдевичьих организации проводили акции по профессиональному ориентированию, телешоу, круглые столы. ""Маттел"" выпустила новую игровую серию кукол под названием: ""I can be"" - целых шесть карьерных кукол в один год. В этой серии появилась - ""Барби-Пилот"", опять ""Барби-Working-Woman"" (с ноутбуком, мобильным телефоном и неопределимой сферой деятельности), ""Барби-Учительница-языка-жестов"" (со сгибающимися пальчиками), ""Барби-Футболистка"", ""Барби-Сыщик"" и ""Барби-Игрок-в-бейсбол-из-высшей-лиги"". Правда, в этом же году были выпущены на заказ ""Барби-Официантка"" (для компании ""Кока-Кола"") и ""Барби-Косметолог"" (для компании ""Эйвон""). В 2000 году серия продолжилась; появилась ""Барби-Педиатр"", ""Барби-Учительницавождения"" и ""Барби-Учительница рисования"". Но самым интересным дополнением к карьерной линии ""Маттел"" стала ""Барби-Президент-США"", если верить рекламному плакату, ""готовая приступить к работе в Овальном офисе"". В свете близящихся президентских выборов кукла раскупалась на ура. Последний на сегодняшний день карьерный рывок Барби совершила в 2002 году. С тех пор никакого особого интереса в профессиональной деятельности у этой куклы не наблюдалось. С тех пор появилась только одна Барби, которую можно было бы причислить к профессиональным: в 2004 году ""Маттел"" выпустила в серии ""Happy family"" Барби под названием ""Baby Doctor"" - короче говоря, специалист по неонатальной медицине. Ей предстояло возиться с новорожденным младенцем подруги Мидж. На официальном сайте Барби существует трудно находимый раздел ""I can be"", так или иначе посвященный будущим карьерным занятиям девочек. Здесь предлагается пять вариантов профессий: врач, художник, учитель рисования, балерина и фигуристка как видим, ничего радикального. Сторонницы билля о гендерном равенстве в образовании имеют полное право\n\nупрекать Барби в ограниченности и консервативности: здесь нет профессий хакера, архитектора, машиниста и финансового аналитика. Но в то же время профессии, присутствующие в списке на сайте, во-первых, требуют серьезного труда, а во-вторых, связаны с творческим самовыражением. Правда, в этом списке, как в психометрическом тесте, вызывает подозрение слово ""доктор"" - оно кажется лишним в ряду и, видимо, является очередным примером защитного буфера. Впрочем, если смотреть на более или менее полный список профессий Барби за все годы ее существования, то в целом невозможно упрекнуть ее в потакании сугубо женским занятиям, особенно в последнее время. Мажоретка и чирлидер могут вызвать возмущение у тех, для кого эти занятия сами по себе ассоциируются с тупоголовыми блондинками, но в целом традиционные упреки в адрес Барби сейчас кажутся мне несколько необоснованными. Если что-то и вызывает у меня неприязнь, то это, скорее, не выбор кукольных профессий как таковой, а то, как все эти профессии подаются. Тут ситуация похожа на уже рассмотренную ситуацию с деньгами: совершенно непонятно, откуда что берется. Создается такое впечатление, что Барби приобретает новые профессии так же, как она приобретает новые машины - по щучьему велению, по своему хотению. Она не знает не только трудностей, связанных с получением той или иной профессии, но и трудностей, связанных с профессиональной практикой. В ее деятельности нет элементов труда или усталости. В любом из ее занятий вообще нет отрицательных или неприятных сторон. Начинает казаться, что доктор Барби никогда в жизни не видела ни крови, ни смерти, а Барби-следователь напоминает Айс Вентуру - сыщика по делам домашних животных, а не реального следователя, постоянно имеющего дело с самыми неприглядными сторонами\n\nжизни. Когда я узнала, что ""Маттел"" выпустила Барбипалеонтолога, во мне затеплилась надежда: в конце концов, вот уж профессия, в которой основные аксессуары - пыль да кости. Но выяснилось, что Барби в роли исследователя прошлого выкапывает из земли не окаменелости и не останки мертвых животных, а целых разноцветных динозавриков. В общем, о Барби как об инструменте профессионального ориентирования не может быть и речи, что бы ""Маттел"" ни говорила. Нигде, никогда, никаким образом нам не рассказывают о причинах, по которым Барби выбирает ту или иную карьеру. Нам обычно не говорят о талантах или наклонностях, которыми надо обладать для выполнения тех или иных профессиональных обязанностей, не описывают путь, который необходимо пройти для получения соответствующих навыков. Нам не рассказывают о том, как устроены трудовые будни того же дантиста, или палеонтолога, или даже редактора модного журнала. Типичная сцена из журнальчиков про Барби - Барбидоктор держит за ручку очередного пациента, который благодарит ее не за лечение, связанное, как уже было сказано, с неприятными процедурами, а за добрый совет по поводу сохранения и без того прекрасного здоровья. Так что о профессиональном ориентировании речь не идет - максимум речь идет о некотором условном и очень поверхностном стимулировании интереса к той или иной профессии. Впрочем, меня не оставляет ощущение, что и этого более чем достаточно. Все карьерные Барби делаются, как уже говорилось, не для самих девочек, а для их родителей. Девочки хотят играть в принцесс или в вечеринки и переодевать своих кукол из одной одежки в другую. Если у их мам и пап становится легче на душе от присутствия в наборе некоего подобия зеленой формы хирурга или строгой полицейской униформы, ""Маттел""\n\nготова производить и промотировать такие вариации куклы. Каждая из них стоит от 10 до 25 долларов, и если родители, озабоченные будущим девочки, подарят ей на Новый год Барби-палеонтолога, это будет лучше, чем если озабоченные ее будущим родители не подарят своей дочери ни единой Барби вообще. И в этом аспекте, как и во всех остальных, мир Барби создается исключительно по запросам и требованиям мира вокруг Барби.\n\nЧасть третья\n\nМИР ВОКРУГ БАРБИ', 'web_confirmations': [{'url': 'local://goralik-polaya-zhenshchina/ch09', 'title': 'Горалик · Полая женщина · глава 9', 'snippet': 'Глава девятая. Девушки могут все: занятия и профессии Барби\n\nИсточник: Линор Горалик, «Полая женщина: Мир Барби изнутри и снаружи» (НЛО, 2005).\n\nГлава девятая\n\nДЕВУШКИ МОГУТ ВСЕ: ЗАНЯТИЯ И ПРОФЕССИИ БАРБИ\n\nТо, как Барби проводит время, невольно заставляет думать о серьезных психологических проблемах этой юной девушки, впрочем частично объясняющихся отсутствием у нее добрых и любящих родителей. Барби испытывает мучительную потребность во внешней\n\nоценке и внешнем одобрении, что постоянно толкает ее на все новые и новые социальные и карьерные достижения. Она фантастически, невыносимо экстравертна и явно не способна хоть на пять минут остаться одна. О времяпрепровождении Барби мы узнаем из описания новых выходящих на рынок моделей, ""Барбикниг"" и посвященных этой кукле журналов. Удивительным образом бесконечная череда вечеринок, туристических поездок и походов в кафе с друзьями не помешала Барби освоить более семи десятков профессий за последние сорок шесть лет. Составить полный список всех карьерных достижений Барби практически невозможно: довольно большое количество таких моделей было выпущено ""Маттел"" не для общего рынка, а для каких-нибудь крупных торговых марок или для сетей универсальных магазинов. Например, существовала Барби - продавщица кока-колы, сделанная соответственно по заказу корпорации ""Кока-Кола"", и Барби распространительница продуктов компании Avon, сделанная по заказу Avon Cosmetics. Особая Барби была произведена ""Маттел"" к юбилею сети игрушечных магазинов ""Toys Are Us"", специально разработанная маленькая Барби продавалась в ""Макдоналдсе"" - словом, примеров хватает Все ""профессиональные"" Барби принадлежат игровой линии Если я не ошибаюсь, карьерные Барби никогда не выпускались в коллекционных сериях, кроме нескольких куколок в серии ""Silkstone"", скажем, ""БарбиРедактор-раздела-моды"" и ""Кен-Инсайдер-моднойиндустрии"". Помню, что мой собственный вопрос о коллекционных Барби-""профессионалках"" не вызвал энтузиазма на форуме собирателей куклы. Я готова предположить, что дело здесь не только в том и даже далеко не в том, что для профессиональной Барби невозможно создать роскошный наряд, - в конце концов\n\nБоб Мэки наверняка прекрасно одел бы ""БарбиУкротительницу-львов"" или ""Барби-Флориста"". Просто профессиональная Барби, видимо, не очень интересует взрослых коллекционеров, потому что им за глаза и за уши хватает собственной профессиональной деятельности. Они, я полагаю, не видят особой радости в том, чтобы тащить домой куклу-бизнесмена или куклуврача. Но гораздо больше нам говорит тот факт, что в ""профессиональных"" Барби не слишком заинтересованы не только взрослые, но и дети. Дети вообще редко играют в конкретные профессии, кроме знаменитой игры в доктора, которая, как известно, преследует цели, далекие от профориентации. Бывают, конечно, игры в спасателей, пожарников или милицию и воров, но и здесь, как мы все понимаем, о развитии вкуса к будущей профессии речь не идет. Иногда дети играют в профессии, которыми занимаются их родители, самым поверхностным образом имитируя известные им элементы этих профессий с целью отыграть те или иные жизненные ситуации. Мне трудно представить себе, что мои собственные племянники ни с того ни с сего устроят серьезную и целенаправленную игру в палеонтологов или программистов. Игра в ветеринара может иметь тяжелые последствия для кошки и вряд ли напрямую связана с желанием как следует понять основы этой благородной профессии. Девочки предаются ""профессиональным"" играм еще реже, чем мальчики. Я рискну предположить, что большинство девочек предпочтет получить в подарок ""Барби-Принцессу"", ""Барби-День-рождения"", ""Барбиидет-на-пляж"" или ""Барби-катается-на-роликовыхконьках"", а не ""Барби-Дантиста"" или ""Барби-Бизнеследи"". Не сомневаюсь, что компания ""Маттел"" прекрасно это понимает, - и все-таки выпускать карьерных Барби ей приходится постоянно. Такое упорство вызвано отнюдь не запросом рынка, то есть не желанием маленьких\n\nдевочек приобрести ""Барби-Палеонтолога"" или ""БарбиСтюардессу"", а социальным давлением, постоянно оказываемым на ""Маттел"" со стороны прессы и родителей. Если бы Барби не занималась чем-нибудь трудоемким и престижным для зарабатывания собственного хлеба, ""Маттел"" было бы гораздо труднее отражать атаки, связанные с консюмеризмом куклы и с ее навязчивой привычкой следовать моде; кроме того, было бы гораздо сложнее говорить о позитивном влиянии Барби в деле воспитания молодого поколения. В целом ряде случаев ""Маттел"" выдвигает эти вариации своей модной куколки вперед на манер щита. Одна умная, но скучно одетая Барби защищает целую плеяду своих красивых, расфуфыренных и легкомысленных сестер. Именно давление со стороны родителей, феминисток, педагогов и прессы заставляет ""Маттел"" постоянно прилагать большие усилия для того, чтобы взгляды Барби на работу и карьеру можно было считать передовыми и даже опережающими время. Любимый пример, приводимый компанией каждый раз, когда речь заходит о карьерных достижениях их куклы, - ""Барби-Астронавт"" производства 1965 года, ""полетевшая в космос задолго до того, как первая женщина действительно ступила на борт космического корабля"". Однако других особо ярких примеров такого рода у компании ""Маттел"" нет. Я с большим удовольствием потратила несколько дней, накладывая хронологию карьерного развития Барби на историю женского движения и в особенности на историю борьбы женщин за карьерное равноправие с 1959 года - года выпуска Барби и по сегодняшний день. Такое сравнение позволяет увидеть, что в плане карьеры Барби действует фактически так же, как она действует в плане моды, т.е. оказывается не лидером-провозвестником новых тенденций, а их легитимизатором и в некоторой мере барометром происходящего. Можно быть твердо уверенным, что если\n\nБарби начала развивать деятельность на том или ином поприще, то поприще это уже некоторое время надежно существует в качестве игровой площадки для женщин в реальном мире. Скажем, в 1956 году, т.е. в том году, когда Хендлер изобрела Барби (ей, как мы помним, потребовалось три года, чтобы уговорить своих партнеров начать выпускать куклу), журнал ""Life"" назвал ""идеалом американской женщины"" тридцатидвухлетнюю мать четверых детей, естественно, нигде не работающую. Однако за три года, прошедшие до выхода Барби на рынок, реальность сильно изменилась. Именно тогда, в конце 50-х, поднялась так называемая ""вторая волна женского движения"" (первую относят к 20 - 30-м годам прошлого века). Новые борцы за права женщин требовали уже не таких базовых вещей, как право голосования, посещения любых общественных заведений и осуществления финансовых операций, но подлинного равенства женщин и мужчин в самых разных областях деятельности. Крах американской мечты 50-х привел к тому, что все больше и больше женщин стали занимать рабочие места, до сих пор отводившиеся в основном мужчинам. Для семьи все существеннее становился заработок жены, превратившийся в полновесную составляющую семейного бюджета. К началу 60-х новые феминистки Америки смогли составить общее представление о ситуации с женским трудом в США. Ситуация была аховой: там, где мужчина получал за свою работу доллар, женщина получала за ту же работу 63 цента. В результате схлопывания военной индустрии женщины теряли места на фабриках и заводах, а частный сектор, переставший испытывать недостаток мужских рук, всегда предпочитал взять на вакантное место мужчину, а не женщину, - пусть мужчине и приходилось платить больше. В газетах объявлений сообщения о поиске работников были разделены на две категории: ""Женщины"" и ""Мужчины"". Только два процента\n\nпредставителей интеллектуальных профессий - врачей, адвокатов, судей, дантистов, инженеров, архитекторов были женщинами. Подавляющее большинство престижных университетов не допускало женщин на значительную часть факультетов или имело жесткую квоту: иногда 1 женщина на 50 абитуриентов. Все эти факторы определили направление нового витка борьбы за права женщин - это была борьба за равенство на рабочих местах. В 1959 - 1960 годах тема ""Женщины и карьера"" была одной из самых дебатируемых в прессе. Выходила масса статей ""за"" и ""против"" работающих женщин. Представительницы разных профессий шумно спорили в популярных ток-шоу с мужчинами, отстаивающими семейные ценности. Именно тогда впервые проявилась интересная тенденция, определявшая развитие карьеры Барби в течении как минимум трех десятилетий: ее профессиональные достижения всегда были связаны не так с конкретным положением дел на рынке женского труда и даже не так с какими-нибудь специфическими событиями позитивного и негативного толка в этой области, как с шумихой, возникающей вокруг тех или иных аспектов темы. Скажем, в 1960 году ""Маттел"" выпустила Busy Girl Barbie. Считалось, что она ""дизайнер моды"", т.е., с одной стороны, женщина как бы работающая и как бы занимающаяся креативной профессией, но в то же время никоим образом не преступающая границы традиционных женских занятий (как известно, мужчины-кутюрье стали довольно поздним приобретением XX века). До этого момента Барби существовала в совсем немногих вариациях: исходная Барби 1959 года была фотомоделью, у нее был купальник, свадебное платье, костюм балерины и еще один наряд для свободного времяпрепровождения. Однако Busy Girl сильно отличалась от предыдущих вариаций: на ней был твидовый костюм, длинные перчатки и строгая шапочка. По большому счету девочки\n\nмогли видеть в ней собственных мам - благо работающих мам именно в конце 50-х - начале 60-х стало больше, чем когда-либо в истории. Никаких особых аксессуаров у этой Барби не было. Если верить данным, опубликованным Национальной организацией женщин Америки, в начале 60-х очень и очень многие женщины зарабатывали себе на жизнь тяжелым физическим трудом, они были механиками, электриками, водителями автобусов и даже шахтерами. Но рабочая девушка Барби, естественно, не намеревалась надевать каску и рабочую куртку. Я не знаю, так ли одевались в те годы дизайнеры моды, но твидовый костюм, маленькая шапочка и длинные перчатки были фактически униформой девушек из хороших семей, желающих заняться чем-нибудь полезным, пока им не попадется подходящий кандидат в мужья. Так могла выглядеть любая секретарша, машинистка, переписчица, в лучшем случае учительница. Эта первая ""деловая Барби"" фактически заложила основу всей будущей карьеры Барби. И действительно, Барби всегда приобретала только профессии представительниц среднего класса, никогда не занималась физическим трудом и не бралась за плохо оплачиваемые профессии. Рынок вполне оправдывает такой подход: родители девочек из среднего класса видят такие профессии в качестве основных, а родители девочек из более бедных слоев населения видят в этих профессиях хорошие ориентиры. Busy Girl Barbie стала первой в череде бесконечных Барби - бизнес-леди, повторяющихся из года в год с разными аксессуарами и под разными названиями: Business Girl, Busy Woman, Business Executive, Working Girl, Office Barbie и т.д. Чем занимаются эти Барби, ""Маттел"" не уточняет, но так или иначе они демонстрируют некоторую четкую позицию: женщина может добиться высоких постов, а карьера - это классно и престижно.\n\nНовые карьерные вариации Барби, как уже было сказано, возникали тогда, когда общественность начинала муссировать тему рабочего статуса женщины, и исчезали, как только эту тему можно было начать игнорировать. Здесь сказался один из главных маркетинговых талантов ""Маттел"" - талант использовать конъюнктуру, запрыгивать на волну обсуждаемой модной темы и соскакивать с нее, когда волна начинает идти на убыль. Профессиональная деятельность Барби развивалась ровно по тем же законам. В 1961 году Элеонора Рузвельт встала во главе Комиссии по вопросам статуса женщин при правительстве Кеннеди. Этот факт наделал много шума, и в том же году Барби получила профессии дипломированной медсестры и стюардессы. В 1963 году комиссия Рузвельта после двух лет исследований опубликовала доклад о дискриминации женщин на рабочих местах, породив целую волну дебатов о допустимых и недопустимых профессиях для представительниц слабого пола. Публикуется Equal Pay Act - речь идет о том, что мужчины и женщины, занимающие одни и те же должности, должны получать равные зарплаты. В том же году ""Маттел"" выпускает Business Woman Barbie (она же называлась Career Girl Barbie). Через год к биллю о гражданских правах добавляется Седьмой параграф - ""против дискриминации при приеме на работу"". Он включает в себя запрет на дискриминацию по половому признаку, но ситуация остается двойственной: ни билль, ни новую поправку невозможно ратифицировать на местах, поскольку фактически отсутствует механизм контроля, заставляющий работодателя соблюдать навязанные ему правила. Женщины, борющиеся за равноправие на рабочих местах, становятся объектом постоянных насмешек и карикатур в прессе. Таким образом, тема существует, но однозначное отношение к ней не выработано. В результате в 1964 и 1965 годах Барби\n\nполучает целый ряд новых профессий, но все они носят очень осторожный и традиционный характер, а некоторые, по понятиям феминисток, заслуживают осуждения. Так, с одной стороны, Барби оказывается космонавтом (что, скорее, объясняется бешеным интересом к теме космоса), с другой - Барби оказывается чирлидером, мажореткой, редактором модного журнала, фотографом моды, учительницей географии и актрисой. В 1966 году она получает еще одну суперженскую профессию - стюардессы в ""Пан-Американ"". До 1972 года никаких особых крупных событий в борьбе женщин за право на свободную карьеру не происходит, и - сюрприз! - ""карьерные"" Барби исчезают. Но в 1972-м году все снова меняется: Конгресс утверждает Девятый параграф Образовательного кодекса - параграф о равных правах на образование. Кроме того, проводится запрет на сегрегированные объявления о найме рабочей силы теперь все объявления должны печататься без специфического указания на предназначение должности для женщин или для мужчин. Девятый параграф означает, что учебные заведения должны отменить квоту на поступление для женщин и отменить запрет принимать женщин на те или иные факультеты. Соответственно, огромное количество представительниц ОтнынеСильного Пола подают заявки на изучение медицины или юриспруденции. Опять бум в прессе, и ""Маттел"" выпускает ""Барби-Хирурга"", очередной раз продемонстрировав свое поразительное умение держать нос по ветру. С 1973 по 1978 год, т.е. на протяжении пяти лет, Барби фактически не занимается своей карьерой - она отдает все свои силы спорту. Говоря конкретно, Барби становится олимпийской чемпионкой: к олимпиаде 1975 года ""Маттел"" выпускает ""Барби-Золотую-медалистку"", ""Барби-Лыжницу"", ""Барби-Конькобежца"" и ""БарбиПловчиху"" - все они выходят в серии ""Олимпийская\n\nБарби"". Однако в 1977 году тема ""женщины и профессия"" возвращается в большой мир: Национальная женская конференция в Техасе собирает невероятное количество участников - 20 тысяч. Тут же на свет появляется ""Барби с утра и до вечера"" (Day & Night Barbie), которую представляют как business executive - ""ответственного руководителя"". Эта же модель перерождается спустя семь лет, в 1985 году, в Business Executive Barbie. С этого момента карьерный рост Барби становится практически непрерывным. Дело в том, что 80-е стали годами окончательной победы деловых женщин. Многочисленные нововведения, облегчающие уход за детьми, социальные структуры, позволяющие матерям работать полный день, нарушение семейных сценариев, в результате которых распад брака становится обыденной ситуацией, что заставляет мать-одиночку постоянно работать с целью обеспечить себя и своих детей, плюс плохо соблюдающаяся, но все же существующая правовая основа, создающая равные условия для работающих женщин и мужчин, - все это окончательно формирует ситуацию, в которой работа становится совершенно неотъемлемой частью жизни женщин. Золотая девочка компании ""Маттел"" тоже берется за ум. С этого момента мы получаем хотя бы одну ""карьерную"" Барби едва ли не каждый год. Например, для женщин все чаще открываются вакансии, раньше доступные только мужчинам, и в конце 80-х - начале 90-х годов телевидение начинает создавать моду на женщинвоенных и женщин-полицейских. Это карьерное направление становится постоянным в мире Барби: оно тем выгоднее для ""Маттел"", что позволяет подчеркнуть патриотизм куклы. В 1989 году выпускается первая Барби в стиле милитари - так называемая Army Barbie. С 1990 года ее военная и полицейская карьера обретает конкретику: мы получаем капитана военно-воздушных сил, в 1991 году - офицера флота, в 1993 году -\n\nодновременно военврача и полицейского, в 1994 году командира летного эскадрона. Причина: огромный интерес общественности к теме армии, вызванный войной в Персидском заливе и ее последствиями. Потом война закончилась, тема армии перестала особо интересовать публику на несколько лет, и Барби оставила свои милитаристские замашки вплоть до 2000 года, когда армейская тема опять оказалась у всех на устах в связи с иракскими событиями. ""Маттел"" немедленно произвела на свет ""Барби-Паратрупера"" в комплекте с аптечкой первой помощи (Барби и Кен - паратруперы продаются в коробках, на задней стенке которых изображены... барханы). Другой пример: в 1992 году из-за обилия женщин, баллотирующихся на государственные посты, пресса заговорила о ""годе женщин"". В том же году мы получили ""Барби-Кандидата-в-президенты"", чей деловой костюм ""одним движением руки"" превращался в вечернее платье со звездами и полосами. Нам сообщалось, что ""Барби отправляется на инаугурационный бал"". Подобную же оперативность ""Маттел"" демонстрирует в 1994 году. Тогда был принят билль о гендерном равенстве в образовании и американское правительство сформулировало позицию, требующую поощрять в девушках интерес к разнообразию в выборе карьеры, в частности - к математике, естественным наукам и тому подобным ""мальчиковым"" сферам деятельности. ""Маттел"" немедленно выпустила целых пять профессиональных Барби: командир летного эскадрона, астронавт, педиатр, ветеринар и пожарник, профессии, по большей части традиционно занимаемые мужчинами. И все-таки проявления доброй воли в чистом виде было недостаточно: существовало слишком много желающих обвинять Барби во всех смертных грехах и, в частности, в проблемах, связанных с социальным статусом женщины. На слишком широкие плечи этой\n\nкуклы со слишком узкой талией возлагали ответственность за неврозы, связанные с восприятием собственной внешности, за женский консюмеризм, одновременно за сексуальную распущенность и сексуальную неудовлетворенность женщин, за то, что мужчины видят в блондинках безмозглых бимбо, и за прочие женские беды и напасти. После того как в 1998 году компания сделала Барби чуть более реалистичной, несколько расширив талию и уменьшив грудь куклы, пришло время еще раз сделать заявку насчет готовности Барби учить девочек прогрессивным идеалам. В 1999 году ""Маттел"" сделала огромную кампанию за пропаганду нового имиджа куклы. Кампания называлась: ""Be anything"". ""Маттел"" подписала контракт с компанией Girls Incorporated, прежде называвшейся ""Girls Club of America"" - крупнейшей организацией для девочек в США (следом за ней по численности участниц идет правильно! - Клуб Любительниц Барби). С этого момента, заявила ""Маттел"", ""все усилия будут сосредоточены не на куклах, а на самих девочках"". Рекламы демонстрировали, что девочка может стать хоккейным вратарем, игроком в теннис, астронавтом, компьютерным инженером словом, фактически кем угодно. Разъяренные феминистки обвинили Girls Incorporated в продажности: мол, всегда было известно, что Барби только притворяется карьерной куклой, а на самом деле торгует консюмеризмом и консервативностью в то время, как Girls Incorporated изначально заявляла, что намерена настраивать девочек на свободу выбора и на осознание своего права заниматься любым делом по своему вкусу. Я помню публикации, в которых противницы союза ""Маттел"" и GI с горечью писали: ""Нет лучшего способа победить своего врага, чем подкупить его"". Так или иначе союз возник. С этого момента ""Маттел"" продвигала как бы не кукол, а новые ценности: право мечтать о достижениях, право играть в любые игры и побеждать. Совместно две\n\nдевичьих организации проводили акции по профессиональному ориентированию, телешоу, круглые столы. ""Маттел"" выпустила новую игровую серию кукол под названием: ""I can be"" - целых шесть карьерных кукол в один год. В этой серии появилась - ""Барби-Пилот"", опять ""Барби-Working-Woman"" (с ноутбуком, мобильным телефоном и неопределимой сферой деятельности), ""Барби-Учительница-языка-жестов"" (со сгибающимися пальчиками), ""Барби-Футболистка"", ""Барби-Сыщик"" и ""Барби-Игрок-в-бейсбол-из-высшей-лиги"". Правда, в этом же году были выпущены на заказ ""Барби-Официантка"" (для компании ""Кока-Кола"") и ""Барби-Косметолог"" (для компании ""Эйвон""). В 2000 году серия продолжилась; появилась ""Барби-Педиатр"", ""Барби-Учительницавождения"" и ""Барби-Учительница рисования"". Но самым интересным дополнением к карьерной линии ""Маттел"" стала ""Барби-Президент-США"", если верить рекламному плакату, ""готовая приступить к работе в Овальном офисе"". В свете близящихся президентских выборов кукла раскупалась на ура. Последний на сегодняшний день карьерный рывок Барби совершила в 2002 году. С тех пор никакого особого интереса в профессиональной деятельности у этой куклы не наблюдалось. С тех пор появилась только одна Барби, которую можно было бы причислить к профессиональным: в 2004 году ""Маттел"" выпустила в серии ""Happy family"" Барби под названием ""Baby Doctor"" - короче говоря, специалист по неонатальной медицине. Ей предстояло возиться с новорожденным младенцем подруги Мидж. На официальном сайте Барби существует трудно находимый раздел ""I can be"", так или иначе посвященный будущим карьерным занятиям девочек. Здесь предлагается пять вариантов профессий: врач, художник, учитель рисования, балерина и фигуристка как видим, ничего радикального. Сторонницы билля о гендерном равенстве в образовании имеют полное право\n\nупрекать Барби в ограниченности и консервативности: здесь нет профессий хакера, архитектора, машиниста и финансового аналитика. Но в то же время профессии, присутствующие в списке на сайте, во-первых, требуют серьезного труда, а во-вторых, связаны с творческим самовыражением. Правда, в этом списке, как в психометрическом тесте, вызывает подозрение слово ""доктор"" - оно кажется лишним в ряду и, видимо, является очередным примером защитного буфера. Впрочем, если смотреть на более или менее полный список профессий Барби за все годы ее существования, то в целом невозможно упрекнуть ее в потакании сугубо женским занятиям, особенно в последнее время. Мажоретка и чирлидер могут вызвать возмущение у тех, для кого эти занятия сами по себе ассоциируются с тупоголовыми блондинками, но в целом традиционные упреки в адрес Барби сейчас кажутся мне несколько необоснованными. Если что-то и вызывает у меня неприязнь, то это, скорее, не выбор кукольных профессий как таковой, а то, как все эти профессии подаются. Тут ситуация похожа на уже рассмотренную ситуацию с деньгами: совершенно непонятно, откуда что берется. Создается такое впечатление, что Барби приобретает новые профессии так же, как она приобретает новые машины - по щучьему велению, по своему хотению. Она не знает не только трудностей, связанных с получением той или иной профессии, но и трудностей, связанных с профессиональной практикой. В ее деятельности нет элементов труда или усталости. В любом из ее занятий вообще нет отрицательных или неприятных сторон. Начинает казаться, что доктор Барби никогда в жизни не видела ни крови, ни смерти, а Барби-следователь напоминает Айс Вентуру - сыщика по делам домашних животных, а не реального следователя, постоянно имеющего дело с самыми неприглядными сторонами\n\nжизни. Когда я узнала, что ""Маттел"" выпустила Барбипалеонтолога, во мне затеплилась надежда: в конце концов, вот уж профессия, в которой основные аксессуары - пыль да кости. Но выяснилось, что Барби в роли исследователя прошлого выкапывает из земли не окаменелости и не останки мертвых животных, а целых разноцветных динозавриков. В общем, о Барби как об инструменте профессионального ориентирования не может быть и речи, что бы ""Маттел"" ни говорила. Нигде, никогда, никаким образом нам не рассказывают о причинах, по которым Барби выбирает ту или иную карьеру. Нам обычно не говорят о талантах или наклонностях, которыми надо обладать для выполнения тех или иных профессиональных обязанностей, не описывают путь, который необходимо пройти для получения соответствующих навыков. Нам не рассказывают о том, как устроены трудовые будни того же дантиста, или палеонтолога, или даже редактора модного журнала. Типичная сцена из журнальчиков про Барби - Барбидоктор держит за ручку очередного пациента, который благодарит ее не за лечение, связанное, как уже было сказано, с неприятными процедурами, а за добрый совет по поводу сохранения и без того прекрасного здоровья. Так что о профессиональном ориентировании речь не идет - максимум речь идет о некотором условном и очень поверхностном стимулировании интереса к той или иной профессии. Впрочем, меня не оставляет ощущение, что и этого более чем достаточно. Все карьерные Барби делаются, как уже говорилось, не для самих девочек, а для их родителей. Девочки хотят играть в принцесс или в вечеринки и переодевать своих кукол из одной одежки в другую. Если у их мам и пап становится легче на душе от присутствия в наборе некоего подобия зеленой формы хирурга или строгой полицейской униформы, ""Маттел""\n\nготова производить и промотировать такие вариации куклы. Каждая из них стоит от 10 до 25 долларов, и если родители, озабоченные будущим девочки, подарят ей на Новый год Барби-палеонтолога, это будет лучше, чем если озабоченные ее будущим родители не подарят своей дочери ни единой Барби вообще. И в этом аспекте, как и во всех остальных, мир Барби создается исключительно по запросам и требованиям мира вокруг Барби.\n\nЧасть третья\n\nМИР ВОКРУГ БАРБИ', 'query': 'Mattel Barbie career timeline 1959–2005 complete list with release dates', 'supports_claim': True}, {'url': 'local://goralik-polaya-zhenshchina/ch09', 'title': 'Горалик · Полая женщина · глава 9', 'snippet': 'Глава девятая. Девушки могут все: занятия и профессии Барби\n\nИсточник: Линор Горалик, «Полая женщина: Мир Барби изнутри и снаружи» (НЛО, 2005).\n\nГлава девятая\n\nДЕВУШКИ МОГУТ ВСЕ: ЗАНЯТИЯ И ПРОФЕССИИ БАРБИ\n\nТо, как Барби проводит время, невольно заставляет думать о серьезных психологических проблемах этой юной девушки, впрочем частично объясняющихся отсутствием у нее добрых и любящих родителей. Барби испытывает мучительную потребность во внешней\n\nоценке и внешнем одобрении, что постоянно толкает ее на все новые и новые социальные и карьерные достижения. Она фантастически, невыносимо экстравертна и явно не способна хоть на пять минут остаться одна. О времяпрепровождении Барби мы узнаем из описания новых выходящих на рынок моделей, ""Барбикниг"" и посвященных этой кукле журналов. Удивительным образом бесконечная череда вечеринок, туристических поездок и походов в кафе с друзьями не помешала Барби освоить более семи десятков профессий за последние сорок шесть лет. Составить полный список всех карьерных достижений Барби практически невозможно: довольно большое количество таких моделей было выпущено ""Маттел"" не для общего рынка, а для каких-нибудь крупных торговых марок или для сетей универсальных магазинов. Например, существовала Барби - продавщица кока-колы, сделанная соответственно по заказу корпорации ""Кока-Кола"", и Барби распространительница продуктов компании Avon, сделанная по заказу Avon Cosmetics. Особая Барби была произведена ""Маттел"" к юбилею сети игрушечных магазинов ""Toys Are Us"", специально разработанная маленькая Барби продавалась в ""Макдоналдсе"" - словом, примеров хватает Все ""профессиональные"" Барби принадлежат игровой линии Если я не ошибаюсь, карьерные Барби никогда не выпускались в коллекционных сериях, кроме нескольких куколок в серии ""Silkstone"", скажем, ""БарбиРедактор-раздела-моды"" и ""Кен-Инсайдер-моднойиндустрии"". Помню, что мой собственный вопрос о коллекционных Барби-""профессионалках"" не вызвал энтузиазма на форуме собирателей куклы. Я готова предположить, что дело здесь не только в том и даже далеко не в том, что для профессиональной Барби невозможно создать роскошный наряд, - в конце концов\n\nБоб Мэки наверняка прекрасно одел бы ""БарбиУкротительницу-львов"" или ""Барби-Флориста"". Просто профессиональная Барби, видимо, не очень интересует взрослых коллекционеров, потому что им за глаза и за уши хватает собственной профессиональной деятельности. Они, я полагаю, не видят особой радости в том, чтобы тащить домой куклу-бизнесмена или куклуврача. Но гораздо больше нам говорит тот факт, что в ""профессиональных"" Барби не слишком заинтересованы не только взрослые, но и дети. Дети вообще редко играют в конкретные профессии, кроме знаменитой игры в доктора, которая, как известно, преследует цели, далекие от профориентации. Бывают, конечно, игры в спасателей, пожарников или милицию и воров, но и здесь, как мы все понимаем, о развитии вкуса к будущей профессии речь не идет. Иногда дети играют в профессии, которыми занимаются их родители, самым поверхностным образом имитируя известные им элементы этих профессий с целью отыграть те или иные жизненные ситуации. Мне трудно представить себе, что мои собственные племянники ни с того ни с сего устроят серьезную и целенаправленную игру в палеонтологов или программистов. Игра в ветеринара может иметь тяжелые последствия для кошки и вряд ли напрямую связана с желанием как следует понять основы этой благородной профессии. Девочки предаются ""профессиональным"" играм еще реже, чем мальчики. Я рискну предположить, что большинство девочек предпочтет получить в подарок ""Барби-Принцессу"", ""Барби-День-рождения"", ""Барбиидет-на-пляж"" или ""Барби-катается-на-роликовыхконьках"", а не ""Барби-Дантиста"" или ""Барби-Бизнеследи"". Не сомневаюсь, что компания ""Маттел"" прекрасно это понимает, - и все-таки выпускать карьерных Барби ей приходится постоянно. Такое упорство вызвано отнюдь не запросом рынка, то есть не желанием маленьких\n\nдевочек приобрести ""Барби-Палеонтолога"" или ""БарбиСтюардессу"", а социальным давлением, постоянно оказываемым на ""Маттел"" со стороны прессы и родителей. Если бы Барби не занималась чем-нибудь трудоемким и престижным для зарабатывания собственного хлеба, ""Маттел"" было бы гораздо труднее отражать атаки, связанные с консюмеризмом куклы и с ее навязчивой привычкой следовать моде; кроме того, было бы гораздо сложнее говорить о позитивном влиянии Барби в деле воспитания молодого поколения. В целом ряде случаев ""Маттел"" выдвигает эти вариации своей модной куколки вперед на манер щита. Одна умная, но скучно одетая Барби защищает целую плеяду своих красивых, расфуфыренных и легкомысленных сестер. Именно давление со стороны родителей, феминисток, педагогов и прессы заставляет ""Маттел"" постоянно прилагать большие усилия для того, чтобы взгляды Барби на работу и карьеру можно было считать передовыми и даже опережающими время. Любимый пример, приводимый компанией каждый раз, когда речь заходит о карьерных достижениях их куклы, - ""Барби-Астронавт"" производства 1965 года, ""полетевшая в космос задолго до того, как первая женщина действительно ступила на борт космического корабля"". Однако других особо ярких примеров такого рода у компании ""Маттел"" нет. Я с большим удовольствием потратила несколько дней, накладывая хронологию карьерного развития Барби на историю женского движения и в особенности на историю борьбы женщин за карьерное равноправие с 1959 года - года выпуска Барби и по сегодняшний день. Такое сравнение позволяет увидеть, что в плане карьеры Барби действует фактически так же, как она действует в плане моды, т.е. оказывается не лидером-провозвестником новых тенденций, а их легитимизатором и в некоторой мере барометром происходящего. Можно быть твердо уверенным, что если\n\nБарби начала развивать деятельность на том или ином поприще, то поприще это уже некоторое время надежно существует в качестве игровой площадки для женщин в реальном мире. Скажем, в 1956 году, т.е. в том году, когда Хендлер изобрела Барби (ей, как мы помним, потребовалось три года, чтобы уговорить своих партнеров начать выпускать куклу), журнал ""Life"" назвал ""идеалом американской женщины"" тридцатидвухлетнюю мать четверых детей, естественно, нигде не работающую. Однако за три года, прошедшие до выхода Барби на рынок, реальность сильно изменилась. Именно тогда, в конце 50-х, поднялась так называемая ""вторая волна женского движения"" (первую относят к 20 - 30-м годам прошлого века). Новые борцы за права женщин требовали уже не таких базовых вещей, как право голосования, посещения любых общественных заведений и осуществления финансовых операций, но подлинного равенства женщин и мужчин в самых разных областях деятельности. Крах американской мечты 50-х привел к тому, что все больше и больше женщин стали занимать рабочие места, до сих пор отводившиеся в основном мужчинам. Для семьи все существеннее становился заработок жены, превратившийся в полновесную составляющую семейного бюджета. К началу 60-х новые феминистки Америки смогли составить общее представление о ситуации с женским трудом в США. Ситуация была аховой: там, где мужчина получал за свою работу доллар, женщина получала за ту же работу 63 цента. В результате схлопывания военной индустрии женщины теряли места на фабриках и заводах, а частный сектор, переставший испытывать недостаток мужских рук, всегда предпочитал взять на вакантное место мужчину, а не женщину, - пусть мужчине и приходилось платить больше. В газетах объявлений сообщения о поиске работников были разделены на две категории: ""Женщины"" и ""Мужчины"". Только два процента\n\nпредставителей интеллектуальных профессий - врачей, адвокатов, судей, дантистов, инженеров, архитекторов были женщинами. Подавляющее большинство престижных университетов не допускало женщин на значительную часть факультетов или имело жесткую квоту: иногда 1 женщина на 50 абитуриентов. Все эти факторы определили направление нового витка борьбы за права женщин - это была борьба за равенство на рабочих местах. В 1959 - 1960 годах тема ""Женщины и карьера"" была одной из самых дебатируемых в прессе. Выходила масса статей ""за"" и ""против"" работающих женщин. Представительницы разных профессий шумно спорили в популярных ток-шоу с мужчинами, отстаивающими семейные ценности. Именно тогда впервые проявилась интересная тенденция, определявшая развитие карьеры Барби в течении как минимум трех десятилетий: ее профессиональные достижения всегда были связаны не так с конкретным положением дел на рынке женского труда и даже не так с какими-нибудь специфическими событиями позитивного и негативного толка в этой области, как с шумихой, возникающей вокруг тех или иных аспектов темы. Скажем, в 1960 году ""Маттел"" выпустила Busy Girl Barbie. Считалось, что она ""дизайнер моды"", т.е., с одной стороны, женщина как бы работающая и как бы занимающаяся креативной профессией, но в то же время никоим образом не преступающая границы традиционных женских занятий (как известно, мужчины-кутюрье стали довольно поздним приобретением XX века). До этого момента Барби существовала в совсем немногих вариациях: исходная Барби 1959 года была фотомоделью, у нее был купальник, свадебное платье, костюм балерины и еще один наряд для свободного времяпрепровождения. Однако Busy Girl сильно отличалась от предыдущих вариаций: на ней был твидовый костюм, длинные перчатки и строгая шапочка. По большому счету девочки\n\nмогли видеть в ней собственных мам - благо работающих мам именно в конце 50-х - начале 60-х стало больше, чем когда-либо в истории. Никаких особых аксессуаров у этой Барби не было. Если верить данным, опубликованным Национальной организацией женщин Америки, в начале 60-х очень и очень многие женщины зарабатывали себе на жизнь тяжелым физическим трудом, они были механиками, электриками, водителями автобусов и даже шахтерами. Но рабочая девушка Барби, естественно, не намеревалась надевать каску и рабочую куртку. Я не знаю, так ли одевались в те годы дизайнеры моды, но твидовый костюм, маленькая шапочка и длинные перчатки были фактически униформой девушек из хороших семей, желающих заняться чем-нибудь полезным, пока им не попадется подходящий кандидат в мужья. Так могла выглядеть любая секретарша, машинистка, переписчица, в лучшем случае учительница. Эта первая ""деловая Барби"" фактически заложила основу всей будущей карьеры Барби. И действительно, Барби всегда приобретала только профессии представительниц среднего класса, никогда не занималась физическим трудом и не бралась за плохо оплачиваемые профессии. Рынок вполне оправдывает такой подход: родители девочек из среднего класса видят такие профессии в качестве основных, а родители девочек из более бедных слоев населения видят в этих профессиях хорошие ориентиры. Busy Girl Barbie стала первой в череде бесконечных Барби - бизнес-леди, повторяющихся из года в год с разными аксессуарами и под разными названиями: Business Girl, Busy Woman, Business Executive, Working Girl, Office Barbie и т.д. Чем занимаются эти Барби, ""Маттел"" не уточняет, но так или иначе они демонстрируют некоторую четкую позицию: женщина может добиться высоких постов, а карьера - это классно и престижно.\n\nНовые карьерные вариации Барби, как уже было сказано, возникали тогда, когда общественность начинала муссировать тему рабочего статуса женщины, и исчезали, как только эту тему можно было начать игнорировать. Здесь сказался один из главных маркетинговых талантов ""Маттел"" - талант использовать конъюнктуру, запрыгивать на волну обсуждаемой модной темы и соскакивать с нее, когда волна начинает идти на убыль. Профессиональная деятельность Барби развивалась ровно по тем же законам. В 1961 году Элеонора Рузвельт встала во главе Комиссии по вопросам статуса женщин при правительстве Кеннеди. Этот факт наделал много шума, и в том же году Барби получила профессии дипломированной медсестры и стюардессы. В 1963 году комиссия Рузвельта после двух лет исследований опубликовала доклад о дискриминации женщин на рабочих местах, породив целую волну дебатов о допустимых и недопустимых профессиях для представительниц слабого пола. Публикуется Equal Pay Act - речь идет о том, что мужчины и женщины, занимающие одни и те же должности, должны получать равные зарплаты. В том же году ""Маттел"" выпускает Business Woman Barbie (она же называлась Career Girl Barbie). Через год к биллю о гражданских правах добавляется Седьмой параграф - ""против дискриминации при приеме на работу"". Он включает в себя запрет на дискриминацию по половому признаку, но ситуация остается двойственной: ни билль, ни новую поправку невозможно ратифицировать на местах, поскольку фактически отсутствует механизм контроля, заставляющий работодателя соблюдать навязанные ему правила. Женщины, борющиеся за равноправие на рабочих местах, становятся объектом постоянных насмешек и карикатур в прессе. Таким образом, тема существует, но однозначное отношение к ней не выработано. В результате в 1964 и 1965 годах Барби\n\nполучает целый ряд новых профессий, но все они носят очень осторожный и традиционный характер, а некоторые, по понятиям феминисток, заслуживают осуждения. Так, с одной стороны, Барби оказывается космонавтом (что, скорее, объясняется бешеным интересом к теме космоса), с другой - Барби оказывается чирлидером, мажореткой, редактором модного журнала, фотографом моды, учительницей географии и актрисой. В 1966 году она получает еще одну суперженскую профессию - стюардессы в ""Пан-Американ"". До 1972 года никаких особых крупных событий в борьбе женщин за право на свободную карьеру не происходит, и - сюрприз! - ""карьерные"" Барби исчезают. Но в 1972-м году все снова меняется: Конгресс утверждает Девятый параграф Образовательного кодекса - параграф о равных правах на образование. Кроме того, проводится запрет на сегрегированные объявления о найме рабочей силы теперь все объявления должны печататься без специфического указания на предназначение должности для женщин или для мужчин. Девятый параграф означает, что учебные заведения должны отменить квоту на поступление для женщин и отменить запрет принимать женщин на те или иные факультеты. Соответственно, огромное количество представительниц ОтнынеСильного Пола подают заявки на изучение медицины или юриспруденции. Опять бум в прессе, и ""Маттел"" выпускает ""Барби-Хирурга"", очередной раз продемонстрировав свое поразительное умение держать нос по ветру. С 1973 по 1978 год, т.е. на протяжении пяти лет, Барби фактически не занимается своей карьерой - она отдает все свои силы спорту. Говоря конкретно, Барби становится олимпийской чемпионкой: к олимпиаде 1975 года ""Маттел"" выпускает ""Барби-Золотую-медалистку"", ""Барби-Лыжницу"", ""Барби-Конькобежца"" и ""БарбиПловчиху"" - все они выходят в серии ""Олимпийская\n\nБарби"". Однако в 1977 году тема ""женщины и профессия"" возвращается в большой мир: Национальная женская конференция в Техасе собирает невероятное количество участников - 20 тысяч. Тут же на свет появляется ""Барби с утра и до вечера"" (Day & Night Barbie), которую представляют как business executive - ""ответственного руководителя"". Эта же модель перерождается спустя семь лет, в 1985 году, в Business Executive Barbie. С этого момента карьерный рост Барби становится практически непрерывным. Дело в том, что 80-е стали годами окончательной победы деловых женщин. Многочисленные нововведения, облегчающие уход за детьми, социальные структуры, позволяющие матерям работать полный день, нарушение семейных сценариев, в результате которых распад брака становится обыденной ситуацией, что заставляет мать-одиночку постоянно работать с целью обеспечить себя и своих детей, плюс плохо соблюдающаяся, но все же существующая правовая основа, создающая равные условия для работающих женщин и мужчин, - все это окончательно формирует ситуацию, в которой работа становится совершенно неотъемлемой частью жизни женщин. Золотая девочка компании ""Маттел"" тоже берется за ум. С этого момента мы получаем хотя бы одну ""карьерную"" Барби едва ли не каждый год. Например, для женщин все чаще открываются вакансии, раньше доступные только мужчинам, и в конце 80-х - начале 90-х годов телевидение начинает создавать моду на женщинвоенных и женщин-полицейских. Это карьерное направление становится постоянным в мире Барби: оно тем выгоднее для ""Маттел"", что позволяет подчеркнуть патриотизм куклы. В 1989 году выпускается первая Барби в стиле милитари - так называемая Army Barbie. С 1990 года ее военная и полицейская карьера обретает конкретику: мы получаем капитана военно-воздушных сил, в 1991 году - офицера флота, в 1993 году -\n\nодновременно военврача и полицейского, в 1994 году командира летного эскадрона. Причина: огромный интерес общественности к теме армии, вызванный войной в Персидском заливе и ее последствиями. Потом война закончилась, тема армии перестала особо интересовать публику на несколько лет, и Барби оставила свои милитаристские замашки вплоть до 2000 года, когда армейская тема опять оказалась у всех на устах в связи с иракскими событиями. ""Маттел"" немедленно произвела на свет ""Барби-Паратрупера"" в комплекте с аптечкой первой помощи (Барби и Кен - паратруперы продаются в коробках, на задней стенке которых изображены... барханы). Другой пример: в 1992 году из-за обилия женщин, баллотирующихся на государственные посты, пресса заговорила о ""годе женщин"". В том же году мы получили ""Барби-Кандидата-в-президенты"", чей деловой костюм ""одним движением руки"" превращался в вечернее платье со звездами и полосами. Нам сообщалось, что ""Барби отправляется на инаугурационный бал"". Подобную же оперативность ""Маттел"" демонстрирует в 1994 году. Тогда был принят билль о гендерном равенстве в образовании и американское правительство сформулировало позицию, требующую поощрять в девушках интерес к разнообразию в выборе карьеры, в частности - к математике, естественным наукам и тому подобным ""мальчиковым"" сферам деятельности. ""Маттел"" немедленно выпустила целых пять профессиональных Барби: командир летного эскадрона, астронавт, педиатр, ветеринар и пожарник, профессии, по большей части традиционно занимаемые мужчинами. И все-таки проявления доброй воли в чистом виде было недостаточно: существовало слишком много желающих обвинять Барби во всех смертных грехах и, в частности, в проблемах, связанных с социальным статусом женщины. На слишком широкие плечи этой\n\nкуклы со слишком узкой талией возлагали ответственность за неврозы, связанные с восприятием собственной внешности, за женский консюмеризм, одновременно за сексуальную распущенность и сексуальную неудовлетворенность женщин, за то, что мужчины видят в блондинках безмозглых бимбо, и за прочие женские беды и напасти. После того как в 1998 году компания сделала Барби чуть более реалистичной, несколько расширив талию и уменьшив грудь куклы, пришло время еще раз сделать заявку насчет готовности Барби учить девочек прогрессивным идеалам. В 1999 году ""Маттел"" сделала огромную кампанию за пропаганду нового имиджа куклы. Кампания называлась: ""Be anything"". ""Маттел"" подписала контракт с компанией Girls Incorporated, прежде называвшейся ""Girls Club of America"" - крупнейшей организацией для девочек в США (следом за ней по численности участниц идет правильно! - Клуб Любительниц Барби). С этого момента, заявила ""Маттел"", ""все усилия будут сосредоточены не на куклах, а на самих девочках"". Рекламы демонстрировали, что девочка может стать хоккейным вратарем, игроком в теннис, астронавтом, компьютерным инженером словом, фактически кем угодно. Разъяренные феминистки обвинили Girls Incorporated в продажности: мол, всегда было известно, что Барби только притворяется карьерной куклой, а на самом деле торгует консюмеризмом и консервативностью в то время, как Girls Incorporated изначально заявляла, что намерена настраивать девочек на свободу выбора и на осознание своего права заниматься любым делом по своему вкусу. Я помню публикации, в которых противницы союза ""Маттел"" и GI с горечью писали: ""Нет лучшего способа победить своего врага, чем подкупить его"". Так или иначе союз возник. С этого момента ""Маттел"" продвигала как бы не кукол, а новые ценности: право мечтать о достижениях, право играть в любые игры и побеждать. Совместно две\n\nдевичьих организации проводили акции по профессиональному ориентированию, телешоу, круглые столы. ""Маттел"" выпустила новую игровую серию кукол под названием: ""I can be"" - целых шесть карьерных кукол в один год. В этой серии появилась - ""Барби-Пилот"", опять ""Барби-Working-Woman"" (с ноутбуком, мобильным телефоном и неопределимой сферой деятельности), ""Барби-Учительница-языка-жестов"" (со сгибающимися пальчиками), ""Барби-Футболистка"", ""Барби-Сыщик"" и ""Барби-Игрок-в-бейсбол-из-высшей-лиги"". Правда, в этом же году были выпущены на заказ ""Барби-Официантка"" (для компании ""Кока-Кола"") и ""Барби-Косметолог"" (для компании ""Эйвон""). В 2000 году серия продолжилась; появилась ""Барби-Педиатр"", ""Барби-Учительницавождения"" и ""Барби-Учительница рисования"". Но самым интересным дополнением к карьерной линии ""Маттел"" стала ""Барби-Президент-США"", если верить рекламному плакату, ""готовая приступить к работе в Овальном офисе"". В свете близящихся президентских выборов кукла раскупалась на ура. Последний на сегодняшний день карьерный рывок Барби совершила в 2002 году. С тех пор никакого особого интереса в профессиональной деятельности у этой куклы не наблюдалось. С тех пор появилась только одна Барби, которую можно было бы причислить к профессиональным: в 2004 году ""Маттел"" выпустила в серии ""Happy family"" Барби под названием ""Baby Doctor"" - короче говоря, специалист по неонатальной медицине. Ей предстояло возиться с новорожденным младенцем подруги Мидж. На официальном сайте Барби существует трудно находимый раздел ""I can be"", так или иначе посвященный будущим карьерным занятиям девочек. Здесь предлагается пять вариантов профессий: врач, художник, учитель рисования, балерина и фигуристка как видим, ничего радикального. Сторонницы билля о гендерном равенстве в образовании имеют полное право\n\nупрекать Барби в ограниченности и консервативности: здесь нет профессий хакера, архитектора, машиниста и финансового аналитика. Но в то же время профессии, присутствующие в списке на сайте, во-первых, требуют серьезного труда, а во-вторых, связаны с творческим самовыражением. Правда, в этом списке, как в психометрическом тесте, вызывает подозрение слово ""доктор"" - оно кажется лишним в ряду и, видимо, является очередным примером защитного буфера. Впрочем, если смотреть на более или менее полный список профессий Барби за все годы ее существования, то в целом невозможно упрекнуть ее в потакании сугубо женским занятиям, особенно в последнее время. Мажоретка и чирлидер могут вызвать возмущение у тех, для кого эти занятия сами по себе ассоциируются с тупоголовыми блондинками, но в целом традиционные упреки в адрес Барби сейчас кажутся мне несколько необоснованными. Если что-то и вызывает у меня неприязнь, то это, скорее, не выбор кукольных профессий как таковой, а то, как все эти профессии подаются. Тут ситуация похожа на уже рассмотренную ситуацию с деньгами: совершенно непонятно, откуда что берется. Создается такое впечатление, что Барби приобретает новые профессии так же, как она приобретает новые машины - по щучьему велению, по своему хотению. Она не знает не только трудностей, связанных с получением той или иной профессии, но и трудностей, связанных с профессиональной практикой. В ее деятельности нет элементов труда или усталости. В любом из ее занятий вообще нет отрицательных или неприятных сторон. Начинает казаться, что доктор Барби никогда в жизни не видела ни крови, ни смерти, а Барби-следователь напоминает Айс Вентуру - сыщика по делам домашних животных, а не реального следователя, постоянно имеющего дело с самыми неприглядными сторонами\n\nжизни. Когда я узнала, что ""Маттел"" выпустила Барбипалеонтолога, во мне затеплилась надежда: в конце концов, вот уж профессия, в которой основные аксессуары - пыль да кости. Но выяснилось, что Барби в роли исследователя прошлого выкапывает из земли не окаменелости и не останки мертвых животных, а целых разноцветных динозавриков. В общем, о Барби как об инструменте профессионального ориентирования не может быть и речи, что бы ""Маттел"" ни говорила. Нигде, никогда, никаким образом нам не рассказывают о причинах, по которым Барби выбирает ту или иную карьеру. Нам обычно не говорят о талантах или наклонностях, которыми надо обладать для выполнения тех или иных профессиональных обязанностей, не описывают путь, который необходимо пройти для получения соответствующих навыков. Нам не рассказывают о том, как устроены трудовые будни того же дантиста, или палеонтолога, или даже редактора модного журнала. Типичная сцена из журнальчиков про Барби - Барбидоктор держит за ручку очередного пациента, который благодарит ее не за лечение, связанное, как уже было сказано, с неприятными процедурами, а за добрый совет по поводу сохранения и без того прекрасного здоровья. Так что о профессиональном ориентировании речь не идет - максимум речь идет о некотором условном и очень поверхностном стимулировании интереса к той или иной профессии. Впрочем, меня не оставляет ощущение, что и этого более чем достаточно. Все карьерные Барби делаются, как уже говорилось, не для самих девочек, а для их родителей. Девочки хотят играть в принцесс или в вечеринки и переодевать своих кукол из одной одежки в другую. Если у их мам и пап становится легче на душе от присутствия в наборе некоего подобия зеленой формы хирурга или строгой полицейской униформы, ""Маттел""\n\nготова производить и промотировать такие вариации куклы. Каждая из них стоит от 10 до 25 долларов, и если родители, озабоченные будущим девочки, подарят ей на Новый год Барби-палеонтолога, это будет лучше, чем если озабоченные ее будущим родители не подарят своей дочери ни единой Барби вообще. И в этом аспекте, как и во всех остальных, мир Барби создается исключительно по запросам и требованиям мира вокруг Барби.\n\nЧасть третья\n\nМИР ВОКРУГ БАРБИ', 'query': 'Girls Incorporated Mattel partnership 1999 «Be anything» campaign feminist criticism reactions', 'supports_claim': True}, {'url': 'local://goralik-polaya-zhenshchina/ch09', 'title': 'Горалик · Полая женщина · глава 9', 'snippet': 'Глава девятая. Девушки могут все: занятия и профессии Барби\n\nИсточник: Линор Горалик, «Полая женщина: Мир Барби изнутри и снаружи» (НЛО, 2005).\n\nГлава девятая\n\nДЕВУШКИ МОГУТ ВСЕ: ЗАНЯТИЯ И ПРОФЕССИИ БАРБИ\n\nТо, как Барби проводит время, невольно заставляет думать о серьезных психологических проблемах этой юной девушки, впрочем частично объясняющихся отсутствием у нее добрых и любящих родителей. Барби испытывает мучительную потребность во внешней\n\nоценке и внешнем одобрении, что постоянно толкает ее на все новые и новые социальные и карьерные достижения. Она фантастически, невыносимо экстравертна и явно не способна хоть на пять минут остаться одна. О времяпрепровождении Барби мы узнаем из описания новых выходящих на рынок моделей, ""Барбикниг"" и посвященных этой кукле журналов. Удивительным образом бесконечная череда вечеринок, туристических поездок и походов в кафе с друзьями не помешала Барби освоить более семи десятков профессий за последние сорок шесть лет. Составить полный список всех карьерных достижений Барби практически невозможно: довольно большое количество таких моделей было выпущено ""Маттел"" не для общего рынка, а для каких-нибудь крупных торговых марок или для сетей универсальных магазинов. Например, существовала Барби - продавщица кока-колы, сделанная соответственно по заказу корпорации ""Кока-Кола"", и Барби распространительница продуктов компании Avon, сделанная по заказу Avon Cosmetics. Особая Барби была произведена ""Маттел"" к юбилею сети игрушечных магазинов ""Toys Are Us"", специально разработанная маленькая Барби продавалась в ""Макдоналдсе"" - словом, примеров хватает Все ""профессиональные"" Барби принадлежат игровой линии Если я не ошибаюсь, карьерные Барби никогда не выпускались в коллекционных сериях, кроме нескольких куколок в серии ""Silkstone"", скажем, ""БарбиРедактор-раздела-моды"" и ""Кен-Инсайдер-моднойиндустрии"". Помню, что мой собственный вопрос о коллекционных Барби-""профессионалках"" не вызвал энтузиазма на форуме собирателей куклы. Я готова предположить, что дело здесь не только в том и даже далеко не в том, что для профессиональной Барби невозможно создать роскошный наряд, - в конце концов\n\nБоб Мэки наверняка прекрасно одел бы ""БарбиУкротительницу-львов"" или ""Барби-Флориста"". Просто профессиональная Барби, видимо, не очень интересует взрослых коллекционеров, потому что им за глаза и за уши хватает собственной профессиональной деятельности. Они, я полагаю, не видят особой радости в том, чтобы тащить домой куклу-бизнесмена или куклуврача. Но гораздо больше нам говорит тот факт, что в ""профессиональных"" Барби не слишком заинтересованы не только взрослые, но и дети. Дети вообще редко играют в конкретные профессии, кроме знаменитой игры в доктора, которая, как известно, преследует цели, далекие от профориентации. Бывают, конечно, игры в спасателей, пожарников или милицию и воров, но и здесь, как мы все понимаем, о развитии вкуса к будущей профессии речь не идет. Иногда дети играют в профессии, которыми занимаются их родители, самым поверхностным образом имитируя известные им элементы этих профессий с целью отыграть те или иные жизненные ситуации. Мне трудно представить себе, что мои собственные племянники ни с того ни с сего устроят серьезную и целенаправленную игру в палеонтологов или программистов. Игра в ветеринара может иметь тяжелые последствия для кошки и вряд ли напрямую связана с желанием как следует понять основы этой благородной профессии. Девочки предаются ""профессиональным"" играм еще реже, чем мальчики. Я рискну предположить, что большинство девочек предпочтет получить в подарок ""Барби-Принцессу"", ""Барби-День-рождения"", ""Барбиидет-на-пляж"" или ""Барби-катается-на-роликовыхконьках"", а не ""Барби-Дантиста"" или ""Барби-Бизнеследи"". Не сомневаюсь, что компания ""Маттел"" прекрасно это понимает, - и все-таки выпускать карьерных Барби ей приходится постоянно. Такое упорство вызвано отнюдь не запросом рынка, то есть не желанием маленьких\n\nдевочек приобрести ""Барби-Палеонтолога"" или ""БарбиСтюардессу"", а социальным давлением, постоянно оказываемым на ""Маттел"" со стороны прессы и родителей. Если бы Барби не занималась чем-нибудь трудоемким и престижным для зарабатывания собственного хлеба, ""Маттел"" было бы гораздо труднее отражать атаки, связанные с консюмеризмом куклы и с ее навязчивой привычкой следовать моде; кроме того, было бы гораздо сложнее говорить о позитивном влиянии Барби в деле воспитания молодого поколения. В целом ряде случаев ""Маттел"" выдвигает эти вариации своей модной куколки вперед на манер щита. Одна умная, но скучно одетая Барби защищает целую плеяду своих красивых, расфуфыренных и легкомысленных сестер. Именно давление со стороны родителей, феминисток, педагогов и прессы заставляет ""Маттел"" постоянно прилагать большие усилия для того, чтобы взгляды Барби на работу и карьеру можно было считать передовыми и даже опережающими время. Любимый пример, приводимый компанией каждый раз, когда речь заходит о карьерных достижениях их куклы, - ""Барби-Астронавт"" производства 1965 года, ""полетевшая в космос задолго до того, как первая женщина действительно ступила на борт космического корабля"". Однако других особо ярких примеров такого рода у компании ""Маттел"" нет. Я с большим удовольствием потратила несколько дней, накладывая хронологию карьерного развития Барби на историю женского движения и в особенности на историю борьбы женщин за карьерное равноправие с 1959 года - года выпуска Барби и по сегодняшний день. Такое сравнение позволяет увидеть, что в плане карьеры Барби действует фактически так же, как она действует в плане моды, т.е. оказывается не лидером-провозвестником новых тенденций, а их легитимизатором и в некоторой мере барометром происходящего. Можно быть твердо уверенным, что если\n\nБарби начала развивать деятельность на том или ином поприще, то поприще это уже некоторое время надежно существует в качестве игровой площадки для женщин в реальном мире. Скажем, в 1956 году, т.е. в том году, когда Хендлер изобрела Барби (ей, как мы помним, потребовалось три года, чтобы уговорить своих партнеров начать выпускать куклу), журнал ""Life"" назвал ""идеалом американской женщины"" тридцатидвухлетнюю мать четверых детей, естественно, нигде не работающую. Однако за три года, прошедшие до выхода Барби на рынок, реальность сильно изменилась. Именно тогда, в конце 50-х, поднялась так называемая ""вторая волна женского движения"" (первую относят к 20 - 30-м годам прошлого века). Новые борцы за права женщин требовали уже не таких базовых вещей, как право голосования, посещения любых общественных заведений и осуществления финансовых операций, но подлинного равенства женщин и мужчин в самых разных областях деятельности. Крах американской мечты 50-х привел к тому, что все больше и больше женщин стали занимать рабочие места, до сих пор отводившиеся в основном мужчинам. Для семьи все существеннее становился заработок жены, превратившийся в полновесную составляющую семейного бюджета. К началу 60-х новые феминистки Америки смогли составить общее представление о ситуации с женским трудом в США. Ситуация была аховой: там, где мужчина получал за свою работу доллар, женщина получала за ту же работу 63 цента. В результате схлопывания военной индустрии женщины теряли места на фабриках и заводах, а частный сектор, переставший испытывать недостаток мужских рук, всегда предпочитал взять на вакантное место мужчину, а не женщину, - пусть мужчине и приходилось платить больше. В газетах объявлений сообщения о поиске работников были разделены на две категории: ""Женщины"" и ""Мужчины"". Только два процента\n\nпредставителей интеллектуальных профессий - врачей, адвокатов, судей, дантистов, инженеров, архитекторов были женщинами. Подавляющее большинство престижных университетов не допускало женщин на значительную часть факультетов или имело жесткую квоту: иногда 1 женщина на 50 абитуриентов. Все эти факторы определили направление нового витка борьбы за права женщин - это была борьба за равенство на рабочих местах. В 1959 - 1960 годах тема ""Женщины и карьера"" была одной из самых дебатируемых в прессе. Выходила масса статей ""за"" и ""против"" работающих женщин. Представительницы разных профессий шумно спорили в популярных ток-шоу с мужчинами, отстаивающими семейные ценности. Именно тогда впервые проявилась интересная тенденция, определявшая развитие карьеры Барби в течении как минимум трех десятилетий: ее профессиональные достижения всегда были связаны не так с конкретным положением дел на рынке женского труда и даже не так с какими-нибудь специфическими событиями позитивного и негативного толка в этой области, как с шумихой, возникающей вокруг тех или иных аспектов темы. Скажем, в 1960 году ""Маттел"" выпустила Busy Girl Barbie. Считалось, что она ""дизайнер моды"", т.е., с одной стороны, женщина как бы работающая и как бы занимающаяся креативной профессией, но в то же время никоим образом не преступающая границы традиционных женских занятий (как известно, мужчины-кутюрье стали довольно поздним приобретением XX века). До этого момента Барби существовала в совсем немногих вариациях: исходная Барби 1959 года была фотомоделью, у нее был купальник, свадебное платье, костюм балерины и еще один наряд для свободного времяпрепровождения. Однако Busy Girl сильно отличалась от предыдущих вариаций: на ней был твидовый костюм, длинные перчатки и строгая шапочка. По большому счету девочки\n\nмогли видеть в ней собственных мам - благо работающих мам именно в конце 50-х - начале 60-х стало больше, чем когда-либо в истории. Никаких особых аксессуаров у этой Барби не было. Если верить данным, опубликованным Национальной организацией женщин Америки, в начале 60-х очень и очень многие женщины зарабатывали себе на жизнь тяжелым физическим трудом, они были механиками, электриками, водителями автобусов и даже шахтерами. Но рабочая девушка Барби, естественно, не намеревалась надевать каску и рабочую куртку. Я не знаю, так ли одевались в те годы дизайнеры моды, но твидовый костюм, маленькая шапочка и длинные перчатки были фактически униформой девушек из хороших семей, желающих заняться чем-нибудь полезным, пока им не попадется подходящий кандидат в мужья. Так могла выглядеть любая секретарша, машинистка, переписчица, в лучшем случае учительница. Эта первая ""деловая Барби"" фактически заложила основу всей будущей карьеры Барби. И действительно, Барби всегда приобретала только профессии представительниц среднего класса, никогда не занималась физическим трудом и не бралась за плохо оплачиваемые профессии. Рынок вполне оправдывает такой подход: родители девочек из среднего класса видят такие профессии в качестве основных, а родители девочек из более бедных слоев населения видят в этих профессиях хорошие ориентиры. Busy Girl Barbie стала первой в череде бесконечных Барби - бизнес-леди, повторяющихся из года в год с разными аксессуарами и под разными названиями: Business Girl, Busy Woman, Business Executive, Working Girl, Office Barbie и т.д. Чем занимаются эти Барби, ""Маттел"" не уточняет, но так или иначе они демонстрируют некоторую четкую позицию: женщина может добиться высоких постов, а карьера - это классно и престижно.\n\nНовые карьерные вариации Барби, как уже было сказано, возникали тогда, когда общественность начинала муссировать тему рабочего статуса женщины, и исчезали, как только эту тему можно было начать игнорировать. Здесь сказался один из главных маркетинговых талантов ""Маттел"" - талант использовать конъюнктуру, запрыгивать на волну обсуждаемой модной темы и соскакивать с нее, когда волна начинает идти на убыль. Профессиональная деятельность Барби развивалась ровно по тем же законам. В 1961 году Элеонора Рузвельт встала во главе Комиссии по вопросам статуса женщин при правительстве Кеннеди. Этот факт наделал много шума, и в том же году Барби получила профессии дипломированной медсестры и стюардессы. В 1963 году комиссия Рузвельта после двух лет исследований опубликовала доклад о дискриминации женщин на рабочих местах, породив целую волну дебатов о допустимых и недопустимых профессиях для представительниц слабого пола. Публикуется Equal Pay Act - речь идет о том, что мужчины и женщины, занимающие одни и те же должности, должны получать равные зарплаты. В том же году ""Маттел"" выпускает Business Woman Barbie (она же называлась Career Girl Barbie). Через год к биллю о гражданских правах добавляется Седьмой параграф - ""против дискриминации при приеме на работу"". Он включает в себя запрет на дискриминацию по половому признаку, но ситуация остается двойственной: ни билль, ни новую поправку невозможно ратифицировать на местах, поскольку фактически отсутствует механизм контроля, заставляющий работодателя соблюдать навязанные ему правила. Женщины, борющиеся за равноправие на рабочих местах, становятся объектом постоянных насмешек и карикатур в прессе. Таким образом, тема существует, но однозначное отношение к ней не выработано. В результате в 1964 и 1965 годах Барби\n\nполучает целый ряд новых профессий, но все они носят очень осторожный и традиционный характер, а некоторые, по понятиям феминисток, заслуживают осуждения. Так, с одной стороны, Барби оказывается космонавтом (что, скорее, объясняется бешеным интересом к теме космоса), с другой - Барби оказывается чирлидером, мажореткой, редактором модного журнала, фотографом моды, учительницей географии и актрисой. В 1966 году она получает еще одну суперженскую профессию - стюардессы в ""Пан-Американ"". До 1972 года никаких особых крупных событий в борьбе женщин за право на свободную карьеру не происходит, и - сюрприз! - ""карьерные"" Барби исчезают. Но в 1972-м году все снова меняется: Конгресс утверждает Девятый параграф Образовательного кодекса - параграф о равных правах на образование. Кроме того, проводится запрет на сегрегированные объявления о найме рабочей силы теперь все объявления должны печататься без специфического указания на предназначение должности для женщин или для мужчин. Девятый параграф означает, что учебные заведения должны отменить квоту на поступление для женщин и отменить запрет принимать женщин на те или иные факультеты. Соответственно, огромное количество представительниц ОтнынеСильного Пола подают заявки на изучение медицины или юриспруденции. Опять бум в прессе, и ""Маттел"" выпускает ""Барби-Хирурга"", очередной раз продемонстрировав свое поразительное умение держать нос по ветру. С 1973 по 1978 год, т.е. на протяжении пяти лет, Барби фактически не занимается своей карьерой - она отдает все свои силы спорту. Говоря конкретно, Барби становится олимпийской чемпионкой: к олимпиаде 1975 года ""Маттел"" выпускает ""Барби-Золотую-медалистку"", ""Барби-Лыжницу"", ""Барби-Конькобежца"" и ""БарбиПловчиху"" - все они выходят в серии ""Олимпийская\n\nБарби"". Однако в 1977 году тема ""женщины и профессия"" возвращается в большой мир: Национальная женская конференция в Техасе собирает невероятное количество участников - 20 тысяч. Тут же на свет появляется ""Барби с утра и до вечера"" (Day & Night Barbie), которую представляют как business executive - ""ответственного руководителя"". Эта же модель перерождается спустя семь лет, в 1985 году, в Business Executive Barbie. С этого момента карьерный рост Барби становится практически непрерывным. Дело в том, что 80-е стали годами окончательной победы деловых женщин. Многочисленные нововведения, облегчающие уход за детьми, социальные структуры, позволяющие матерям работать полный день, нарушение семейных сценариев, в результате которых распад брака становится обыденной ситуацией, что заставляет мать-одиночку постоянно работать с целью обеспечить себя и своих детей, плюс плохо соблюдающаяся, но все же существующая правовая основа, создающая равные условия для работающих женщин и мужчин, - все это окончательно формирует ситуацию, в которой работа становится совершенно неотъемлемой частью жизни женщин. Золотая девочка компании ""Маттел"" тоже берется за ум. С этого момента мы получаем хотя бы одну ""карьерную"" Барби едва ли не каждый год. Например, для женщин все чаще открываются вакансии, раньше доступные только мужчинам, и в конце 80-х - начале 90-х годов телевидение начинает создавать моду на женщинвоенных и женщин-полицейских. Это карьерное направление становится постоянным в мире Барби: оно тем выгоднее для ""Маттел"", что позволяет подчеркнуть патриотизм куклы. В 1989 году выпускается первая Барби в стиле милитари - так называемая Army Barbie. С 1990 года ее военная и полицейская карьера обретает конкретику: мы получаем капитана военно-воздушных сил, в 1991 году - офицера флота, в 1993 году -\n\nодновременно военврача и полицейского, в 1994 году командира летного эскадрона. Причина: огромный интерес общественности к теме армии, вызванный войной в Персидском заливе и ее последствиями. Потом война закончилась, тема армии перестала особо интересовать публику на несколько лет, и Барби оставила свои милитаристские замашки вплоть до 2000 года, когда армейская тема опять оказалась у всех на устах в связи с иракскими событиями. ""Маттел"" немедленно произвела на свет ""Барби-Паратрупера"" в комплекте с аптечкой первой помощи (Барби и Кен - паратруперы продаются в коробках, на задней стенке которых изображены... барханы). Другой пример: в 1992 году из-за обилия женщин, баллотирующихся на государственные посты, пресса заговорила о ""годе женщин"". В том же году мы получили ""Барби-Кандидата-в-президенты"", чей деловой костюм ""одним движением руки"" превращался в вечернее платье со звездами и полосами. Нам сообщалось, что ""Барби отправляется на инаугурационный бал"". Подобную же оперативность ""Маттел"" демонстрирует в 1994 году. Тогда был принят билль о гендерном равенстве в образовании и американское правительство сформулировало позицию, требующую поощрять в девушках интерес к разнообразию в выборе карьеры, в частности - к математике, естественным наукам и тому подобным ""мальчиковым"" сферам деятельности. ""Маттел"" немедленно выпустила целых пять профессиональных Барби: командир летного эскадрона, астронавт, педиатр, ветеринар и пожарник, профессии, по большей части традиционно занимаемые мужчинами. И все-таки проявления доброй воли в чистом виде было недостаточно: существовало слишком много желающих обвинять Барби во всех смертных грехах и, в частности, в проблемах, связанных с социальным статусом женщины. На слишком широкие плечи этой\n\nкуклы со слишком узкой талией возлагали ответственность за неврозы, связанные с восприятием собственной внешности, за женский консюмеризм, одновременно за сексуальную распущенность и сексуальную неудовлетворенность женщин, за то, что мужчины видят в блондинках безмозглых бимбо, и за прочие женские беды и напасти. После того как в 1998 году компания сделала Барби чуть более реалистичной, несколько расширив талию и уменьшив грудь куклы, пришло время еще раз сделать заявку насчет готовности Барби учить девочек прогрессивным идеалам. В 1999 году ""Маттел"" сделала огромную кампанию за пропаганду нового имиджа куклы. Кампания называлась: ""Be anything"". ""Маттел"" подписала контракт с компанией Girls Incorporated, прежде называвшейся ""Girls Club of America"" - крупнейшей организацией для девочек в США (следом за ней по численности участниц идет правильно! - Клуб Любительниц Барби). С этого момента, заявила ""Маттел"", ""все усилия будут сосредоточены не на куклах, а на самих девочках"". Рекламы демонстрировали, что девочка может стать хоккейным вратарем, игроком в теннис, астронавтом, компьютерным инженером словом, фактически кем угодно. Разъяренные феминистки обвинили Girls Incorporated в продажности: мол, всегда было известно, что Барби только притворяется карьерной куклой, а на самом деле торгует консюмеризмом и консервативностью в то время, как Girls Incorporated изначально заявляла, что намерена настраивать девочек на свободу выбора и на осознание своего права заниматься любым делом по своему вкусу. Я помню публикации, в которых противницы союза ""Маттел"" и GI с горечью писали: ""Нет лучшего способа победить своего врага, чем подкупить его"". Так или иначе союз возник. С этого момента ""Маттел"" продвигала как бы не кукол, а новые ценности: право мечтать о достижениях, право играть в любые игры и побеждать. Совместно две\n\nдевичьих организации проводили акции по профессиональному ориентированию, телешоу, круглые столы. ""Маттел"" выпустила новую игровую серию кукол под названием: ""I can be"" - целых шесть карьерных кукол в один год. В этой серии появилась - ""Барби-Пилот"", опять ""Барби-Working-Woman"" (с ноутбуком, мобильным телефоном и неопределимой сферой деятельности), ""Барби-Учительница-языка-жестов"" (со сгибающимися пальчиками), ""Барби-Футболистка"", ""Барби-Сыщик"" и ""Барби-Игрок-в-бейсбол-из-высшей-лиги"". Правда, в этом же году были выпущены на заказ ""Барби-Официантка"" (для компании ""Кока-Кола"") и ""Барби-Косметолог"" (для компании ""Эйвон""). В 2000 году серия продолжилась; появилась ""Барби-Педиатр"", ""Барби-Учительницавождения"" и ""Барби-Учительница рисования"". Но самым интересным дополнением к карьерной линии ""Маттел"" стала ""Барби-Президент-США"", если верить рекламному плакату, ""готовая приступить к работе в Овальном офисе"". В свете близящихся президентских выборов кукла раскупалась на ура. Последний на сегодняшний день карьерный рывок Барби совершила в 2002 году. С тех пор никакого особого интереса в профессиональной деятельности у этой куклы не наблюдалось. С тех пор появилась только одна Барби, которую можно было бы причислить к профессиональным: в 2004 году ""Маттел"" выпустила в серии ""Happy family"" Барби под названием ""Baby Doctor"" - короче говоря, специалист по неонатальной медицине. Ей предстояло возиться с новорожденным младенцем подруги Мидж. На официальном сайте Барби существует трудно находимый раздел ""I can be"", так или иначе посвященный будущим карьерным занятиям девочек. Здесь предлагается пять вариантов профессий: врач, художник, учитель рисования, балерина и фигуристка как видим, ничего радикального. Сторонницы билля о гендерном равенстве в образовании имеют полное право\n\nупрекать Барби в ограниченности и консервативности: здесь нет профессий хакера, архитектора, машиниста и финансового аналитика. Но в то же время профессии, присутствующие в списке на сайте, во-первых, требуют серьезного труда, а во-вторых, связаны с творческим самовыражением. Правда, в этом списке, как в психометрическом тесте, вызывает подозрение слово ""доктор"" - оно кажется лишним в ряду и, видимо, является очередным примером защитного буфера. Впрочем, если смотреть на более или менее полный список профессий Барби за все годы ее существования, то в целом невозможно упрекнуть ее в потакании сугубо женским занятиям, особенно в последнее время. Мажоретка и чирлидер могут вызвать возмущение у тех, для кого эти занятия сами по себе ассоциируются с тупоголовыми блондинками, но в целом традиционные упреки в адрес Барби сейчас кажутся мне несколько необоснованными. Если что-то и вызывает у меня неприязнь, то это, скорее, не выбор кукольных профессий как таковой, а то, как все эти профессии подаются. Тут ситуация похожа на уже рассмотренную ситуацию с деньгами: совершенно непонятно, откуда что берется. Создается такое впечатление, что Барби приобретает новые профессии так же, как она приобретает новые машины - по щучьему велению, по своему хотению. Она не знает не только трудностей, связанных с получением той или иной профессии, но и трудностей, связанных с профессиональной практикой. В ее деятельности нет элементов труда или усталости. В любом из ее занятий вообще нет отрицательных или неприятных сторон. Начинает казаться, что доктор Барби никогда в жизни не видела ни крови, ни смерти, а Барби-следователь напоминает Айс Вентуру - сыщика по делам домашних животных, а не реального следователя, постоянно имеющего дело с самыми неприглядными сторонами\n\nжизни. Когда я узнала, что ""Маттел"" выпустила Барбипалеонтолога, во мне затеплилась надежда: в конце концов, вот уж профессия, в которой основные аксессуары - пыль да кости. Но выяснилось, что Барби в роли исследователя прошлого выкапывает из земли не окаменелости и не останки мертвых животных, а целых разноцветных динозавриков. В общем, о Барби как об инструменте профессионального ориентирования не может быть и речи, что бы ""Маттел"" ни говорила. Нигде, никогда, никаким образом нам не рассказывают о причинах, по которым Барби выбирает ту или иную карьеру. Нам обычно не говорят о талантах или наклонностях, которыми надо обладать для выполнения тех или иных профессиональных обязанностей, не описывают путь, который необходимо пройти для получения соответствующих навыков. Нам не рассказывают о том, как устроены трудовые будни того же дантиста, или палеонтолога, или даже редактора модного журнала. Типичная сцена из журнальчиков про Барби - Барбидоктор держит за ручку очередного пациента, который благодарит ее не за лечение, связанное, как уже было сказано, с неприятными процедурами, а за добрый совет по поводу сохранения и без того прекрасного здоровья. Так что о профессиональном ориентировании речь не идет - максимум речь идет о некотором условном и очень поверхностном стимулировании интереса к той или иной профессии. Впрочем, меня не оставляет ощущение, что и этого более чем достаточно. Все карьерные Барби делаются, как уже говорилось, не для самих девочек, а для их родителей. Девочки хотят играть в принцесс или в вечеринки и переодевать своих кукол из одной одежки в другую. Если у их мам и пап становится легче на душе от присутствия в наборе некоего подобия зеленой формы хирурга или строгой полицейской униформы, ""Маттел""\n\nготова производить и промотировать такие вариации куклы. Каждая из них стоит от 10 до 25 долларов, и если родители, озабоченные будущим девочки, подарят ей на Новый год Барби-палеонтолога, это будет лучше, чем если озабоченные ее будущим родители не подарят своей дочери ни единой Барби вообще. И в этом аспекте, как и во всех остальных, мир Барби создается исключительно по запросам и требованиям мира вокруг Барби.\n\nЧасть третья\n\nМИР ВОКРУГ БАРБИ', 'query': 'Barbie military line Gulf War 1989–2000 production timeline and sales data', 'supports_claim': True}, {'url': 'local://goralik-polaya-zhenshchina/ch09', 'title': 'Горалик · Полая женщина · глава 9', 'snippet': 'Глава девятая. Девушки могут все: занятия и профессии Барби\n\nИсточник: Линор Горалик, «Полая женщина: Мир Барби изнутри и снаружи» (НЛО, 2005).\n\nГлава девятая\n\nДЕВУШКИ МОГУТ ВСЕ: ЗАНЯТИЯ И ПРОФЕССИИ БАРБИ\n\nТо, как Барби проводит время, невольно заставляет думать о серьезных психологических проблемах этой юной девушки, впрочем частично объясняющихся отсутствием у нее добрых и любящих родителей. Барби испытывает мучительную потребность во внешней\n\nоценке и внешнем одобрении, что постоянно толкает ее на все новые и новые социальные и карьерные достижения. Она фантастически, невыносимо экстравертна и явно не способна хоть на пять минут остаться одна. О времяпрепровождении Барби мы узнаем из описания новых выходящих на рынок моделей, ""Барбикниг"" и посвященных этой кукле журналов. Удивительным образом бесконечная череда вечеринок, туристических поездок и походов в кафе с друзьями не помешала Барби освоить более семи десятков профессий за последние сорок шесть лет. Составить полный список всех карьерных достижений Барби практически невозможно: довольно большое количество таких моделей было выпущено ""Маттел"" не для общего рынка, а для каких-нибудь крупных торговых марок или для сетей универсальных магазинов. Например, существовала Барби - продавщица кока-колы, сделанная соответственно по заказу корпорации ""Кока-Кола"", и Барби распространительница продуктов компании Avon, сделанная по заказу Avon Cosmetics. Особая Барби была произведена ""Маттел"" к юбилею сети игрушечных магазинов ""Toys Are Us"", специально разработанная маленькая Барби продавалась в ""Макдоналдсе"" - словом, примеров хватает Все ""профессиональные"" Барби принадлежат игровой линии Если я не ошибаюсь, карьерные Барби никогда не выпускались в коллекционных сериях, кроме нескольких куколок в серии ""Silkstone"", скажем, ""БарбиРедактор-раздела-моды"" и ""Кен-Инсайдер-моднойиндустрии"". Помню, что мой собственный вопрос о коллекционных Барби-""профессионалках"" не вызвал энтузиазма на форуме собирателей куклы. Я готова предположить, что дело здесь не только в том и даже далеко не в том, что для профессиональной Барби невозможно создать роскошный наряд, - в конце концов\n\nБоб Мэки наверняка прекрасно одел бы ""БарбиУкротительницу-львов"" или ""Барби-Флориста"". Просто профессиональная Барби, видимо, не очень интересует взрослых коллекционеров, потому что им за глаза и за уши хватает собственной профессиональной деятельности. Они, я полагаю, не видят особой радости в том, чтобы тащить домой куклу-бизнесмена или куклуврача. Но гораздо больше нам говорит тот факт, что в ""профессиональных"" Барби не слишком заинтересованы не только взрослые, но и дети. Дети вообще редко играют в конкретные профессии, кроме знаменитой игры в доктора, которая, как известно, преследует цели, далекие от профориентации. Бывают, конечно, игры в спасателей, пожарников или милицию и воров, но и здесь, как мы все понимаем, о развитии вкуса к будущей профессии речь не идет. Иногда дети играют в профессии, которыми занимаются их родители, самым поверхностным образом имитируя известные им элементы этих профессий с целью отыграть те или иные жизненные ситуации. Мне трудно представить себе, что мои собственные племянники ни с того ни с сего устроят серьезную и целенаправленную игру в палеонтологов или программистов. Игра в ветеринара может иметь тяжелые последствия для кошки и вряд ли напрямую связана с желанием как следует понять основы этой благородной профессии. Девочки предаются ""профессиональным"" играм еще реже, чем мальчики. Я рискну предположить, что большинство девочек предпочтет получить в подарок ""Барби-Принцессу"", ""Барби-День-рождения"", ""Барбиидет-на-пляж"" или ""Барби-катается-на-роликовыхконьках"", а не ""Барби-Дантиста"" или ""Барби-Бизнеследи"". Не сомневаюсь, что компания ""Маттел"" прекрасно это понимает, - и все-таки выпускать карьерных Барби ей приходится постоянно. Такое упорство вызвано отнюдь не запросом рынка, то есть не желанием маленьких\n\nдевочек приобрести ""Барби-Палеонтолога"" или ""БарбиСтюардессу"", а социальным давлением, постоянно оказываемым на ""Маттел"" со стороны прессы и родителей. Если бы Барби не занималась чем-нибудь трудоемким и престижным для зарабатывания собственного хлеба, ""Маттел"" было бы гораздо труднее отражать атаки, связанные с консюмеризмом куклы и с ее навязчивой привычкой следовать моде; кроме того, было бы гораздо сложнее говорить о позитивном влиянии Барби в деле воспитания молодого поколения. В целом ряде случаев ""Маттел"" выдвигает эти вариации своей модной куколки вперед на манер щита. Одна умная, но скучно одетая Барби защищает целую плеяду своих красивых, расфуфыренных и легкомысленных сестер. Именно давление со стороны родителей, феминисток, педагогов и прессы заставляет ""Маттел"" постоянно прилагать большие усилия для того, чтобы взгляды Барби на работу и карьеру можно было считать передовыми и даже опережающими время. Любимый пример, приводимый компанией каждый раз, когда речь заходит о карьерных достижениях их куклы, - ""Барби-Астронавт"" производства 1965 года, ""полетевшая в космос задолго до того, как первая женщина действительно ступила на борт космического корабля"". Однако других особо ярких примеров такого рода у компании ""Маттел"" нет. Я с большим удовольствием потратила несколько дней, накладывая хронологию карьерного развития Барби на историю женского движения и в особенности на историю борьбы женщин за карьерное равноправие с 1959 года - года выпуска Барби и по сегодняшний день. Такое сравнение позволяет увидеть, что в плане карьеры Барби действует фактически так же, как она действует в плане моды, т.е. оказывается не лидером-провозвестником новых тенденций, а их легитимизатором и в некоторой мере барометром происходящего. Можно быть твердо уверенным, что если\n\nБарби начала развивать деятельность на том или ином поприще, то поприще это уже некоторое время надежно существует в качестве игровой площадки для женщин в реальном мире. Скажем, в 1956 году, т.е. в том году, когда Хендлер изобрела Барби (ей, как мы помним, потребовалось три года, чтобы уговорить своих партнеров начать выпускать куклу), журнал ""Life"" назвал ""идеалом американской женщины"" тридцатидвухлетнюю мать четверых детей, естественно, нигде не работающую. Однако за три года, прошедшие до выхода Барби на рынок, реальность сильно изменилась. Именно тогда, в конце 50-х, поднялась так называемая ""вторая волна женского движения"" (первую относят к 20 - 30-м годам прошлого века). Новые борцы за права женщин требовали уже не таких базовых вещей, как право голосования, посещения любых общественных заведений и осуществления финансовых операций, но подлинного равенства женщин и мужчин в самых разных областях деятельности. Крах американской мечты 50-х привел к тому, что все больше и больше женщин стали занимать рабочие места, до сих пор отводившиеся в основном мужчинам. Для семьи все существеннее становился заработок жены, превратившийся в полновесную составляющую семейного бюджета. К началу 60-х новые феминистки Америки смогли составить общее представление о ситуации с женским трудом в США. Ситуация была аховой: там, где мужчина получал за свою работу доллар, женщина получала за ту же работу 63 цента. В результате схлопывания военной индустрии женщины теряли места на фабриках и заводах, а частный сектор, переставший испытывать недостаток мужских рук, всегда предпочитал взять на вакантное место мужчину, а не женщину, - пусть мужчине и приходилось платить больше. В газетах объявлений сообщения о поиске работников были разделены на две категории: ""Женщины"" и ""Мужчины"". Только два процента\n\nпредставителей интеллектуальных профессий - врачей, адвокатов, судей, дантистов, инженеров, архитекторов были женщинами. Подавляющее большинство престижных университетов не допускало женщин на значительную часть факультетов или имело жесткую квоту: иногда 1 женщина на 50 абитуриентов. Все эти факторы определили направление нового витка борьбы за права женщин - это была борьба за равенство на рабочих местах. В 1959 - 1960 годах тема ""Женщины и карьера"" была одной из самых дебатируемых в прессе. Выходила масса статей ""за"" и ""против"" работающих женщин. Представительницы разных профессий шумно спорили в популярных ток-шоу с мужчинами, отстаивающими семейные ценности. Именно тогда впервые проявилась интересная тенденция, определявшая развитие карьеры Барби в течении как минимум трех десятилетий: ее профессиональные достижения всегда были связаны не так с конкретным положением дел на рынке женского труда и даже не так с какими-нибудь специфическими событиями позитивного и негативного толка в этой области, как с шумихой, возникающей вокруг тех или иных аспектов темы. Скажем, в 1960 году ""Маттел"" выпустила Busy Girl Barbie. Считалось, что она ""дизайнер моды"", т.е., с одной стороны, женщина как бы работающая и как бы занимающаяся креативной профессией, но в то же время никоим образом не преступающая границы традиционных женских занятий (как известно, мужчины-кутюрье стали довольно поздним приобретением XX века). До этого момента Барби существовала в совсем немногих вариациях: исходная Барби 1959 года была фотомоделью, у нее был купальник, свадебное платье, костюм балерины и еще один наряд для свободного времяпрепровождения. Однако Busy Girl сильно отличалась от предыдущих вариаций: на ней был твидовый костюм, длинные перчатки и строгая шапочка. По большому счету девочки\n\nмогли видеть в ней собственных мам - благо работающих мам именно в конце 50-х - начале 60-х стало больше, чем когда-либо в истории. Никаких особых аксессуаров у этой Барби не было. Если верить данным, опубликованным Национальной организацией женщин Америки, в начале 60-х очень и очень многие женщины зарабатывали себе на жизнь тяжелым физическим трудом, они были механиками, электриками, водителями автобусов и даже шахтерами. Но рабочая девушка Барби, естественно, не намеревалась надевать каску и рабочую куртку. Я не знаю, так ли одевались в те годы дизайнеры моды, но твидовый костюм, маленькая шапочка и длинные перчатки были фактически униформой девушек из хороших семей, желающих заняться чем-нибудь полезным, пока им не попадется подходящий кандидат в мужья. Так могла выглядеть любая секретарша, машинистка, переписчица, в лучшем случае учительница. Эта первая ""деловая Барби"" фактически заложила основу всей будущей карьеры Барби. И действительно, Барби всегда приобретала только профессии представительниц среднего класса, никогда не занималась физическим трудом и не бралась за плохо оплачиваемые профессии. Рынок вполне оправдывает такой подход: родители девочек из среднего класса видят такие профессии в качестве основных, а родители девочек из более бедных слоев населения видят в этих профессиях хорошие ориентиры. Busy Girl Barbie стала первой в череде бесконечных Барби - бизнес-леди, повторяющихся из года в год с разными аксессуарами и под разными названиями: Business Girl, Busy Woman, Business Executive, Working Girl, Office Barbie и т.д. Чем занимаются эти Барби, ""Маттел"" не уточняет, но так или иначе они демонстрируют некоторую четкую позицию: женщина может добиться высоких постов, а карьера - это классно и престижно.\n\nНовые карьерные вариации Барби, как уже было сказано, возникали тогда, когда общественность начинала муссировать тему рабочего статуса женщины, и исчезали, как только эту тему можно было начать игнорировать. Здесь сказался один из главных маркетинговых талантов ""Маттел"" - талант использовать конъюнктуру, запрыгивать на волну обсуждаемой модной темы и соскакивать с нее, когда волна начинает идти на убыль. Профессиональная деятельность Барби развивалась ровно по тем же законам. В 1961 году Элеонора Рузвельт встала во главе Комиссии по вопросам статуса женщин при правительстве Кеннеди. Этот факт наделал много шума, и в том же году Барби получила профессии дипломированной медсестры и стюардессы. В 1963 году комиссия Рузвельта после двух лет исследований опубликовала доклад о дискриминации женщин на рабочих местах, породив целую волну дебатов о допустимых и недопустимых профессиях для представительниц слабого пола. Публикуется Equal Pay Act - речь идет о том, что мужчины и женщины, занимающие одни и те же должности, должны получать равные зарплаты. В том же году ""Маттел"" выпускает Business Woman Barbie (она же называлась Career Girl Barbie). Через год к биллю о гражданских правах добавляется Седьмой параграф - ""против дискриминации при приеме на работу"". Он включает в себя запрет на дискриминацию по половому признаку, но ситуация остается двойственной: ни билль, ни новую поправку невозможно ратифицировать на местах, поскольку фактически отсутствует механизм контроля, заставляющий работодателя соблюдать навязанные ему правила. Женщины, борющиеся за равноправие на рабочих местах, становятся объектом постоянных насмешек и карикатур в прессе. Таким образом, тема существует, но однозначное отношение к ней не выработано. В результате в 1964 и 1965 годах Барби\n\nполучает целый ряд новых профессий, но все они носят очень осторожный и традиционный характер, а некоторые, по понятиям феминисток, заслуживают осуждения. Так, с одной стороны, Барби оказывается космонавтом (что, скорее, объясняется бешеным интересом к теме космоса), с другой - Барби оказывается чирлидером, мажореткой, редактором модного журнала, фотографом моды, учительницей географии и актрисой. В 1966 году она получает еще одну суперженскую профессию - стюардессы в ""Пан-Американ"". До 1972 года никаких особых крупных событий в борьбе женщин за право на свободную карьеру не происходит, и - сюрприз! - ""карьерные"" Барби исчезают. Но в 1972-м году все снова меняется: Конгресс утверждает Девятый параграф Образовательного кодекса - параграф о равных правах на образование. Кроме того, проводится запрет на сегрегированные объявления о найме рабочей силы теперь все объявления должны печататься без специфического указания на предназначение должности для женщин или для мужчин. Девятый параграф означает, что учебные заведения должны отменить квоту на поступление для женщин и отменить запрет принимать женщин на те или иные факультеты. Соответственно, огромное количество представительниц ОтнынеСильного Пола подают заявки на изучение медицины или юриспруденции. Опять бум в прессе, и ""Маттел"" выпускает ""Барби-Хирурга"", очередной раз продемонстрировав свое поразительное умение держать нос по ветру. С 1973 по 1978 год, т.е. на протяжении пяти лет, Барби фактически не занимается своей карьерой - она отдает все свои силы спорту. Говоря конкретно, Барби становится олимпийской чемпионкой: к олимпиаде 1975 года ""Маттел"" выпускает ""Барби-Золотую-медалистку"", ""Барби-Лыжницу"", ""Барби-Конькобежца"" и ""БарбиПловчиху"" - все они выходят в серии ""Олимпийская\n\nБарби"". Однако в 1977 году тема ""женщины и профессия"" возвращается в большой мир: Национальная женская конференция в Техасе собирает невероятное количество участников - 20 тысяч. Тут же на свет появляется ""Барби с утра и до вечера"" (Day & Night Barbie), которую представляют как business executive - ""ответственного руководителя"". Эта же модель перерождается спустя семь лет, в 1985 году, в Business Executive Barbie. С этого момента карьерный рост Барби становится практически непрерывным. Дело в том, что 80-е стали годами окончательной победы деловых женщин. Многочисленные нововведения, облегчающие уход за детьми, социальные структуры, позволяющие матерям работать полный день, нарушение семейных сценариев, в результате которых распад брака становится обыденной ситуацией, что заставляет мать-одиночку постоянно работать с целью обеспечить себя и своих детей, плюс плохо соблюдающаяся, но все же существующая правовая основа, создающая равные условия для работающих женщин и мужчин, - все это окончательно формирует ситуацию, в которой работа становится совершенно неотъемлемой частью жизни женщин. Золотая девочка компании ""Маттел"" тоже берется за ум. С этого момента мы получаем хотя бы одну ""карьерную"" Барби едва ли не каждый год. Например, для женщин все чаще открываются вакансии, раньше доступные только мужчинам, и в конце 80-х - начале 90-х годов телевидение начинает создавать моду на женщинвоенных и женщин-полицейских. Это карьерное направление становится постоянным в мире Барби: оно тем выгоднее для ""Маттел"", что позволяет подчеркнуть патриотизм куклы. В 1989 году выпускается первая Барби в стиле милитари - так называемая Army Barbie. С 1990 года ее военная и полицейская карьера обретает конкретику: мы получаем капитана военно-воздушных сил, в 1991 году - офицера флота, в 1993 году -\n\nодновременно военврача и полицейского, в 1994 году командира летного эскадрона. Причина: огромный интерес общественности к теме армии, вызванный войной в Персидском заливе и ее последствиями. Потом война закончилась, тема армии перестала особо интересовать публику на несколько лет, и Барби оставила свои милитаристские замашки вплоть до 2000 года, когда армейская тема опять оказалась у всех на устах в связи с иракскими событиями. ""Маттел"" немедленно произвела на свет ""Барби-Паратрупера"" в комплекте с аптечкой первой помощи (Барби и Кен - паратруперы продаются в коробках, на задней стенке которых изображены... барханы). Другой пример: в 1992 году из-за обилия женщин, баллотирующихся на государственные посты, пресса заговорила о ""годе женщин"". В том же году мы получили ""Барби-Кандидата-в-президенты"", чей деловой костюм ""одним движением руки"" превращался в вечернее платье со звездами и полосами. Нам сообщалось, что ""Барби отправляется на инаугурационный бал"". Подобную же оперативность ""Маттел"" демонстрирует в 1994 году. Тогда был принят билль о гендерном равенстве в образовании и американское правительство сформулировало позицию, требующую поощрять в девушках интерес к разнообразию в выборе карьеры, в частности - к математике, естественным наукам и тому подобным ""мальчиковым"" сферам деятельности. ""Маттел"" немедленно выпустила целых пять профессиональных Барби: командир летного эскадрона, астронавт, педиатр, ветеринар и пожарник, профессии, по большей части традиционно занимаемые мужчинами. И все-таки проявления доброй воли в чистом виде было недостаточно: существовало слишком много желающих обвинять Барби во всех смертных грехах и, в частности, в проблемах, связанных с социальным статусом женщины. На слишком широкие плечи этой\n\nкуклы со слишком узкой талией возлагали ответственность за неврозы, связанные с восприятием собственной внешности, за женский консюмеризм, одновременно за сексуальную распущенность и сексуальную неудовлетворенность женщин, за то, что мужчины видят в блондинках безмозглых бимбо, и за прочие женские беды и напасти. После того как в 1998 году компания сделала Барби чуть более реалистичной, несколько расширив талию и уменьшив грудь куклы, пришло время еще раз сделать заявку насчет готовности Барби учить девочек прогрессивным идеалам. В 1999 году ""Маттел"" сделала огромную кампанию за пропаганду нового имиджа куклы. Кампания называлась: ""Be anything"". ""Маттел"" подписала контракт с компанией Girls Incorporated, прежде называвшейся ""Girls Club of America"" - крупнейшей организацией для девочек в США (следом за ней по численности участниц идет правильно! - Клуб Любительниц Барби). С этого момента, заявила ""Маттел"", ""все усилия будут сосредоточены не на куклах, а на самих девочках"". Рекламы демонстрировали, что девочка может стать хоккейным вратарем, игроком в теннис, астронавтом, компьютерным инженером словом, фактически кем угодно. Разъяренные феминистки обвинили Girls Incorporated в продажности: мол, всегда было известно, что Барби только притворяется карьерной куклой, а на самом деле торгует консюмеризмом и консервативностью в то время, как Girls Incorporated изначально заявляла, что намерена настраивать девочек на свободу выбора и на осознание своего права заниматься любым делом по своему вкусу. Я помню публикации, в которых противницы союза ""Маттел"" и GI с горечью писали: ""Нет лучшего способа победить своего врага, чем подкупить его"". Так или иначе союз возник. С этого момента ""Маттел"" продвигала как бы не кукол, а новые ценности: право мечтать о достижениях, право играть в любые игры и побеждать. Совместно две\n\nдевичьих организации проводили акции по профессиональному ориентированию, телешоу, круглые столы. ""Маттел"" выпустила новую игровую серию кукол под названием: ""I can be"" - целых шесть карьерных кукол в один год. В этой серии появилась - ""Барби-Пилот"", опять ""Барби-Working-Woman"" (с ноутбуком, мобильным телефоном и неопределимой сферой деятельности), ""Барби-Учительница-языка-жестов"" (со сгибающимися пальчиками), ""Барби-Футболистка"", ""Барби-Сыщик"" и ""Барби-Игрок-в-бейсбол-из-высшей-лиги"". Правда, в этом же году были выпущены на заказ ""Барби-Официантка"" (для компании ""Кока-Кола"") и ""Барби-Косметолог"" (для компании ""Эйвон""). В 2000 году серия продолжилась; появилась ""Барби-Педиатр"", ""Барби-Учительницавождения"" и ""Барби-Учительница рисования"". Но самым интересным дополнением к карьерной линии ""Маттел"" стала ""Барби-Президент-США"", если верить рекламному плакату, ""готовая приступить к работе в Овальном офисе"". В свете близящихся президентских выборов кукла раскупалась на ура. Последний на сегодняшний день карьерный рывок Барби совершила в 2002 году. С тех пор никакого особого интереса в профессиональной деятельности у этой куклы не наблюдалось. С тех пор появилась только одна Барби, которую можно было бы причислить к профессиональным: в 2004 году ""Маттел"" выпустила в серии ""Happy family"" Барби под названием ""Baby Doctor"" - короче говоря, специалист по неонатальной медицине. Ей предстояло возиться с новорожденным младенцем подруги Мидж. На официальном сайте Барби существует трудно находимый раздел ""I can be"", так или иначе посвященный будущим карьерным занятиям девочек. Здесь предлагается пять вариантов профессий: врач, художник, учитель рисования, балерина и фигуристка как видим, ничего радикального. Сторонницы билля о гендерном равенстве в образовании имеют полное право\n\nупрекать Барби в ограниченности и консервативности: здесь нет профессий хакера, архитектора, машиниста и финансового аналитика. Но в то же время профессии, присутствующие в списке на сайте, во-первых, требуют серьезного труда, а во-вторых, связаны с творческим самовыражением. Правда, в этом списке, как в психометрическом тесте, вызывает подозрение слово ""доктор"" - оно кажется лишним в ряду и, видимо, является очередным примером защитного буфера. Впрочем, если смотреть на более или менее полный список профессий Барби за все годы ее существования, то в целом невозможно упрекнуть ее в потакании сугубо женским занятиям, особенно в последнее время. Мажоретка и чирлидер могут вызвать возмущение у тех, для кого эти занятия сами по себе ассоциируются с тупоголовыми блондинками, но в целом традиционные упреки в адрес Барби сейчас кажутся мне несколько необоснованными. Если что-то и вызывает у меня неприязнь, то это, скорее, не выбор кукольных профессий как таковой, а то, как все эти профессии подаются. Тут ситуация похожа на уже рассмотренную ситуацию с деньгами: совершенно непонятно, откуда что берется. Создается такое впечатление, что Барби приобретает новые профессии так же, как она приобретает новые машины - по щучьему велению, по своему хотению. Она не знает не только трудностей, связанных с получением той или иной профессии, но и трудностей, связанных с профессиональной практикой. В ее деятельности нет элементов труда или усталости. В любом из ее занятий вообще нет отрицательных или неприятных сторон. Начинает казаться, что доктор Барби никогда в жизни не видела ни крови, ни смерти, а Барби-следователь напоминает Айс Вентуру - сыщика по делам домашних животных, а не реального следователя, постоянно имеющего дело с самыми неприглядными сторонами\n\nжизни. Когда я узнала, что ""Маттел"" выпустила Барбипалеонтолога, во мне затеплилась надежда: в конце концов, вот уж профессия, в которой основные аксессуары - пыль да кости. Но выяснилось, что Барби в роли исследователя прошлого выкапывает из земли не окаменелости и не останки мертвых животных, а целых разноцветных динозавриков. В общем, о Барби как об инструменте профессионального ориентирования не может быть и речи, что бы ""Маттел"" ни говорила. Нигде, никогда, никаким образом нам не рассказывают о причинах, по которым Барби выбирает ту или иную карьеру. Нам обычно не говорят о талантах или наклонностях, которыми надо обладать для выполнения тех или иных профессиональных обязанностей, не описывают путь, который необходимо пройти для получения соответствующих навыков. Нам не рассказывают о том, как устроены трудовые будни того же дантиста, или палеонтолога, или даже редактора модного журнала. Типичная сцена из журнальчиков про Барби - Барбидоктор держит за ручку очередного пациента, который благодарит ее не за лечение, связанное, как уже было сказано, с неприятными процедурами, а за добрый совет по поводу сохранения и без того прекрасного здоровья. Так что о профессиональном ориентировании речь не идет - максимум речь идет о некотором условном и очень поверхностном стимулировании интереса к той или иной профессии. Впрочем, меня не оставляет ощущение, что и этого более чем достаточно. Все карьерные Барби делаются, как уже говорилось, не для самих девочек, а для их родителей. Девочки хотят играть в принцесс или в вечеринки и переодевать своих кукол из одной одежки в другую. Если у их мам и пап становится легче на душе от присутствия в наборе некоего подобия зеленой формы хирурга или строгой полицейской униформы, ""Маттел""\n\nготова производить и промотировать такие вариации куклы. Каждая из них стоит от 10 до 25 долларов, и если родители, озабоченные будущим девочки, подарят ей на Новый год Барби-палеонтолога, это будет лучше, чем если озабоченные ее будущим родители не подарят своей дочери ни единой Барби вообще. И в этом аспекте, как и во всех остальных, мир Барби создается исключительно по запросам и требованиям мира вокруг Барби.\n\nЧасть третья\n\nМИР ВОКРУГ БАРБИ', 'query': 'Mattel Barbie sales data career dolls vs fashion dolls comparison', 'supports_claim': True}]}, 'audience': '# Аудитория\n\n* **Кто (коротко):** дизайнеры, арт-директора, иллюстраторы, аниматоры,\n  режиссёры, фотографы, стилисты, модельеры, контент-креаторы и\n  SMM-специалисты 20–40 лет. Люди, которые профессионально или\n  полупрофессионально создают визуал, следят за современными трендами, но не\n  всегда имеют системное образование в истории искусства, анимации и моды.\n\n* **Что УЖЕ знают:** умеют собирать референсы и мудборды, отличают актуальный\n  визуал от устаревшего, понимают базовые принципы композиции, цвета,\n  стилизации и производства контента. Знают Ван Гога, Леонардо, Микеланджело,\n  сюрреализм, Баухаус, поп-арт, Disney, Pixar, McQueen, Margiela, Mugler и\n  Gaultier, но чаще как визуальные маркеры, чем исторический процесс. Знакомы\n  с нейросетями, генерацией изображений, промптами и референсами.\n\n* **Чего не знают, но стыдно не знать:** кто придумал знакомый приём, кто на\n  кого повлиял и почему стиль считался радикальным. Не всегда различают\n  авангард, деконструкцию, провокацию, цитату, оммаж и копирование. Особенно\n  болезненен вопрос: почему современный тренд выглядит именно так и где это\n  уже было раньше.\n\n* **Что даёт им статус в их среде:** редкий, но понятный референс, связанный с\n  актуальным проектом; происхождение приёма, силуэта, анимационной техники или\n  эстетики; архивный кейс и точный термин, которые можно утащить в презентацию,\n  концепцию, мудборд или защиту идеи.\n\n* **От чего устали:** от «пяти фактов», Википедии, школьных биографий,\n  стерильного Pinterest-визуала и эстетичных нарезок без мысли. От фраз\n  «мода циклична», «авангард нарушает правила», «анимация не только детская»\n  без конкретного кейса. От снобизма, культурного шейминга и споров «ИИ всё\n  сделает / ИИ тупой».\n\n* **Как говорят между собой:** дружелюбно, неформально и профессионально:\n  «реф», «визуал», «насмотренность», «мудборд», «кейс», «кампейн»,\n  «продакшн», «арт-дирекшен», «стилизация», «силуэт», «архив»,\n  «деконструкция», «цитата», «оммаж». Говорят: «это считывается»,\n  «слишком буквально», «выглядит собранно», «хороший реф», «это уже было»,\n  «идея сильнее исполнения», «можно утащить в проект». Тон — опытный коллега,\n  который нашёл сильный архивный кейс и рассказывает о нём команде.', 'story_brief': {'claim_id': 'barbie-careers-pr-shield', 'main_thought': 'Карьерные Барби были репутационным щитом, а не образовательным инструментом. Mattel выпускала и убивала профессиональные куклы в точной синхронизации с американскими медиа-волнами о правах женщин: когда пресса обсуждала «женщин и карьеру» — появлялась новая Барби-хирург; когда тема затихала — карьерные куклы исчезали на годы. Одна скучно одетая Барби-врач защищала всю линейку легкомысленных кукол ', 'recommended_method': 'a_vot_nifiga', 'alternative_methods': ['bylo_stalo', 'odna_detal'], 'hook_trigger': '', 'opening': 'За сорок шесть лет Барби освоила больше семи десятков профессий — но ни одна не вышла по запросу ребёнка. Каждая карьерная кукла появлялась ровно тогда, когда в прессе поднималась волна о правах женщин, и исчезала, как только тема затихала.', 'audience_reason': 'Для дизайнеров и арт-директоров это кейс о том, как визуальный продукт использует одну «умную» вариацию как репутационный щит для всей линейки — паттерн, который прямо сейчас работает в брендинге и продакшене, но редко осознаётся как стратегия', 'share_reason': 'Концепция «репутационного щита» — острый, переносимый инсайт: можно посмотреть на любой бренд и найти его «Барби-палеонтолога», существующего не для покупателя, а для критика', 'research_queries': ['Mattel Barbie career timeline 1959–2005 complete list with release dates', 'Girls Incorporated Mattel partnership 1999 «Be anything» campaign feminist criticism reactions', 'Barbie military line Gulf War 1989–2000 production timeline and sales data', 'Mattel Barbie sales data career dolls vs fashion dolls comparison'], 'proof_plan': ['В 1960 году, когда тема «женщины и карьера» стала самой дебатируемой в американской прессе, Mattel выпустила Busy Girl Barbie в твидовом костюме с длинными перчатками — первую деловую куклу; когда с 1972 по 1977 год тема равноправия на работе утихла, карьерные Барби полностью исчезли из производства на пять лет', 'Барби-палеонтолог, вместо того чтобы выкапывать окаменелости и останки животных, достаёт из земли целых разноцветных динозавриков — в её профессиональной деятельности нет ни труда, ни усталости, ни крови, ни смерти; доктор Барби держит пациента за ручку и даёт советы по сохранению и без того прекрасного здоровья', 'Когда Mattel в 1999 году заключила партнёрство с Girls Incorporated — крупнейшей организацией для девочек в США — и запустила кампанию «Be anything», разъярённые феминистки обвинили организацию в продажности: «Нет лучшего способа победить своего врага, чем подкупить его»'], 'idea_pitch': 'Я бы показала, как этот паттерн — «один умный продукт защищает всю легкомысленную линейку» — работает прямо сейчас. А если взять любой современный бренд и найти его «Барби-палеонтолога» — тот самый прогрессивный, скучно одетый продукт, который существует не ради покупателя, а рад', 'ending_type': 'formula'}, 'must_include': {'proof_plan': ['В 1960 году, когда тема «женщины и карьера» стала самой дебатируемой в американской прессе, Mattel выпустила Busy Girl Barbie в твидовом костюме с длинными перчатками — первую деловую куклу; когда с 1972 по 1977 год тема равноправия на работе утихла, карьерные Барби полностью исчезли из производства на пять лет', 'Барби-палеонтолог, вместо того чтобы выкапывать окаменелости и останки животных, достаёт из земли целых разноцветных динозавриков — в её профессиональной деятельности нет ни труда, ни усталости, ни крови, ни смерти; доктор Барби держит пациента за ручку и даёт советы по сохранению и без того прекрасного здоровья', 'Когда Mattel в 1999 году заключила партнёрство с Girls Incorporated — крупнейшей организацией для девочек в США — и запустила кампанию «Be anything», разъярённые феминистки обвинили организацию в продажности: «Нет лучшего способа победить своего врага, чем подкупить его»'], 'idea_pitch': 'Я бы показала, как этот паттерн — «один умный продукт защищает всю легкомысленную линейку» — работает прямо сейчас. А если взять любой современный бренд и найти его «Барби-палеонтолога» — тот самый прогрессивный, скучно одетый продукт, который существует не ради покупателя, а рад', 'hook_draft': 'За сорок шесть лет Барби освоила больше семи десятков профессий — но ни одна не вышла по запросу ребёнка. Каждая карьерная кукла появлялась ровно тогда, когда в прессе поднималась волна о правах женщин, и исчезала, как только тема затихала.', 'structure': ['hook 1-2 sentences', 'facts/history/visual with connective tissue', 'idea pitch Я бы / А если', 'formula or question'], 'never_in_speech': ['автор книги', 'название книги', 'читаю у…', 'по данным исследования']}, 'story_method': {'id': 'a_vot_nifiga', 'name': 'А вот нифига!', 'suits': 'Очевидный вывод оказывается ложным; нужен переворот.'}, 'word_limit': {'min': 150, 'max': 300}}","За сорок шесть лет Барби освоила больше семи десятков профессий — от астронавта до президента. А вот нифига: ни одна из этих кукол не вышла по запросу ребёнка.

Смотри, как это работало. В 1960 году тема «женщины и карьера» стала самой дебатируемой в американской прессе — и тут же выходит Busy Girl Barbie в твидовом костюме, с длинными перчатками и строгой шапочкой. По сути — униформа секретарши из хорошей семьи, которая чем-то занята, пока не поймает мужа. Дальше ещё жёстче: с 1972 по 1977 год тема равноправия на работе утихла — и карьерные Барби просто испарились на пять лет. Конгресс принимает закон о равных правах на образование — бац, Барби-хирург на полках. Война в Заливе — Army Barbie. Ирак 2000-го — Барби-паратрупер с аптечкой, на коробке барханы нарисованы.

И смысл в том, что одна скучно одетая Барби-врач защищала целую плеяду расфуфыренных сестёр. Это репутационный щит. А внутри щита — пустота. Барби-палеонтолог выкапывает не окаменелости, а разноцветных динозавриков. Доктор Барби держит пациента за ручку и даёт советы по сохранению и без того прекрасного здоровья. Ни крови, ни усталости, ни труда. В 1999 году Mattel подписала контракт с Girls Incorporated — крупнейшей организацией для девочек в Америке — и запустила кампанию «Be anything». Феминистки были в ярости: «Нет лучшего способа победить своего врага, чем подкупить его».

Я бы показала, как этот паттерн работает прямо сейчас. А если взять любой современный бренд и найти его «Барби-палеонтолога» — тот самый прогрессивный, скучно одетый продукт, который существует не ради покупателя, а ради критика?

Репутационный щит: один «умный» продукт прикрывает всю легкомысленную линейку.",
4,E-check,glm-5.2,"Ты — фактчекер и редактор озвучки личного ролика.

Сверь монолог с первичным текстом и сетевыми подтверждениями: найди выдуманные
даты, имена, атрибуции и выводы шире доказательства. Представь, что зритель
поверхностно гуглит каждую фактическую фразу.

Отдельно зафиксируй как issue (с цитатой), если:
- в речи назван автор/книга/«читаю у…»/«по данным исследования» — источники
  не для озвучки;
- имя человека без роли в том же предложении (непонятно, кто это и зачем);
- хук длиннее 2 предложений до первого жёсткого факта;
- нет живых связок: текст звучит как рубленый список тезисов;
- нет блока идеи с маркером «Я бы…» / «А если…?» — личный питч обязателен;
- меньше трёх конкретных незаменимых деталей.

Цитируй проблемные фразы. Не переписывай монолог.
Верни JSON MonologueCheck.","{'monologue': {'claim_id': 'barbie-careers-pr-shield', 'text': 'За сорок шесть лет Барби освоила больше семи десятков профессий — от астронавта до президента. А вот нифига: ни одна из этих кукол не вышла по запросу ребёнка.\n\nСмотри, как это работало. В 1960 году тема «женщины и карьера» стала самой дебатируемой в американской прессе — и тут же выходит Busy Girl Barbie в твидовом костюме, с длинными перчатками и строгой шапочкой. По сути — униформа секретарши из хорошей семьи, которая чем-то занята, пока не поймает мужа. Дальше ещё жёстче: с 1972 по 1977 год тема равноправия на работе утихла — и карьерные Барби просто испарились на пять лет. Конгресс принимает закон о равных правах на образование — бац, Барби-хирург на полках. Война в Заливе — Army Barbie. Ирак 2000-го — Барби-паратрупер с аптечкой, на коробке барханы нарисованы.\n\nИ смысл в том, что одна скучно одетая Барби-врач защищала целую плеяду расфуфыренных сестёр. Это репутационный щит. А внутри щита — пустота. Барби-палеонтолог выкапывает не окаменелости, а разноцветных динозавриков. Доктор Барби держит пациента за ручку и даёт советы по сохранению и без того прекрасного здоровья. Ни крови, ни усталости, ни труда. В 1999 году Mattel подписала контракт с Girls Incorporated — крупнейшей организацией для девочек в Америке — и запустила кампанию «Be anything». Феминистки были в ярости: «Нет лучшего способа победить своего врага, чем подкупить его».\n\nЯ бы показала, как этот паттерн работает прямо сейчас. А если взять любой современный бренд и найти его «Барби-палеонтолога» — тот самый прогрессивный, скучно одетый продукт, который существует не ради покупателя, а ради критика?\n\nРепутационный щит: один «умный» продукт прикрывает всю легкомысленную линейку.', 'word_count': 257, 'story_method': 'a_vot_nifiga', 'ending_type': 'formula'}, 'source_material': 'Горалик · Полая женщина · глава 9: Глава девятая. Девушки могут все: занятия и профессии Барби\n\nИсточник: Линор Горалик, «Полая женщина: Мир Барби изнутри и снаружи» (НЛО, 2005).\n\nГлава девятая\n\nДЕВУШКИ МОГУТ ВСЕ: ЗАНЯТИЯ И ПРОФЕССИИ БАРБИ\n\nТо, как Барби проводит время, невольно заставляет думать о серьезных психологических проблемах этой юной девушки, впрочем частично объясняющихся отсутствием у нее добрых и любящих родителей. Барби испытывает мучительную потребность во внешней\n\nоценке и внешнем одобрении, что постоянно толкает ее на все новые и новые социальные и карьерные достижения. Она фантастически, невыносимо экстравертна и явно не способна хоть на пять минут остаться одна. О времяпрепровождении Барби мы узнаем из описания новых выходящих на рынок моделей, ""Барбикниг"" и посвященных этой кукле журналов. Удивительным образом бесконечная череда вечеринок, туристических поездок и походов в кафе с друзьями не помешала Барби освоить более семи десятков профессий за последние сорок шесть лет. Составить полный список всех карьерных достижений Барби практически невозможно: довольно большое количество таких моделей было выпущено ""Маттел"" не для общего рынка, а для каких-нибудь крупных торговых марок или для сетей универсальных магазинов. Например, существовала Барби - продавщица кока-колы, сделанная соответственно по заказу корпорации ""Кока-Кола"", и Барби распространительница продуктов компании Avon, сделанная по заказу Avon Cosmetics. Особая Барби была произведена ""Маттел"" к юбилею сети игрушечных магазинов ""Toys Are Us"", специально разработанная маленькая Барби продавалась в ""Макдоналдсе"" - словом, примеров хватает Все ""профессиональные"" Барби принадлежат игровой линии Если я не ошибаюсь, карьерные Барби никогда не выпускались в коллекционных сериях, кроме нескольких куколок в серии ""Silkstone"", скажем, ""БарбиРедактор-раздела-моды"" и ""Кен-Инсайдер-моднойиндустрии"". Помню, что мой собственный вопрос о коллекционных Барби-""профессионалках"" не вызвал энтузиазма на форуме собирателей куклы. Я готова предположить, что дело здесь не только в том и даже далеко не в том, что для профессиональной Барби невозможно создать роскошный наряд, - в конце концов\n\nБоб Мэки наверняка прекрасно одел бы ""БарбиУкротительницу-львов"" или ""Барби-Флориста"". Просто профессиональная Барби, видимо, не очень интересует взрослых коллекционеров, потому что им за глаза и за уши хватает собственной профессиональной деятельности. Они, я полагаю, не видят особой радости в том, чтобы тащить домой куклу-бизнесмена или куклуврача. Но гораздо больше нам говорит тот факт, что в ""профессиональных"" Барби не слишком заинтересованы не только взрослые, но и дети. Дети вообще редко играют в конкретные профессии, кроме знаменитой игры в доктора, которая, как известно, преследует цели, далекие от профориентации. Бывают, конечно, игры в спасателей, пожарников или милицию и воров, но и здесь, как мы все понимаем, о развитии вкуса к будущей профессии речь не идет. Иногда дети играют в профессии, которыми занимаются их родители, самым поверхностным образом имитируя известные им элементы этих профессий с целью отыграть те или иные жизненные ситуации. Мне трудно представить себе, что мои собственные племянники ни с того ни с сего устроят серьезную и целенаправленную игру в палеонтологов или программистов. Игра в ветеринара может иметь тяжелые последствия для кошки и вряд ли напрямую связана с желанием как следует понять основы этой благородной профессии. Девочки предаются ""профессиональным"" играм еще реже, чем мальчики. Я рискну предположить, что большинство девочек предпочтет получить в подарок ""Барби-Принцессу"", ""Барби-День-рождения"", ""Барбиидет-на-пляж"" или ""Барби-катается-на-роликовыхконьках"", а не ""Барби-Дантиста"" или ""Барби-Бизнеследи"". Не сомневаюсь, что компания ""Маттел"" прекрасно это понимает, - и все-таки выпускать карьерных Барби ей приходится постоянно. Такое упорство вызвано отнюдь не запросом рынка, то есть не желанием маленьких\n\nдевочек приобрести ""Барби-Палеонтолога"" или ""БарбиСтюардессу"", а социальным давлением, постоянно оказываемым на ""Маттел"" со стороны прессы и родителей. Если бы Барби не занималась чем-нибудь трудоемким и престижным для зарабатывания собственного хлеба, ""Маттел"" было бы гораздо труднее отражать атаки, связанные с консюмеризмом куклы и с ее навязчивой привычкой следовать моде; кроме того, было бы гораздо сложнее говорить о позитивном влиянии Барби в деле воспитания молодого поколения. В целом ряде случаев ""Маттел"" выдвигает эти вариации своей модной куколки вперед на манер щита. Одна умная, но скучно одетая Барби защищает целую плеяду своих красивых, расфуфыренных и легкомысленных сестер. Именно давление со стороны родителей, феминисток, педагогов и прессы заставляет ""Маттел"" постоянно прилагать большие усилия для того, чтобы взгляды Барби на работу и карьеру можно было считать передовыми и даже опережающими время. Любимый пример, приводимый компанией каждый раз, когда речь заходит о карьерных достижениях их куклы, - ""Барби-Астронавт"" производства 1965 года, ""полетевшая в космос задолго до того, как первая женщина действительно ступила на борт космического корабля"". Однако других особо ярких примеров такого рода у компании ""Маттел"" нет. Я с большим удовольствием потратила несколько дней, накладывая хронологию карьерного развития Барби на историю женского движения и в особенности на историю борьбы женщин за карьерное равноправие с 1959 года - года выпуска Барби и по сегодняшний день. Такое сравнение позволяет увидеть, что в плане карьеры Барби действует фактически так же, как она действует в плане моды, т.е. оказывается не лидером-провозвестником новых тенденций, а их легитимизатором и в некоторой мере барометром происходящего. Можно быть твердо уверенным, что если\n\nБарби начала развивать деятельность на том или ином поприще, то поприще это уже некоторое время надежно существует в качестве игровой площадки для женщин в реальном мире. Скажем, в 1956 году, т.е. в том году, когда Хендлер изобрела Барби (ей, как мы помним, потребовалось три года, чтобы уговорить своих партнеров начать выпускать куклу), журнал ""Life"" назвал ""идеалом американской женщины"" тридцатидвухлетнюю мать четверых детей, естественно, нигде не работающую. Однако за три года, прошедшие до выхода Барби на рынок, реальность сильно изменилась. Именно тогда, в конце 50-х, поднялась так называемая ""вторая волна женского движения"" (первую относят к 20 - 30-м годам прошлого века). Новые борцы за права женщин требовали уже не таких базовых вещей, как право голосования, посещения любых общественных заведений и осуществления финансовых операций, но подлинного равенства женщин и мужчин в самых разных областях деятельности. Крах американской мечты 50-х привел к тому, что все больше и больше женщин стали занимать рабочие места, до сих пор отводившиеся в основном мужчинам. Для семьи все существеннее становился заработок жены, превратившийся в полновесную составляющую семейного бюджета. К началу 60-х новые феминистки Америки смогли составить общее представление о ситуации с женским трудом в США. Ситуация была аховой: там, где мужчина получал за свою работу доллар, женщина получала за ту же работу 63 цента. В результате схлопывания военной индустрии женщины теряли места на фабриках и заводах, а частный сектор, переставший испытывать недостаток мужских рук, всегда предпочитал взять на вакантное место мужчину, а не женщину, - пусть мужчине и приходилось платить больше. В газетах объявлений сообщения о поиске работников были разделены на две категории: ""Женщины"" и ""Мужчины"". Только два процента\n\nпредставителей интеллектуальных профессий - врачей, адвокатов, судей, дантистов, инженеров, архитекторов были женщинами. Подавляющее большинство престижных университетов не допускало женщин на значительную часть факультетов или имело жесткую квоту: иногда 1 женщина на 50 абитуриентов. Все эти факторы определили направление нового витка борьбы за права женщин - это была борьба за равенство на рабочих местах. В 1959 - 1960 годах тема ""Женщины и карьера"" была одной из самых дебатируемых в прессе. Выходила масса статей ""за"" и ""против"" работающих женщин. Представительницы разных профессий шумно спорили в популярных ток-шоу с мужчинами, отстаивающими семейные ценности. Именно тогда впервые проявилась интересная тенденция, определявшая развитие карьеры Барби в течении как минимум трех десятилетий: ее профессиональные достижения всегда были связаны не так с конкретным положением дел на рынке женского труда и даже не так с какими-нибудь специфическими событиями позитивного и негативного толка в этой области, как с шумихой, возникающей вокруг тех или иных аспектов темы. Скажем, в 1960 году ""Маттел"" выпустила Busy Girl Barbie. Считалось, что она ""дизайнер моды"", т.е., с одной стороны, женщина как бы работающая и как бы занимающаяся креативной профессией, но в то же время никоим образом не преступающая границы традиционных женских занятий (как известно, мужчины-кутюрье стали довольно поздним приобретением XX века). До этого момента Барби существовала в совсем немногих вариациях: исходная Барби 1959 года была фотомоделью, у нее был купальник, свадебное платье, костюм балерины и еще один наряд для свободного времяпрепровождения. Однако Busy Girl сильно отличалась от предыдущих вариаций: на ней был твидовый костюм, длинные перчатки и строгая шапочка. По большому счету девочки\n\nмогли видеть в ней собственных мам - благо работающих мам именно в конце 50-х - начале 60-х стало больше, чем когда-либо в истории. Никаких особых аксессуаров у этой Барби не было. Если верить данным, опубликованным Национальной организацией женщин Америки, в начале 60-х очень и очень многие женщины зарабатывали себе на жизнь тяжелым физическим трудом, они были механиками, электриками, водителями автобусов и даже шахтерами. Но рабочая девушка Барби, естественно, не намеревалась надевать каску и рабочую куртку. Я не знаю, так ли одевались в те годы дизайнеры моды, но твидовый костюм, маленькая шапочка и длинные перчатки были фактически униформой девушек из хороших семей, желающих заняться чем-нибудь полезным, пока им не попадется подходящий кандидат в мужья. Так могла выглядеть любая секретарша, машинистка, переписчица, в лучшем случае учительница. Эта первая ""деловая Барби"" фактически заложила основу всей будущей карьеры Барби. И действительно, Барби всегда приобретала только профессии представительниц среднего класса, никогда не занималась физическим трудом и не бралась за плохо оплачиваемые профессии. Рынок вполне оправдывает такой подход: родители девочек из среднего класса видят такие профессии в качестве основных, а родители девочек из более бедных слоев населения видят в этих профессиях хорошие ориентиры. Busy Girl Barbie стала первой в череде бесконечных Барби - бизнес-леди, повторяющихся из года в год с разными аксессуарами и под разными названиями: Business Girl, Busy Woman, Business Executive, Working Girl, Office Barbie и т.д. Чем занимаются эти Барби, ""Маттел"" не уточняет, но так или иначе они демонстрируют некоторую четкую позицию: женщина может добиться высоких постов, а карьера - это классно и престижно.\n\nНовые карьерные вариации Барби, как уже было сказано, возникали тогда, когда общественность начинала муссировать тему рабочего статуса женщины, и исчезали, как только эту тему можно было начать игнорировать. Здесь сказался один из главных маркетинговых талантов ""Маттел"" - талант использовать конъюнктуру, запрыгивать на волну обсуждаемой модной темы и соскакивать с нее, когда волна начинает идти на убыль. Профессиональная деятельность Барби развивалась ровно по тем же законам. В 1961 году Элеонора Рузвельт встала во главе Комиссии по вопросам статуса женщин при правительстве Кеннеди. Этот факт наделал много шума, и в том же году Барби получила профессии дипломированной медсестры и стюардессы. В 1963 году комиссия Рузвельта после двух лет исследований опубликовала доклад о дискриминации женщин на рабочих местах, породив целую волну дебатов о допустимых и недопустимых профессиях для представительниц слабого пола. Публикуется Equal Pay Act - речь идет о том, что мужчины и женщины, занимающие одни и те же должности, должны получать равные зарплаты. В том же году ""Маттел"" выпускает Business Woman Barbie (она же называлась Career Girl Barbie). Через год к биллю о гражданских правах добавляется Седьмой параграф - ""против дискриминации при приеме на работу"". Он включает в себя запрет на дискриминацию по половому признаку, но ситуация остается двойственной: ни билль, ни новую поправку невозможно ратифицировать на местах, поскольку фактически отсутствует механизм контроля, заставляющий работодателя соблюдать навязанные ему правила. Женщины, борющиеся за равноправие на рабочих местах, становятся объектом постоянных насмешек и карикатур в прессе. Таким образом, тема существует, но однозначное отношение к ней не выработано. В результате в 1964 и 1965 годах Барби\n\nполучает целый ряд новых профессий, но все они носят очень осторожный и традиционный характер, а некоторые, по понятиям феминисток, заслуживают осуждения. Так, с одной стороны, Барби оказывается космонавтом (что, скорее, объясняется бешеным интересом к теме космоса), с другой - Барби оказывается чирлидером, мажореткой, редактором модного журнала, фотографом моды, учительницей географии и актрисой. В 1966 году она получает еще одну суперженскую профессию - стюардессы в ""Пан-Американ"". До 1972 года никаких особых крупных событий в борьбе женщин за право на свободную карьеру не происходит, и - сюрприз! - ""карьерные"" Барби исчезают. Но в 1972-м году все снова меняется: Конгресс утверждает Девятый параграф Образовательного кодекса - параграф о равных правах на образование. Кроме того, проводится запрет на сегрегированные объявления о найме рабочей силы теперь все объявления должны печататься без специфического указания на предназначение должности для женщин или для мужчин. Девятый параграф означает, что учебные заведения должны отменить квоту на поступление для женщин и отменить запрет принимать женщин на те или иные факультеты. Соответственно, огромное количество представительниц ОтнынеСильного Пола подают заявки на изучение медицины или юриспруденции. Опять бум в прессе, и ""Маттел"" выпускает ""Барби-Хирурга"", очередной раз продемонстрировав свое поразительное умение держать нос по ветру. С 1973 по 1978 год, т.е. на протяжении пяти лет, Барби фактически не занимается своей карьерой - она отдает все свои силы спорту. Говоря конкретно, Барби становится олимпийской чемпионкой: к олимпиаде 1975 года ""Маттел"" выпускает ""Барби-Золотую-медалистку"", ""Барби-Лыжницу"", ""Барби-Конькобежца"" и ""БарбиПловчиху"" - все они выходят в серии ""Олимпийская\n\nБарби"". Однако в 1977 году тема ""женщины и профессия"" возвращается в большой мир: Национальная женская конференция в Техасе собирает невероятное количество участников - 20 тысяч. Тут же на свет появляется ""Барби с утра и до вечера"" (Day & Night Barbie), которую представляют как business executive - ""ответственного руководителя"". Эта же модель перерождается спустя семь лет, в 1985 году, в Business Executive Barbie. С этого момента карьерный рост Барби становится практически непрерывным. Дело в том, что 80-е стали годами окончательной победы деловых женщин. Многочисленные нововведения, облегчающие уход за детьми, социальные структуры, позволяющие матерям работать полный день, нарушение семейных сценариев, в результате которых распад брака становится обыденной ситуацией, что заставляет мать-одиночку постоянно работать с целью обеспечить себя и своих детей, плюс плохо соблюдающаяся, но все же существующая правовая основа, создающая равные условия для работающих женщин и мужчин, - все это окончательно формирует ситуацию, в которой работа становится совершенно неотъемлемой частью жизни женщин. Золотая девочка компании ""Маттел"" тоже берется за ум. С этого момента мы получаем хотя бы одну ""карьерную"" Барби едва ли не каждый год. Например, для женщин все чаще открываются вакансии, раньше доступные только мужчинам, и в конце 80-х - начале 90-х годов телевидение начинает создавать моду на женщинвоенных и женщин-полицейских. Это карьерное направление становится постоянным в мире Барби: оно тем выгоднее для ""Маттел"", что позволяет подчеркнуть патриотизм куклы. В 1989 году выпускается первая Барби в стиле милитари - так называемая Army Barbie. С 1990 года ее военная и полицейская карьера обретает конкретику: мы получаем капитана военно-воздушных сил, в 1991 году - офицера флота, в 1993 году -\n\nодновременно военврача и полицейского, в 1994 году командира летного эскадрона. Причина: огромный интерес общественности к теме армии, вызванный войной в Персидском заливе и ее последствиями. Потом война закончилась, тема армии перестала особо интересовать публику на несколько лет, и Барби оставила свои милитаристские замашки вплоть до 2000 года, когда армейская тема опять оказалась у всех на устах в связи с иракскими событиями. ""Маттел"" немедленно произвела на свет ""Барби-Паратрупера"" в комплекте с аптечкой первой помощи (Барби и Кен - паратруперы продаются в коробках, на задней стенке которых изображены... барханы). Другой пример: в 1992 году из-за обилия женщин, баллотирующихся на государственные посты, пресса заговорила о ""годе женщин"". В том же году мы получили ""Барби-Кандидата-в-президенты"", чей деловой костюм ""одним движением руки"" превращался в вечернее платье со звездами и полосами. Нам сообщалось, что ""Барби отправляется на инаугурационный бал"". Подобную же оперативность ""Маттел"" демонстрирует в 1994 году. Тогда был принят билль о гендерном равенстве в образовании и американское правительство сформулировало позицию, требующую поощрять в девушках интерес к разнообразию в выборе карьеры, в частности - к математике, естественным наукам и тому подобным ""мальчиковым"" сферам деятельности. ""Маттел"" немедленно выпустила целых пять профессиональных Барби: командир летного эскадрона, астронавт, педиатр, ветеринар и пожарник, профессии, по большей части традиционно занимаемые мужчинами. И все-таки проявления доброй воли в чистом виде было недостаточно: существовало слишком много желающих обвинять Барби во всех смертных грехах и, в частности, в проблемах, связанных с социальным статусом женщины. На слишком широкие плечи этой\n\nкуклы со слишком узкой талией возлагали ответственность за неврозы, связанные с восприятием собственной внешности, за женский консюмеризм, одновременно за сексуальную распущенность и сексуальную неудовлетворенность женщин, за то, что мужчины видят в блондинках безмозглых бимбо, и за прочие женские беды и напасти. После того как в 1998 году компания сделала Барби чуть более реалистичной, несколько расширив талию и уменьшив грудь куклы, пришло время еще раз сделать заявку насчет готовности Барби учить девочек прогрессивным идеалам. В 1999 году ""Маттел"" сделала огромную кампанию за пропаганду нового имиджа куклы. Кампания называлась: ""Be anything"". ""Маттел"" подписала контракт с компанией Girls Incorporated, прежде называвшейся ""Girls Club of America"" - крупнейшей организацией для девочек в США (следом за ней по численности участниц идет правильно! - Клуб Любительниц Барби). С этого момента, заявила ""Маттел"", ""все усилия будут сосредоточены не на куклах, а на самих девочках"". Рекламы демонстрировали, что девочка может стать хоккейным вратарем, игроком в теннис, астронавтом, компьютерным инженером словом, фактически кем угодно. Разъяренные феминистки обвинили Girls Incorporated в продажности: мол, всегда было известно, что Барби только притворяется карьерной куклой, а на самом деле торгует консюмеризмом и консервативностью в то время, как Girls Incorporated изначально заявляла, что намерена настраивать девочек на свободу выбора и на осознание своего права заниматься любым делом по своему вкусу. Я помню публикации, в которых противницы союза ""Маттел"" и GI с горечью писали: ""Нет лучшего способа победить своего врага, чем подкупить его"". Так или иначе союз возник. С этого момента ""Маттел"" продвигала как бы не кукол, а новые ценности: право мечтать о достижениях, право играть в любые игры и побеждать. Совместно две\n\nдевичьих организации проводили акции по профессиональному ориентированию, телешоу, круглые столы. ""Маттел"" выпустила новую игровую серию кукол под названием: ""I can be"" - целых шесть карьерных кукол в один год. В этой серии появилась - ""Барби-Пилот"", опять ""Барби-Working-Woman"" (с ноутбуком, мобильным телефоном и неопределимой сферой деятельности), ""Барби-Учительница-языка-жестов"" (со сгибающимися пальчиками), ""Барби-Футболистка"", ""Барби-Сыщик"" и ""Барби-Игрок-в-бейсбол-из-высшей-лиги"". Правда, в этом же году были выпущены на заказ ""Барби-Официантка"" (для компании ""Кока-Кола"") и ""Барби-Косметолог"" (для компании ""Эйвон""). В 2000 году серия продолжилась; появилась ""Барби-Педиатр"", ""Барби-Учительницавождения"" и ""Барби-Учительница рисования"". Но самым интересным дополнением к карьерной линии ""Маттел"" стала ""Барби-Президент-США"", если верить рекламному плакату, ""готовая приступить к работе в Овальном офисе"". В свете близящихся президентских выборов кукла раскупалась на ура. Последний на сегодняшний день карьерный рывок Барби совершила в 2002 году. С тех пор никакого особого интереса в профессиональной деятельности у этой куклы не наблюдалось. С тех пор появилась только одна Барби, которую можно было бы причислить к профессиональным: в 2004 году ""Маттел"" выпустила в серии ""Happy family"" Барби под названием ""Baby Doctor"" - короче говоря, специалист по неонатальной медицине. Ей предстояло возиться с новорожденным младенцем подруги Мидж. На официальном сайте Барби существует трудно находимый раздел ""I can be"", так или иначе посвященный будущим карьерным занятиям девочек. Здесь предлагается пять вариантов профессий: врач, художник, учитель рисования, балерина и фигуристка как видим, ничего радикального. Сторонницы билля о гендерном равенстве в образовании имеют полное право\n\nупрекать Барби в ограниченности и консервативности: здесь нет профессий хакера, архитектора, машиниста и финансового аналитика. Но в то же время профессии, присутствующие в списке на сайте, во-первых, требуют серьезного труда, а во-вторых, связаны с творческим самовыражением. Правда, в этом списке, как в психометрическом тесте, вызывает подозрение слово ""доктор"" - оно кажется лишним в ряду и, видимо, является очередным примером защитного буфера. Впрочем, если смотреть на более или менее полный список профессий Барби за все годы ее существования, то в целом невозможно упрекнуть ее в потакании сугубо женским занятиям, особенно в последнее время. Мажоретка и чирлидер могут вызвать возмущение у тех, для кого эти занятия сами по себе ассоциируются с тупоголовыми блондинками, но в целом традиционные упреки в адрес Барби сейчас кажутся мне несколько необоснованными. Если что-то и вызывает у меня неприязнь, то это, скорее, не выбор кукольных профессий как таковой, а то, как все эти профессии подаются. Тут ситуация похожа на уже рассмотренную ситуацию с деньгами: совершенно непонятно, откуда что берется. Создается такое впечатление, что Барби приобретает новые профессии так же, как она приобретает новые машины - по щучьему велению, по своему хотению. Она не знает не только трудностей, связанных с получением той или иной профессии, но и трудностей, связанных с профессиональной практикой. В ее деятельности нет элементов труда или усталости. В любом из ее занятий вообще нет отрицательных или неприятных сторон. Начинает казаться, что доктор Барби никогда в жизни не видела ни крови, ни смерти, а Барби-следователь напоминает Айс Вентуру - сыщика по делам домашних животных, а не реального следователя, постоянно имеющего дело с самыми неприглядными сторонами\n\nжизни. Когда я узнала, что ""Маттел"" выпустила Барбипалеонтолога, во мне затеплилась надежда: в конце концов, вот уж профессия, в которой основные аксессуары - пыль да кости. Но выяснилось, что Барби в роли исследователя прошлого выкапывает из земли не окаменелости и не останки мертвых животных, а целых разноцветных динозавриков. В общем, о Барби как об инструменте профессионального ориентирования не может быть и речи, что бы ""Маттел"" ни говорила. Нигде, никогда, никаким образом нам не рассказывают о причинах, по которым Барби выбирает ту или иную карьеру. Нам обычно не говорят о талантах или наклонностях, которыми надо обладать для выполнения тех или иных профессиональных обязанностей, не описывают путь, который необходимо пройти для получения соответствующих навыков. Нам не рассказывают о том, как устроены трудовые будни того же дантиста, или палеонтолога, или даже редактора модного журнала. Типичная сцена из журнальчиков про Барби - Барбидоктор держит за ручку очередного пациента, который благодарит ее не за лечение, связанное, как уже было сказано, с неприятными процедурами, а за добрый совет по поводу сохранения и без того прекрасного здоровья. Так что о профессиональном ориентировании речь не идет - максимум речь идет о некотором условном и очень поверхностном стимулировании интереса к той или иной профессии. Впрочем, меня не оставляет ощущение, что и этого более чем достаточно. Все карьерные Барби делаются, как уже говорилось, не для самих девочек, а для их родителей. Девочки хотят играть в принцесс или в вечеринки и переодевать своих кукол из одной одежки в другую. Если у их мам и пап становится легче на душе от присутствия в наборе некоего подобия зеленой формы хирурга или строгой полицейской униформы, ""Маттел""\n\nготова производить и промотировать такие вариации куклы. Каждая из них стоит от 10 до 25 долларов, и если родители, озабоченные будущим девочки, подарят ей на Новый год Барби-палеонтолога, это будет лучше, чем если озабоченные ее будущим родители не подарят своей дочери ни единой Барби вообще. И в этом аспекте, как и во всех остальных, мир Барби создается исключительно по запросам и требованиям мира вокруг Барби.\n\nЧасть третья\n\nМИР ВОКРУГ БАРБИ | Горалик · Полая женщина · глава 9: Глава девятая. Девушки могут все: занятия и профессии Барби\n\nИсточник: Линор Горалик, «Полая женщина: Мир Барби изнутри и снаружи» (НЛО, 2005).\n\nГлава девятая\n\nДЕВУШКИ МОГУТ ВСЕ: ЗАНЯТИЯ И ПРОФЕССИИ БАРБИ\n\nТо, как Барби проводит время, невольно заставляет думать о серьезных психологических проблемах этой юной девушки, впрочем частично объясняющихся отсутствием у нее добрых и любящих родителей. Барби испытывает мучительную потребность во внешней\n\nоценке и внешнем одобрении, что постоянно толкает ее на все новые и новые социальные и карьерные достижения. Она фантастически, невыносимо экстравертна и явно не способна хоть на пять минут остаться одна. О времяпрепровождении Барби мы узнаем из описания новых выходящих на рынок моделей, ""Барбикниг"" и посвященных этой кукле журналов. Удивительным образом бесконечная череда вечеринок, туристических поездок и походов в кафе с друзьями не помешала Барби освоить более семи десятков профессий за последние сорок шесть лет. Составить полный список всех карьерных достижений Барби практически невозможно: довольно большое количество таких моделей было выпущено ""Маттел"" не для общего рынка, а для каких-нибудь крупных торговых марок или для сетей универсальных магазинов. Например, существовала Барби - продавщица кока-колы, сделанная соответственно по заказу корпорации ""Кока-Кола"", и Барби распространительница продуктов компании Avon, сделанная по заказу Avon Cosmetics. Особая Барби была произведена ""Маттел"" к юбилею сети игрушечных магазинов ""Toys Are Us"", специально разработанная маленькая Барби продавалась в ""Макдоналдсе"" - словом, примеров хватает Все ""профессиональные"" Барби принадлежат игровой линии Если я не ошибаюсь, карьерные Барби никогда не выпускались в коллекционных сериях, кроме нескольких куколок в серии ""Silkstone"", скажем, ""БарбиРедактор-раздела-моды"" и ""Кен-Инсайдер-моднойиндустрии"". Помню, что мой собственный вопрос о коллекционных Барби-""профессионалках"" не вызвал энтузиазма на форуме собирателей куклы. Я готова предположить, что дело здесь не только в том и даже далеко не в том, что для профессиональной Барби невозможно создать роскошный наряд, - в конце концов\n\nБоб Мэки наверняка прекрасно одел бы ""БарбиУкротительницу-львов"" или ""Барби-Флориста"". Просто профессиональная Барби, видимо, не очень интересует взрослых коллекционеров, потому что им за глаза и за уши хватает собственной профессиональной деятельности. Они, я полагаю, не видят особой радости в том, чтобы тащить домой куклу-бизнесмена или куклуврача. Но гораздо больше нам говорит тот факт, что в ""профессиональных"" Барби не слишком заинтересованы не только взрослые, но и дети. Дети вообще редко играют в конкретные профессии, кроме знаменитой игры в доктора, которая, как известно, преследует цели, далекие от профориентации. Бывают, конечно, игры в спасателей, пожарников или милицию и воров, но и здесь, как мы все понимаем, о развитии вкуса к будущей профессии речь не идет. Иногда дети играют в профессии, которыми занимаются их родители, самым поверхностным образом имитируя известные им элементы этих профессий с целью отыграть те или иные жизненные ситуации. Мне трудно представить себе, что мои собственные племянники ни с того ни с сего устроят серьезную и целенаправленную игру в палеонтологов или программистов. Игра в ветеринара может иметь тяжелые последствия для кошки и вряд ли напрямую связана с желанием как следует понять основы этой благородной профессии. Девочки предаются ""профессиональным"" играм еще реже, чем мальчики. Я рискну предположить, что большинство девочек предпочтет получить в подарок ""Барби-Принцессу"", ""Барби-День-рождения"", ""Барбиидет-на-пляж"" или ""Барби-катается-на-роликовыхконьках"", а не ""Барби-Дантиста"" или ""Барби-Бизнеследи"". Не сомневаюсь, что компания ""Маттел"" прекрасно это понимает, - и все-таки выпускать карьерных Барби ей приходится постоянно. Такое упорство вызвано отнюдь не запросом рынка, то есть не желанием маленьких\n\nдевочек приобрести ""Барби-Палеонтолога"" или ""БарбиСтюардессу"", а социальным давлением, постоянно оказываемым на ""Маттел"" со стороны прессы и родителей. Если бы Барби не занималась чем-нибудь трудоемким и престижным для зарабатывания собственного хлеба, ""Маттел"" было бы гораздо труднее отражать атаки, связанные с консюмеризмом куклы и с ее навязчивой привычкой следовать моде; кроме того, было бы гораздо сложнее говорить о позитивном влиянии Барби в деле воспитания молодого поколения. В целом ряде случаев ""Маттел"" выдвигает эти вариации своей модной куколки вперед на манер щита. Одна умная, но скучно одетая Барби защищает целую плеяду своих красивых, расфуфыренных и легкомысленных сестер. Именно давление со стороны родителей, феминисток, педагогов и прессы заставляет ""Маттел"" постоянно прилагать большие усилия для того, чтобы взгляды Барби на работу и карьеру можно было считать передовыми и даже опережающими время. Любимый пример, приводимый компанией каждый раз, когда речь заходит о карьерных достижениях их куклы, - ""Барби-Астронавт"" производства 1965 года, ""полетевшая в космос задолго до того, как первая женщина действительно ступила на борт космического корабля"". Однако других особо ярких примеров такого рода у компании ""Маттел"" нет. Я с большим удовольствием потратила несколько дней, накладывая хронологию карьерного развития Барби на историю женского движения и в особенности на историю борьбы женщин за карьерное равноправие с 1959 года - года выпуска Барби и по сегодняшний день. Такое сравнение позволяет увидеть, что в плане карьеры Барби действует фактически так же, как она действует в плане моды, т.е. оказывается не лидером-провозвестником новых тенденций, а их легитимизатором и в некоторой мере барометром происходящего. Можно быть твердо уверенным, что если\n\nБарби начала развивать деятельность на том или ином поприще, то поприще это уже некоторое время надежно существует в качестве игровой площадки для женщин в реальном мире. Скажем, в 1956 году, т.е. в том году, когда Хендлер изобрела Барби (ей, как мы помним, потребовалось три года, чтобы уговорить своих партнеров начать выпускать куклу), журнал ""Life"" назвал ""идеалом американской женщины"" тридцатидвухлетнюю мать четверых детей, естественно, нигде не работающую. Однако за три года, прошедшие до выхода Барби на рынок, реальность сильно изменилась. Именно тогда, в конце 50-х, поднялась так называемая ""вторая волна женского движения"" (первую относят к 20 - 30-м годам прошлого века). Новые борцы за права женщин требовали уже не таких базовых вещей, как право голосования, посещения любых общественных заведений и осуществления финансовых операций, но подлинного равенства женщин и мужчин в самых разных областях деятельности. Крах американской мечты 50-х привел к тому, что все больше и больше женщин стали занимать рабочие места, до сих пор отводившиеся в основном мужчинам. Для семьи все существеннее становился заработок жены, превратившийся в полновесную составляющую семейного бюджета. К началу 60-х новые феминистки Америки смогли составить общее представление о ситуации с женским трудом в США. Ситуация была аховой: там, где мужчина получал за свою работу доллар, женщина получала за ту же работу 63 цента. В результате схлопывания военной индустрии женщины теряли места на фабриках и заводах, а частный сектор, переставший испытывать недостаток мужских рук, всегда предпочитал взять на вакантное место мужчину, а не женщину, - пусть мужчине и приходилось платить больше. В газетах объявлений сообщения о поиске работников были разделены на две категории: ""Женщины"" и ""Мужчины"". Только два процента\n\nпредставителей интеллектуальных профессий - врачей, адвокатов, судей, дантистов, инженеров, архитекторов были женщинами. Подавляющее большинство престижных университетов не допускало женщин на значительную часть факультетов или имело жесткую квоту: иногда 1 женщина на 50 абитуриентов. Все эти факторы определили направление нового витка борьбы за права женщин - это была борьба за равенство на рабочих местах. В 1959 - 1960 годах тема ""Женщины и карьера"" была одной из самых дебатируемых в прессе. Выходила масса статей ""за"" и ""против"" работающих женщин. Представительницы разных профессий шумно спорили в популярных ток-шоу с мужчинами, отстаивающими семейные ценности. Именно тогда впервые проявилась интересная тенденция, определявшая развитие карьеры Барби в течении как минимум трех десятилетий: ее профессиональные достижения всегда были связаны не так с конкретным положением дел на рынке женского труда и даже не так с какими-нибудь специфическими событиями позитивного и негативного толка в этой области, как с шумихой, возникающей вокруг тех или иных аспектов темы. Скажем, в 1960 году ""Маттел"" выпустила Busy Girl Barbie. Считалось, что она ""дизайнер моды"", т.е., с одной стороны, женщина как бы работающая и как бы занимающаяся креативной профессией, но в то же время никоим образом не преступающая границы традиционных женских занятий (как известно, мужчины-кутюрье стали довольно поздним приобретением XX века). До этого момента Барби существовала в совсем немногих вариациях: исходная Барби 1959 года была фотомоделью, у нее был купальник, свадебное платье, костюм балерины и еще один наряд для свободного времяпрепровождения. Однако Busy Girl сильно отличалась от предыдущих вариаций: на ней был твидовый костюм, длинные перчатки и строгая шапочка. По большому счету девочки\n\nмогли видеть в ней собственных мам - благо работающих мам именно в конце 50-х - начале 60-х стало больше, чем когда-либо в истории. Никаких особых аксессуаров у этой Барби не было. Если верить данным, опубликованным Национальной организацией женщин Америки, в начале 60-х очень и очень многие женщины зарабатывали себе на жизнь тяжелым физическим трудом, они были механиками, электриками, водителями автобусов и даже шахтерами. Но рабочая девушка Барби, естественно, не намеревалась надевать каску и рабочую куртку. Я не знаю, так ли одевались в те годы дизайнеры моды, но твидовый костюм, маленькая шапочка и длинные перчатки были фактически униформой девушек из хороших семей, желающих заняться чем-нибудь полезным, пока им не попадется подходящий кандидат в мужья. Так могла выглядеть любая секретарша, машинистка, переписчица, в лучшем случае учительница. Эта первая ""деловая Барби"" фактически заложила основу всей будущей карьеры Барби. И действительно, Барби всегда приобретала только профессии представительниц среднего класса, никогда не занималась физическим трудом и не бралась за плохо оплачиваемые профессии. Рынок вполне оправдывает такой подход: родители девочек из среднего класса видят такие профессии в качестве основных, а родители девочек из более бедных слоев населения видят в этих профессиях хорошие ориентиры. Busy Girl Barbie стала первой в череде бесконечных Барби - бизнес-леди, повторяющихся из года в год с разными аксессуарами и под разными названиями: Business Girl, Busy Woman, Business Executive, Working Girl, Office Barbie и т.д. Чем занимаются эти Барби, ""Маттел"" не уточняет, но так или иначе они демонстрируют некоторую четкую позицию: женщина может добиться высоких постов, а карьера - это классно и престижно.\n\nНовые карьерные вариации Барби, как уже было сказано, возникали тогда, когда общественность начинала муссировать тему рабочего статуса женщины, и исчезали, как только эту тему можно было начать игнорировать. Здесь сказался один из главных маркетинговых талантов ""Маттел"" - талант использовать конъюнктуру, запрыгивать на волну обсуждаемой модной темы и соскакивать с нее, когда волна начинает идти на убыль. Профессиональная деятельность Барби развивалась ровно по тем же законам. В 1961 году Элеонора Рузвельт встала во главе Комиссии по вопросам статуса женщин при правительстве Кеннеди. Этот факт наделал много шума, и в том же году Барби получила профессии дипломированной медсестры и стюардессы. В 1963 году комиссия Рузвельта после двух лет исследований опубликовала доклад о дискриминации женщин на рабочих местах, породив целую волну дебатов о допустимых и недопустимых профессиях для представительниц слабого пола. Публикуется Equal Pay Act - речь идет о том, что мужчины и женщины, занимающие одни и те же должности, должны получать равные зарплаты. В том же году ""Маттел"" выпускает Business Woman Barbie (она же называлась Career Girl Barbie). Через год к биллю о гражданских правах добавляется Седьмой параграф - ""против дискриминации при приеме на работу"". Он включает в себя запрет на дискриминацию по половому признаку, но ситуация остается двойственной: ни билль, ни новую поправку невозможно ратифицировать на местах, поскольку фактически отсутствует механизм контроля, заставляющий работодателя соблюдать навязанные ему правила. Женщины, борющиеся за равноправие на рабочих местах, становятся объектом постоянных насмешек и карикатур в прессе. Таким образом, тема существует, но однозначное отношение к ней не выработано. В результате в 1964 и 1965 годах Барби\n\nполучает целый ряд новых профессий, но все они носят очень осторожный и традиционный характер, а некоторые, по понятиям феминисток, заслуживают осуждения. Так, с одной стороны, Барби оказывается космонавтом (что, скорее, объясняется бешеным интересом к теме космоса), с другой - Барби оказывается чирлидером, мажореткой, редактором модного журнала, фотографом моды, учительницей географии и актрисой. В 1966 году она получает еще одну суперженскую профессию - стюардессы в ""Пан-Американ"". До 1972 года никаких особых крупных событий в борьбе женщин за право на свободную карьеру не происходит, и - сюрприз! - ""карьерные"" Барби исчезают. Но в 1972-м году все снова меняется: Конгресс утверждает Девятый параграф Образовательного кодекса - параграф о равных правах на образование. Кроме того, проводится запрет на сегрегированные объявления о найме рабочей силы теперь все объявления должны печататься без специфического указания на предназначение должности для женщин или для мужчин. Девятый параграф означает, что учебные заведения должны отменить квоту на поступление для женщин и отменить запрет принимать женщин на те или иные факультеты. Соответственно, огромное количество представительниц ОтнынеСильного Пола подают заявки на изучение медицины или юриспруденции. Опять бум в прессе, и ""Маттел"" выпускает ""Барби-Хирурга"", очередной раз продемонстрировав свое поразительное умение держать нос по ветру. С 1973 по 1978 год, т.е. на протяжении пяти лет, Барби фактически не занимается своей карьерой - она отдает все свои силы спорту. Говоря конкретно, Барби становится олимпийской чемпионкой: к олимпиаде 1975 года ""Маттел"" выпускает ""Барби-Золотую-медалистку"", ""Барби-Лыжницу"", ""Барби-Конькобежца"" и ""БарбиПловчиху"" - все они выходят в серии ""Олимпийская\n\nБарби"". Однако в 1977 году тема ""женщины и профессия"" возвращается в большой мир: Национальная женская конференция в Техасе собирает невероятное количество участников - 20 тысяч. Тут же на свет появляется ""Барби с утра и до вечера"" (Day & Night Barbie), которую представляют как business executive - ""ответственного руководителя"". Эта же модель перерождается спустя семь лет, в 1985 году, в Business Executive Barbie. С этого момента карьерный рост Барби становится практически непрерывным. Дело в том, что 80-е стали годами окончательной победы деловых женщин. Многочисленные нововведения, облегчающие уход за детьми, социальные структуры, позволяющие матерям работать полный день, нарушение семейных сценариев, в результате которых распад брака становится обыденной ситуацией, что заставляет мать-одиночку постоянно работать с целью обеспечить себя и своих детей, плюс плохо соблюдающаяся, но все же существующая правовая основа, создающая равные условия для работающих женщин и мужчин, - все это окончательно формирует ситуацию, в которой работа становится совершенно неотъемлемой частью жизни женщин. Золотая девочка компании ""Маттел"" тоже берется за ум. С этого момента мы получаем хотя бы одну ""карьерную"" Барби едва ли не каждый год. Например, для женщин все чаще открываются вакансии, раньше доступные только мужчинам, и в конце 80-х - начале 90-х годов телевидение начинает создавать моду на женщинвоенных и женщин-полицейских. Это карьерное направление становится постоянным в мире Барби: оно тем выгоднее для ""Маттел"", что позволяет подчеркнуть патриотизм куклы. В 1989 году выпускается первая Барби в стиле милитари - так называемая Army Barbie. С 1990 года ее военная и полицейская карьера обретает конкретику: мы получаем капитана военно-воздушных сил, в 1991 году - офицера флота, в 1993 году -\n\nодновременно военврача и полицейского, в 1994 году командира летного эскадрона. Причина: огромный интерес общественности к теме армии, вызванный войной в Персидском заливе и ее последствиями. Потом война закончилась, тема армии перестала особо интересовать публику на несколько лет, и Барби оставила свои милитаристские замашки вплоть до 2000 года, когда армейская тема опять оказалась у всех на устах в связи с иракскими событиями. ""Маттел"" немедленно произвела на свет ""Барби-Паратрупера"" в комплекте с аптечкой первой помощи (Барби и Кен - паратруперы продаются в коробках, на задней стенке которых изображены... барханы). Другой пример: в 1992 году из-за обилия женщин, баллотирующихся на государственные посты, пресса заговорила о ""годе женщин"". В том же году мы получили ""Барби-Кандидата-в-президенты"", чей деловой костюм ""одним движением руки"" превращался в вечернее платье со звездами и полосами. Нам сообщалось, что ""Барби отправляется на инаугурационный бал"". Подобную же оперативность ""Маттел"" демонстрирует в 1994 году. Тогда был принят билль о гендерном равенстве в образовании и американское правительство сформулировало позицию, требующую поощрять в девушках интерес к разнообразию в выборе карьеры, в частности - к математике, естественным наукам и тому подобным ""мальчиковым"" сферам деятельности. ""Маттел"" немедленно выпустила целых пять профессиональных Барби: командир летного эскадрона, астронавт, педиатр, ветеринар и пожарник, профессии, по большей части традиционно занимаемые мужчинами. И все-таки проявления доброй воли в чистом виде было недостаточно: существовало слишком много желающих обвинять Барби во всех смертных грехах и, в частности, в проблемах, связанных с социальным статусом женщины. На слишком широкие плечи этой\n\nкуклы со слишком узкой талией возлагали ответственность за неврозы, связанные с восприятием собственной внешности, за женский консюмеризм, одновременно за сексуальную распущенность и сексуальную неудовлетворенность женщин, за то, что мужчины видят в блондинках безмозглых бимбо, и за прочие женские беды и напасти. После того как в 1998 году компания сделала Барби чуть более реалистичной, несколько расширив талию и уменьшив грудь куклы, пришло время еще раз сделать заявку насчет готовности Барби учить девочек прогрессивным идеалам. В 1999 году ""Маттел"" сделала огромную кампанию за пропаганду нового имиджа куклы. Кампания называлась: ""Be anything"". ""Маттел"" подписала контракт с компанией Girls Incorporated, прежде называвшейся ""Girls Club of America"" - крупнейшей организацией для девочек в США (следом за ней по численности участниц идет правильно! - Клуб Любительниц Барби). С этого момента, заявила ""Маттел"", ""все усилия будут сосредоточены не на куклах, а на самих девочках"". Рекламы демонстрировали, что девочка может стать хоккейным вратарем, игроком в теннис, астронавтом, компьютерным инженером словом, фактически кем угодно. Разъяренные феминистки обвинили Girls Incorporated в продажности: мол, всегда было известно, что Барби только притворяется карьерной куклой, а на самом деле торгует консюмеризмом и консервативностью в то время, как Girls Incorporated изначально заявляла, что намерена настраивать девочек на свободу выбора и на осознание своего права заниматься любым делом по своему вкусу. Я помню публикации, в которых противницы союза ""Маттел"" и GI с горечью писали: ""Нет лучшего способа победить своего врага, чем подкупить его"". Так или иначе союз возник. С этого момента ""Маттел"" продвигала как бы не кукол, а новые ценности: право мечтать о достижениях, право играть в любые игры и побеждать. Совместно две\n\nдевичьих организации проводили акции по профессиональному ориентированию, телешоу, круглые столы. ""Маттел"" выпустила новую игровую серию кукол под названием: ""I can be"" - целых шесть карьерных кукол в один год. В этой серии появилась - ""Барби-Пилот"", опять ""Барби-Working-Woman"" (с ноутбуком, мобильным телефоном и неопределимой сферой деятельности), ""Барби-Учительница-языка-жестов"" (со сгибающимися пальчиками), ""Барби-Футболистка"", ""Барби-Сыщик"" и ""Барби-Игрок-в-бейсбол-из-высшей-лиги"". Правда, в этом же году были выпущены на заказ ""Барби-Официантка"" (для компании ""Кока-Кола"") и ""Барби-Косметолог"" (для компании ""Эйвон""). В 2000 году серия продолжилась; появилась ""Барби-Педиатр"", ""Барби-Учительницавождения"" и ""Барби-Учительница рисования"". Но самым интересным дополнением к карьерной линии ""Маттел"" стала ""Барби-Президент-США"", если верить рекламному плакату, ""готовая приступить к работе в Овальном офисе"". В свете близящихся президентских выборов кукла раскупалась на ура. Последний на сегодняшний день карьерный рывок Барби совершила в 2002 году. С тех пор никакого особого интереса в профессиональной деятельности у этой куклы не наблюдалось. С тех пор появилась только одна Барби, которую можно было бы причислить к профессиональным: в 2004 году ""Маттел"" выпустила в серии ""Happy family"" Барби под названием ""Baby Doctor"" - короче говоря, специалист по неонатальной медицине. Ей предстояло возиться с новорожденным младенцем подруги Мидж. На официальном сайте Барби существует трудно находимый раздел ""I can be"", так или иначе посвященный будущим карьерным занятиям девочек. Здесь предлагается пять вариантов профессий: врач, художник, учитель рисования, балерина и фигуристка как видим, ничего радикального. Сторонницы билля о гендерном равенстве в образовании имеют полное право\n\nупрекать Барби в ограниченности и консервативности: здесь нет профессий хакера, архитектора, машиниста и финансового аналитика. Но в то же время профессии, присутствующие в списке на сайте, во-первых, требуют серьезного труда, а во-вторых, связаны с творческим самовыражением. Правда, в этом списке, как в психометрическом тесте, вызывает подозрение слово ""доктор"" - оно кажется лишним в ряду и, видимо, является очередным примером защитного буфера. Впрочем, если смотреть на более или менее полный список профессий Барби за все годы ее существования, то в целом невозможно упрекнуть ее в потакании сугубо женским занятиям, особенно в последнее время. Мажоретка и чирлидер могут вызвать возмущение у тех, для кого эти занятия сами по себе ассоциируются с тупоголовыми блондинками, но в целом традиционные упреки в адрес Барби сейчас кажутся мне несколько необоснованными. Если что-то и вызывает у меня неприязнь, то это, скорее, не выбор кукольных профессий как таковой, а то, как все эти профессии подаются. Тут ситуация похожа на уже рассмотренную ситуацию с деньгами: совершенно непонятно, откуда что берется. Создается такое впечатление, что Барби приобретает новые профессии так же, как она приобретает новые машины - по щучьему велению, по своему хотению. Она не знает не только трудностей, связанных с получением той или иной профессии, но и трудностей, связанных с профессиональной практикой. В ее деятельности нет элементов труда или усталости. В любом из ее занятий вообще нет отрицательных или неприятных сторон. Начинает казаться, что доктор Барби никогда в жизни не видела ни крови, ни смерти, а Барби-следователь напоминает Айс Вентуру - сыщика по делам домашних животных, а не реального следователя, постоянно имеющего дело с самыми неприглядными сторонами\n\nжизни. Когда я узнала, что ""Маттел"" выпустила Барбипалеонтолога, во мне затеплилась надежда: в конце концов, вот уж профессия, в которой основные аксессуары - пыль да кости. Но выяснилось, что Барби в роли исследователя прошлого выкапывает из земли не окаменелости и не останки мертвых животных, а целых разноцветных динозавриков. В общем, о Барби как об инструменте профессионального ориентирования не может быть и речи, что бы ""Маттел"" ни говорила. Нигде, никогда, никаким образом нам не рассказывают о причинах, по которым Барби выбирает ту или иную карьеру. Нам обычно не говорят о талантах или наклонностях, которыми надо обладать для выполнения тех или иных профессиональных обязанностей, не описывают путь, который необходимо пройти для получения соответствующих навыков. Нам не рассказывают о том, как устроены трудовые будни того же дантиста, или палеонтолога, или даже редактора модного журнала. Типичная сцена из журнальчиков про Барби - Барбидоктор держит за ручку очередного пациента, который благодарит ее не за лечение, связанное, как уже было сказано, с неприятными процедурами, а за добрый совет по поводу сохранения и без того прекрасного здоровья. Так что о профессиональном ориентировании речь не идет - максимум речь идет о некотором условном и очень поверхностном стимулировании интереса к той или иной профессии. Впрочем, меня не оставляет ощущение, что и этого более чем достаточно. Все карьерные Барби делаются, как уже говорилось, не для самих девочек, а для их родителей. Девочки хотят играть в принцесс или в вечеринки и переодевать своих кукол из одной одежки в другую. Если у их мам и пап становится легче на душе от присутствия в наборе некоего подобия зеленой формы хирурга или строгой полицейской униформы, ""Маттел""\n\nготова производить и промотировать такие вариации куклы. Каждая из них стоит от 10 до 25 долларов, и если родители, озабоченные будущим девочки, подарят ей на Новый год Барби-палеонтолога, это будет лучше, чем если озабоченные ее будущим родители не подарят своей дочери ни единой Барби вообще. И в этом аспекте, как и во всех остальных, мир Барби создается исключительно по запросам и требованиям мира вокруг Барби.\n\nЧасть третья\n\nМИР ВОКРУГ БАРБИ | Горалик · Полая женщина · глава 9: Глава девятая. Девушки могут все: занятия и профессии Барби\n\nИсточник: Линор Горалик, «Полая женщина: Мир Барби изнутри и снаружи» (НЛО, 2005).\n\nГлава девятая\n\nДЕВУШКИ МОГУТ ВСЕ: ЗАНЯТИЯ И ПРОФЕССИИ БАРБИ\n\nТо, как Барби проводит время, невольно заставляет думать о серьезных психологических проблемах этой юной девушки, впрочем частично объясняющихся отсутствием у нее добрых и любящих родителей. Барби испытывает мучительную потребность во внешней\n\nоценке и внешнем одобрении, что постоянно толкает ее на все новые и новые социальные и карьерные достижения. Она фантастически, невыносимо экстравертна и явно не способна хоть на пять минут остаться одна. О времяпрепровождении Барби мы узнаем из описания новых выходящих на рынок моделей, ""Барбикниг"" и посвященных этой кукле журналов. Удивительным образом бесконечная череда вечеринок, туристических поездок и походов в кафе с друзьями не помешала Барби освоить более семи десятков профессий за последние сорок шесть лет. Составить полный список всех карьерных достижений Барби практически невозможно: довольно большое количество таких моделей было выпущено ""Маттел"" не для общего рынка, а для каких-нибудь крупных торговых марок или для сетей универсальных магазинов. Например, существовала Барби - продавщица кока-колы, сделанная соответственно по заказу корпорации ""Кока-Кола"", и Барби распространительница продуктов компании Avon, сделанная по заказу Avon Cosmetics. Особая Барби была произведена ""Маттел"" к юбилею сети игрушечных магазинов ""Toys Are Us"", специально разработанная маленькая Барби продавалась в ""Макдоналдсе"" - словом, примеров хватает Все ""профессиональные"" Барби принадлежат игровой линии Если я не ошибаюсь, карьерные Барби никогда не выпускались в коллекционных сериях, кроме нескольких куколок в серии ""Silkstone"", скажем, ""БарбиРедактор-раздела-моды"" и ""Кен-Инсайдер-моднойиндустрии"". Помню, что мой собственный вопрос о коллекционных Барби-""профессионалках"" не вызвал энтузиазма на форуме собирателей куклы. Я готова предположить, что дело здесь не только в том и даже далеко не в том, что для профессиональной Барби невозможно создать роскошный наряд, - в конце концов\n\nБоб Мэки наверняка прекрасно одел бы ""БарбиУкротительницу-львов"" или ""Барби-Флориста"". Просто профессиональная Барби, видимо, не очень интересует взрослых коллекционеров, потому что им за глаза и за уши хватает собственной профессиональной деятельности. Они, я полагаю, не видят особой радости в том, чтобы тащить домой куклу-бизнесмена или куклуврача. Но гораздо больше нам говорит тот факт, что в ""профессиональных"" Барби не слишком заинтересованы не только взрослые, но и дети. Дети вообще редко играют в конкретные профессии, кроме знаменитой игры в доктора, которая, как известно, преследует цели, далекие от профориентации. Бывают, конечно, игры в спасателей, пожарников или милицию и воров, но и здесь, как мы все понимаем, о развитии вкуса к будущей профессии речь не идет. Иногда дети играют в профессии, которыми занимаются их родители, самым поверхностным образом имитируя известные им элементы этих профессий с целью отыграть те или иные жизненные ситуации. Мне трудно представить себе, что мои собственные племянники ни с того ни с сего устроят серьезную и целенаправленную игру в палеонтологов или программистов. Игра в ветеринара может иметь тяжелые последствия для кошки и вряд ли напрямую связана с желанием как следует понять основы этой благородной профессии. Девочки предаются ""профессиональным"" играм еще реже, чем мальчики. Я рискну предположить, что большинство девочек предпочтет получить в подарок ""Барби-Принцессу"", ""Барби-День-рождения"", ""Барбиидет-на-пляж"" или ""Барби-катается-на-роликовыхконьках"", а не ""Барби-Дантиста"" или ""Барби-Бизнеследи"". Не сомневаюсь, что компания ""Маттел"" прекрасно это понимает, - и все-таки выпускать карьерных Барби ей приходится постоянно. Такое упорство вызвано отнюдь не запросом рынка, то есть не желанием маленьких\n\nдевочек приобрести ""Барби-Палеонтолога"" или ""БарбиСтюардессу"", а социальным давлением, постоянно оказываемым на ""Маттел"" со стороны прессы и родителей. Если бы Барби не занималась чем-нибудь трудоемким и престижным для зарабатывания собственного хлеба, ""Маттел"" было бы гораздо труднее отражать атаки, связанные с консюмеризмом куклы и с ее навязчивой привычкой следовать моде; кроме того, было бы гораздо сложнее говорить о позитивном влиянии Барби в деле воспитания молодого поколения. В целом ряде случаев ""Маттел"" выдвигает эти вариации своей модной куколки вперед на манер щита. Одна умная, но скучно одетая Барби защищает целую плеяду своих красивых, расфуфыренных и легкомысленных сестер. Именно давление со стороны родителей, феминисток, педагогов и прессы заставляет ""Маттел"" постоянно прилагать большие усилия для того, чтобы взгляды Барби на работу и карьеру можно было считать передовыми и даже опережающими время. Любимый пример, приводимый компанией каждый раз, когда речь заходит о карьерных достижениях их куклы, - ""Барби-Астронавт"" производства 1965 года, ""полетевшая в космос задолго до того, как первая женщина действительно ступила на борт космического корабля"". Однако других особо ярких примеров такого рода у компании ""Маттел"" нет. Я с большим удовольствием потратила несколько дней, накладывая хронологию карьерного развития Барби на историю женского движения и в особенности на историю борьбы женщин за карьерное равноправие с 1959 года - года выпуска Барби и по сегодняшний день. Такое сравнение позволяет увидеть, что в плане карьеры Барби действует фактически так же, как она действует в плане моды, т.е. оказывается не лидером-провозвестником новых тенденций, а их легитимизатором и в некоторой мере барометром происходящего. Можно быть твердо уверенным, что если\n\nБарби начала развивать деятельность на том или ином поприще, то поприще это уже некоторое время надежно существует в качестве игровой площадки для женщин в реальном мире. Скажем, в 1956 году, т.е. в том году, когда Хендлер изобрела Барби (ей, как мы помним, потребовалось три года, чтобы уговорить своих партнеров начать выпускать куклу), журнал ""Life"" назвал ""идеалом американской женщины"" тридцатидвухлетнюю мать четверых детей, естественно, нигде не работающую. Однако за три года, прошедшие до выхода Барби на рынок, реальность сильно изменилась. Именно тогда, в конце 50-х, поднялась так называемая ""вторая волна женского движения"" (первую относят к 20 - 30-м годам прошлого века). Новые борцы за права женщин требовали уже не таких базовых вещей, как право голосования, посещения любых общественных заведений и осуществления финансовых операций, но подлинного равенства женщин и мужчин в самых разных областях деятельности. Крах американской мечты 50-х привел к тому, что все больше и больше женщин стали занимать рабочие места, до сих пор отводившиеся в основном мужчинам. Для семьи все существеннее становился заработок жены, превратившийся в полновесную составляющую семейного бюджета. К началу 60-х новые феминистки Америки смогли составить общее представление о ситуации с женским трудом в США. Ситуация была аховой: там, где мужчина получал за свою работу доллар, женщина получала за ту же работу 63 цента. В результате схлопывания военной индустрии женщины теряли места на фабриках и заводах, а частный сектор, переставший испытывать недостаток мужских рук, всегда предпочитал взять на вакантное место мужчину, а не женщину, - пусть мужчине и приходилось платить больше. В газетах объявлений сообщения о поиске работников были разделены на две категории: ""Женщины"" и ""Мужчины"". Только два процента\n\nпредставителей интеллектуальных профессий - врачей, адвокатов, судей, дантистов, инженеров, архитекторов были женщинами. Подавляющее большинство престижных университетов не допускало женщин на значительную часть факультетов или имело жесткую квоту: иногда 1 женщина на 50 абитуриентов. Все эти факторы определили направление нового витка борьбы за права женщин - это была борьба за равенство на рабочих местах. В 1959 - 1960 годах тема ""Женщины и карьера"" была одной из самых дебатируемых в прессе. Выходила масса статей ""за"" и ""против"" работающих женщин. Представительницы разных профессий шумно спорили в популярных ток-шоу с мужчинами, отстаивающими семейные ценности. Именно тогда впервые проявилась интересная тенденция, определявшая развитие карьеры Барби в течении как минимум трех десятилетий: ее профессиональные достижения всегда были связаны не так с конкретным положением дел на рынке женского труда и даже не так с какими-нибудь специфическими событиями позитивного и негативного толка в этой области, как с шумихой, возникающей вокруг тех или иных аспектов темы. Скажем, в 1960 году ""Маттел"" выпустила Busy Girl Barbie. Считалось, что она ""дизайнер моды"", т.е., с одной стороны, женщина как бы работающая и как бы занимающаяся креативной профессией, но в то же время никоим образом не преступающая границы традиционных женских занятий (как известно, мужчины-кутюрье стали довольно поздним приобретением XX века). До этого момента Барби существовала в совсем немногих вариациях: исходная Барби 1959 года была фотомоделью, у нее был купальник, свадебное платье, костюм балерины и еще один наряд для свободного времяпрепровождения. Однако Busy Girl сильно отличалась от предыдущих вариаций: на ней был твидовый костюм, длинные перчатки и строгая шапочка. По большому счету девочки\n\nмогли видеть в ней собственных мам - благо работающих мам именно в конце 50-х - начале 60-х стало больше, чем когда-либо в истории. Никаких особых аксессуаров у этой Барби не было. Если верить данным, опубликованным Национальной организацией женщин Америки, в начале 60-х очень и очень многие женщины зарабатывали себе на жизнь тяжелым физическим трудом, они были механиками, электриками, водителями автобусов и даже шахтерами. Но рабочая девушка Барби, естественно, не намеревалась надевать каску и рабочую куртку. Я не знаю, так ли одевались в те годы дизайнеры моды, но твидовый костюм, маленькая шапочка и длинные перчатки были фактически униформой девушек из хороших семей, желающих заняться чем-нибудь полезным, пока им не попадется подходящий кандидат в мужья. Так могла выглядеть любая секретарша, машинистка, переписчица, в лучшем случае учительница. Эта первая ""деловая Барби"" фактически заложила основу всей будущей карьеры Барби. И действительно, Барби всегда приобретала только профессии представительниц среднего класса, никогда не занималась физическим трудом и не бралась за плохо оплачиваемые профессии. Рынок вполне оправдывает такой подход: родители девочек из среднего класса видят такие профессии в качестве основных, а родители девочек из более бедных слоев населения видят в этих профессиях хорошие ориентиры. Busy Girl Barbie стала первой в череде бесконечных Барби - бизнес-леди, повторяющихся из года в год с разными аксессуарами и под разными названиями: Business Girl, Busy Woman, Business Executive, Working Girl, Office Barbie и т.д. Чем занимаются эти Барби, ""Маттел"" не уточняет, но так или иначе они демонстрируют некоторую четкую позицию: женщина может добиться высоких постов, а карьера - это классно и престижно.\n\nНовые карьерные вариации Барби, как уже было сказано, возникали тогда, когда общественность начинала муссировать тему рабочего статуса женщины, и исчезали, как только эту тему можно было начать игнорировать. Здесь сказался один из главных маркетинговых талантов ""Маттел"" - талант использовать конъюнктуру, запрыгивать на волну обсуждаемой модной темы и соскакивать с нее, когда волна начинает идти на убыль. Профессиональная деятельность Барби развивалась ровно по тем же законам. В 1961 году Элеонора Рузвельт встала во главе Комиссии по вопросам статуса женщин при правительстве Кеннеди. Этот факт наделал много шума, и в том же году Барби получила профессии дипломированной медсестры и стюардессы. В 1963 году комиссия Рузвельта после двух лет исследований опубликовала доклад о дискриминации женщин на рабочих местах, породив целую волну дебатов о допустимых и недопустимых профессиях для представительниц слабого пола. Публикуется Equal Pay Act - речь идет о том, что мужчины и женщины, занимающие одни и те же должности, должны получать равные зарплаты. В том же году ""Маттел"" выпускает Business Woman Barbie (она же называлась Career Girl Barbie). Через год к биллю о гражданских правах добавляется Седьмой параграф - ""против дискриминации при приеме на работу"". Он включает в себя запрет на дискриминацию по половому признаку, но ситуация остается двойственной: ни билль, ни новую поправку невозможно ратифицировать на местах, поскольку фактически отсутствует механизм контроля, заставляющий работодателя соблюдать навязанные ему правила. Женщины, борющиеся за равноправие на рабочих местах, становятся объектом постоянных насмешек и карикатур в прессе. Таким образом, тема существует, но однозначное отношение к ней не выработано. В результате в 1964 и 1965 годах Барби\n\nполучает целый ряд новых профессий, но все они носят очень осторожный и традиционный характер, а некоторые, по понятиям феминисток, заслуживают осуждения. Так, с одной стороны, Барби оказывается космонавтом (что, скорее, объясняется бешеным интересом к теме космоса), с другой - Барби оказывается чирлидером, мажореткой, редактором модного журнала, фотографом моды, учительницей географии и актрисой. В 1966 году она получает еще одну суперженскую профессию - стюардессы в ""Пан-Американ"". До 1972 года никаких особых крупных событий в борьбе женщин за право на свободную карьеру не происходит, и - сюрприз! - ""карьерные"" Барби исчезают. Но в 1972-м году все снова меняется: Конгресс утверждает Девятый параграф Образовательного кодекса - параграф о равных правах на образование. Кроме того, проводится запрет на сегрегированные объявления о найме рабочей силы теперь все объявления должны печататься без специфического указания на предназначение должности для женщин или для мужчин. Девятый параграф означает, что учебные заведения должны отменить квоту на поступление для женщин и отменить запрет принимать женщин на те или иные факультеты. Соответственно, огромное количество представительниц ОтнынеСильного Пола подают заявки на изучение медицины или юриспруденции. Опять бум в прессе, и ""Маттел"" выпускает ""Барби-Хирурга"", очередной раз продемонстрировав свое поразительное умение держать нос по ветру. С 1973 по 1978 год, т.е. на протяжении пяти лет, Барби фактически не занимается своей карьерой - она отдает все свои силы спорту. Говоря конкретно, Барби становится олимпийской чемпионкой: к олимпиаде 1975 года ""Маттел"" выпускает ""Барби-Золотую-медалистку"", ""Барби-Лыжницу"", ""Барби-Конькобежца"" и ""БарбиПловчиху"" - все они выходят в серии ""Олимпийская\n\nБарби"". Однако в 1977 году тема ""женщины и профессия"" возвращается в большой мир: Национальная женская конференция в Техасе собирает невероятное количество участников - 20 тысяч. Тут же на свет появляется ""Барби с утра и до вечера"" (Day & Night Barbie), которую представляют как business executive - ""ответственного руководителя"". Эта же модель перерождается спустя семь лет, в 1985 году, в Business Executive Barbie. С этого момента карьерный рост Барби становится практически непрерывным. Дело в том, что 80-е стали годами окончательной победы деловых женщин. Многочисленные нововведения, облегчающие уход за детьми, социальные структуры, позволяющие матерям работать полный день, нарушение семейных сценариев, в результате которых распад брака становится обыденной ситуацией, что заставляет мать-одиночку постоянно работать с целью обеспечить себя и своих детей, плюс плохо соблюдающаяся, но все же существующая правовая основа, создающая равные условия для работающих женщин и мужчин, - все это окончательно формирует ситуацию, в которой работа становится совершенно неотъемлемой частью жизни женщин. Золотая девочка компании ""Маттел"" тоже берется за ум. С этого момента мы получаем хотя бы одну ""карьерную"" Барби едва ли не каждый год. Например, для женщин все чаще открываются вакансии, раньше доступные только мужчинам, и в конце 80-х - начале 90-х годов телевидение начинает создавать моду на женщинвоенных и женщин-полицейских. Это карьерное направление становится постоянным в мире Барби: оно тем выгоднее для ""Маттел"", что позволяет подчеркнуть патриотизм куклы. В 1989 году выпускается первая Барби в стиле милитари - так называемая Army Barbie. С 1990 года ее военная и полицейская карьера обретает конкретику: мы получаем капитана военно-воздушных сил, в 1991 году - офицера флота, в 1993 году -\n\nодновременно военврача и полицейского, в 1994 году командира летного эскадрона. Причина: огромный интерес общественности к теме армии, вызванный войной в Персидском заливе и ее последствиями. Потом война закончилась, тема армии перестала особо интересовать публику на несколько лет, и Барби оставила свои милитаристские замашки вплоть до 2000 года, когда армейская тема опять оказалась у всех на устах в связи с иракскими событиями. ""Маттел"" немедленно произвела на свет ""Барби-Паратрупера"" в комплекте с аптечкой первой помощи (Барби и Кен - паратруперы продаются в коробках, на задней стенке которых изображены... барханы). Другой пример: в 1992 году из-за обилия женщин, баллотирующихся на государственные посты, пресса заговорила о ""годе женщин"". В том же году мы получили ""Барби-Кандидата-в-президенты"", чей деловой костюм ""одним движением руки"" превращался в вечернее платье со звездами и полосами. Нам сообщалось, что ""Барби отправляется на инаугурационный бал"". Подобную же оперативность ""Маттел"" демонстрирует в 1994 году. Тогда был принят билль о гендерном равенстве в образовании и американское правительство сформулировало позицию, требующую поощрять в девушках интерес к разнообразию в выборе карьеры, в частности - к математике, естественным наукам и тому подобным ""мальчиковым"" сферам деятельности. ""Маттел"" немедленно выпустила целых пять профессиональных Барби: командир летного эскадрона, астронавт, педиатр, ветеринар и пожарник, профессии, по большей части традиционно занимаемые мужчинами. И все-таки проявления доброй воли в чистом виде было недостаточно: существовало слишком много желающих обвинять Барби во всех смертных грехах и, в частности, в проблемах, связанных с социальным статусом женщины. На слишком широкие плечи этой\n\nкуклы со слишком узкой талией возлагали ответственность за неврозы, связанные с восприятием собственной внешности, за женский консюмеризм, одновременно за сексуальную распущенность и сексуальную неудовлетворенность женщин, за то, что мужчины видят в блондинках безмозглых бимбо, и за прочие женские беды и напасти. После того как в 1998 году компания сделала Барби чуть более реалистичной, несколько расширив талию и уменьшив грудь куклы, пришло время еще раз сделать заявку насчет готовности Барби учить девочек прогрессивным идеалам. В 1999 году ""Маттел"" сделала огромную кампанию за пропаганду нового имиджа куклы. Кампания называлась: ""Be anything"". ""Маттел"" подписала контракт с компанией Girls Incorporated, прежде называвшейся ""Girls Club of America"" - крупнейшей организацией для девочек в США (следом за ней по численности участниц идет правильно! - Клуб Любительниц Барби). С этого момента, заявила ""Маттел"", ""все усилия будут сосредоточены не на куклах, а на самих девочках"". Рекламы демонстрировали, что девочка может стать хоккейным вратарем, игроком в теннис, астронавтом, компьютерным инженером словом, фактически кем угодно. Разъяренные феминистки обвинили Girls Incorporated в продажности: мол, всегда было известно, что Барби только притворяется карьерной куклой, а на самом деле торгует консюмеризмом и консервативностью в то время, как Girls Incorporated изначально заявляла, что намерена настраивать девочек на свободу выбора и на осознание своего права заниматься любым делом по своему вкусу. Я помню публикации, в которых противницы союза ""Маттел"" и GI с горечью писали: ""Нет лучшего способа победить своего врага, чем подкупить его"". Так или иначе союз возник. С этого момента ""Маттел"" продвигала как бы не кукол, а новые ценности: право мечтать о достижениях, право играть в любые игры и побеждать. Совместно две\n\nдевичьих организации проводили акции по профессиональному ориентированию, телешоу, круглые столы. ""Маттел"" выпустила новую игровую серию кукол под названием: ""I can be"" - целых шесть карьерных кукол в один год. В этой серии появилась - ""Барби-Пилот"", опять ""Барби-Working-Woman"" (с ноутбуком, мобильным телефоном и неопределимой сферой деятельности), ""Барби-Учительница-языка-жестов"" (со сгибающимися пальчиками), ""Барби-Футболистка"", ""Барби-Сыщик"" и ""Барби-Игрок-в-бейсбол-из-высшей-лиги"". Правда, в этом же году были выпущены на заказ ""Барби-Официантка"" (для компании ""Кока-Кола"") и ""Барби-Косметолог"" (для компании ""Эйвон""). В 2000 году серия продолжилась; появилась ""Барби-Педиатр"", ""Барби-Учительницавождения"" и ""Барби-Учительница рисования"". Но самым интересным дополнением к карьерной линии ""Маттел"" стала ""Барби-Президент-США"", если верить рекламному плакату, ""готовая приступить к работе в Овальном офисе"". В свете близящихся президентских выборов кукла раскупалась на ура. Последний на сегодняшний день карьерный рывок Барби совершила в 2002 году. С тех пор никакого особого интереса в профессиональной деятельности у этой куклы не наблюдалось. С тех пор появилась только одна Барби, которую можно было бы причислить к профессиональным: в 2004 году ""Маттел"" выпустила в серии ""Happy family"" Барби под названием ""Baby Doctor"" - короче говоря, специалист по неонатальной медицине. Ей предстояло возиться с новорожденным младенцем подруги Мидж. На официальном сайте Барби существует трудно находимый раздел ""I can be"", так или иначе посвященный будущим карьерным занятиям девочек. Здесь предлагается пять вариантов профессий: врач, художник, учитель рисования, балерина и фигуристка как видим, ничего радикального. Сторонницы билля о гендерном равенстве в образовании имеют полное право\n\nупрекать Барби в ограниченности и консервативности: здесь нет профессий хакера, архитектора, машиниста и финансового аналитика. Но в то же время профессии, присутствующие в списке на сайте, во-первых, требуют серьезного труда, а во-вторых, связаны с творческим самовыражением. Правда, в этом списке, как в психометрическом тесте, вызывает подозрение слово ""доктор"" - оно кажется лишним в ряду и, видимо, является очередным примером защитного буфера. Впрочем, если смотреть на более или менее полный список профессий Барби за все годы ее существования, то в целом невозможно упрекнуть ее в потакании сугубо женским занятиям, особенно в последнее время. Мажоретка и чирлидер могут вызвать возмущение у тех, для кого эти занятия сами по себе ассоциируются с тупоголовыми блондинками, но в целом традиционные упреки в адрес Барби сейчас кажутся мне несколько необоснованными. Если что-то и вызывает у меня неприязнь, то это, скорее, не выбор кукольных профессий как таковой, а то, как все эти профессии подаются. Тут ситуация похожа на уже рассмотренную ситуацию с деньгами: совершенно непонятно, откуда что берется. Создается такое впечатление, что Барби приобретает новые профессии так же, как она приобретает новые машины - по щучьему велению, по своему хотению. Она не знает не только трудностей, связанных с получением той или иной профессии, но и трудностей, связанных с профессиональной практикой. В ее деятельности нет элементов труда или усталости. В любом из ее занятий вообще нет отрицательных или неприятных сторон. Начинает казаться, что доктор Барби никогда в жизни не видела ни крови, ни смерти, а Барби-следователь напоминает Айс Вентуру - сыщика по делам домашних животных, а не реального следователя, постоянно имеющего дело с самыми неприглядными сторонами\n\nжизни. Когда я узнала, что ""Маттел"" выпустила Барбипалеонтолога, во мне затеплилась надежда: в конце концов, вот уж профессия, в которой основные аксессуары - пыль да кости. Но выяснилось, что Барби в роли исследователя прошлого выкапывает из земли не окаменелости и не останки мертвых животных, а целых разноцветных динозавриков. В общем, о Барби как об инструменте профессионального ориентирования не может быть и речи, что бы ""Маттел"" ни говорила. Нигде, никогда, никаким образом нам не рассказывают о причинах, по которым Барби выбирает ту или иную карьеру. Нам обычно не говорят о талантах или наклонностях, которыми надо обладать для выполнения тех или иных профессиональных обязанностей, не описывают путь, который необходимо пройти для получения соответствующих навыков. Нам не рассказывают о том, как устроены трудовые будни того же дантиста, или палеонтолога, или даже редактора модного журнала. Типичная сцена из журнальчиков про Барби - Барбидоктор держит за ручку очередного пациента, который благодарит ее не за лечение, связанное, как уже было сказано, с неприятными процедурами, а за добрый совет по поводу сохранения и без того прекрасного здоровья. Так что о профессиональном ориентировании речь не идет - максимум речь идет о некотором условном и очень поверхностном стимулировании интереса к той или иной профессии. Впрочем, меня не оставляет ощущение, что и этого более чем достаточно. Все карьерные Барби делаются, как уже говорилось, не для самих девочек, а для их родителей. Девочки хотят играть в принцесс или в вечеринки и переодевать своих кукол из одной одежки в другую. Если у их мам и пап становится легче на душе от присутствия в наборе некоего подобия зеленой формы хирурга или строгой полицейской униформы, ""Маттел""\n\nготова производить и промотировать такие вариации куклы. Каждая из них стоит от 10 до 25 долларов, и если родители, озабоченные будущим девочки, подарят ей на Новый год Барби-палеонтолога, это будет лучше, чем если озабоченные ее будущим родители не подарят своей дочери ни единой Барби вообще. И в этом аспекте, как и во всех остальных, мир Барби создается исключительно по запросам и требованиям мира вокруг Барби.\n\nЧасть третья\n\nМИР ВОКРУГ БАРБИ\n\nПЕРВИЧНЫЙ ТЕКСТ ИСТОЧНИКА:\nГлава девятая. Девушки могут все: занятия и профессии Барби\n\nИсточник: Линор Горалик, «Полая женщина: Мир Барби изнутри и снаружи» (НЛО, 2005).\n\nГлава девятая\n\nДЕВУШКИ МОГУТ ВСЕ: ЗАНЯТИЯ И ПРОФЕССИИ БАРБИ\n\nТо, как Барби проводит время, невольно заставляет думать о серьезных психологических проблемах этой юной девушки, впрочем частично объясняющихся отсутствием у нее добрых и любящих родителей. Барби испытывает мучительную потребность во внешней\n\nоценке и внешнем одобрении, что постоянно толкает ее на все новые и новые социальные и карьерные достижения. Она фантастически, невыносимо экстравертна и явно не способна хоть на пять минут остаться одна. О времяпрепровождении Барби мы узнаем из описания новых выходящих на рынок моделей, ""Барбикниг"" и посвященных этой кукле журналов. Удивительным образом бесконечная череда вечеринок, туристических поездок и походов в кафе с друзьями не помешала Барби освоить более семи десятков профессий за последние сорок шесть лет. Составить полный список всех карьерных достижений Барби практически невозможно: довольно большое количество таких моделей было выпущено ""Маттел"" не для общего рынка, а для каких-нибудь крупных торговых марок или для сетей универсальных магазинов. Например, существовала Барби - продавщица кока-колы, сделанная соответственно по заказу корпорации ""Кока-Кола"", и Барби распространительница продуктов компании Avon, сделанная по заказу Avon Cosmetics. Особая Барби была произведена ""Маттел"" к юбилею сети игрушечных магазинов ""Toys Are Us"", специально разработанная маленькая Барби продавалась в ""Макдоналдсе"" - словом, примеров хватает Все ""профессиональные"" Барби принадлежат игровой линии Если я не ошибаюсь, карьерные Барби никогда не выпускались в коллекционных сериях, кроме нескольких куколок в серии ""Silkstone"", скажем, ""БарбиРедактор-раздела-моды"" и ""Кен-Инсайдер-моднойиндустрии"". Помню, что мой собственный вопрос о коллекционных Барби-""профессионалках"" не вызвал энтузиазма на форуме собирателей куклы. Я готова предположить, что дело здесь не только в том и даже далеко не в том, что для профессиональной Барби невозможно создать роскошный наряд, - в конце концов\n\nБоб Мэки наверняка прекрасно одел бы ""БарбиУкротительницу-львов"" или ""Барби-Флориста"". Просто профессиональная Барби, видимо, не очень интересует взрослых коллекционеров, потому что им за глаза и за уши хватает собственной профессиональной деятельности. Они, я полагаю, не видят особой радости в том, чтобы тащить домой куклу-бизнесмена или куклуврача. Но гораздо больше нам говорит тот факт, что в ""профессиональных"" Барби не слишком заинтересованы не только взрослые, но и дети. Дети вообще редко играют в конкретные профессии, кроме знаменитой игры в доктора, которая, как известно, преследует цели, далекие от профориентации. Бывают, конечно, игры в спасателей, пожарников или милицию и воров, но и здесь, как мы все понимаем, о развитии вкуса к будущей профессии речь не идет. Иногда дети играют в профессии, которыми занимаются их родители, самым поверхностным образом имитируя известные им элементы этих профессий с целью отыграть те или иные жизненные ситуации. Мне трудно представить себе, что мои собственные племянники ни с того ни с сего устроят серьезную и целенаправленную игру в палеонтологов или программистов. Игра в ветеринара может иметь тяжелые последствия для кошки и вряд ли напрямую связана с желанием как следует понять основы этой благородной профессии. Девочки предаются ""профессиональным"" играм еще реже, чем мальчики. Я рискну предположить, что большинство девочек предпочтет получить в подарок ""Барби-Принцессу"", ""Барби-День-рождения"", ""Барбиидет-на-пляж"" или ""Барби-катается-на-роликовыхконьках"", а не ""Барби-Дантиста"" или ""Барби-Бизнеследи"". Не сомневаюсь, что компания ""Маттел"" прекрасно это понимает, - и все-таки выпускать карьерных Барби ей приходится постоянно. Такое упорство вызвано отнюдь не запросом рынка, то есть не желанием маленьких\n\nдевочек приобрести ""Барби-Палеонтолога"" или ""БарбиСтюардессу"", а социальным давлением, постоянно оказываемым на ""Маттел"" со стороны прессы и родителей. Если бы Барби не занималась чем-нибудь трудоемким и престижным для зарабатывания собственного хлеба, ""Маттел"" было бы гораздо труднее отражать атаки, связанные с консюмеризмом куклы и с ее навязчивой привычкой следовать моде; кроме того, было бы гораздо сложнее говорить о позитивном влиянии Барби в деле воспитания молодого поколения. В целом ряде случаев ""Маттел"" выдвигает эти вариации своей модной куколки вперед на манер щита. Одна умная, но скучно одетая Барби защищает целую плеяду своих красивых, расфуфыренных и легкомысленных сестер. Именно давление со стороны родителей, феминисток, педагогов и прессы заставляет ""Маттел"" постоянно прилагать большие усилия для того, чтобы взгляды Барби на работу и карьеру можно было считать передовыми и даже опережающими время. Любимый пример, приводимый компанией каждый раз, когда речь заходит о карьерных достижениях их куклы, - ""Барби-Астронавт"" производства 1965 года, ""полетевшая в космос задолго до того, как первая женщина действительно ступила на борт космического корабля"". Однако других особо ярких примеров такого рода у компании ""Маттел"" нет. Я с большим удовольствием потратила несколько дней, накладывая хронологию карьерного развития Барби на историю женского движения и в особенности на историю борьбы женщин за карьерное равноправие с 1959 года - года выпуска Барби и по сегодняшний день. Такое сравнение позволяет увидеть, что в плане карьеры Барби действует фактически так же, как она действует в плане моды, т.е. оказывается не лидером-провозвестником новых тенденций, а их легитимизатором и в некоторой мере барометром происходящего. Можно быть твердо уверенным, что если\n\nБарби начала развивать деятельность на том или ином поприще, то поприще это уже некоторое время надежно существует в качестве игровой площадки для женщин в реальном мире. Скажем, в 1956 году, т.е. в том году, когда Хендлер изобрела Барби (ей, как мы помним, потребовалось три года, чтобы уговорить своих партнеров начать выпускать куклу), журнал ""Life"" назвал ""идеалом американской женщины"" тридцатидвухлетнюю мать четверых детей, естественно, нигде не работающую. Однако за три года, прошедшие до выхода Барби на рынок, реальность сильно изменилась. Именно тогда, в конце 50-х, поднялась так называемая ""вторая волна женского движения"" (первую относят к 20 - 30-м годам прошлого века). Новые борцы за права женщин требовали уже не таких базовых вещей, как право голосования, посещения любых общественных заведений и осуществления финансовых операций, но подлинного равенства женщин и мужчин в самых разных областях деятельности. Крах американской мечты 50-х привел к тому, что все больше и больше женщин стали занимать рабочие места, до сих пор отводившиеся в основном мужчинам. Для семьи все существеннее становился заработок жены, превратившийся в полновесную составляющую семейного бюджета. К началу 60-х новые феминистки Америки смогли составить общее представление о ситуации с женским трудом в США. Ситуация была аховой: там, где мужчина получал за свою работу доллар, женщина получала за ту же работу 63 цента. В результате схлопывания военной индустрии женщины теряли места на фабриках и заводах, а частный сектор, переставший испытывать недостаток мужских рук, всегда предпочитал взять на вакантное место мужчину, а не женщину, - пусть мужчине и приходилось платить больше. В газетах объявлений сообщения о поиске работников были разделены на две категории: ""Женщины"" и ""Мужчины"". Только два процента\n\nпредставителей интеллектуальных профессий - врачей, адвокатов, судей, дантистов, инженеров, архитекторов были женщинами. Подавляющее большинство престижных университетов не допускало женщин на значительную часть факультетов или имело жесткую квоту: иногда 1 женщина на 50 абитуриентов. Все эти факторы определили направление нового витка борьбы за права женщин - это была борьба за равенство на рабочих местах. В 1959 - 1960 годах тема ""Женщины и карьера"" была одной из самых дебатируемых в прессе. Выходила масса статей ""за"" и ""против"" работающих женщин. Представительницы разных профессий шумно спорили в популярных ток-шоу с мужчинами, отстаивающими семейные ценности. Именно тогда впервые проявилась интересная тенденция, определявшая развитие карьеры Барби в течении как минимум трех десятилетий: ее профессиональные достижения всегда были связаны не так с конкретным положением дел на рынке женского труда и даже не так с какими-нибудь специфическими событиями позитивного и негативного толка в этой области, как с шумихой, возникающей вокруг тех или иных аспектов темы. Скажем, в 1960 году ""Маттел"" выпустила Busy Girl Barbie. Считалось, что она ""дизайнер моды"", т.е., с одной стороны, женщина как бы работающая и как бы занимающаяся креативной профессией, но в то же время никоим образом не преступающая границы традиционных женских занятий (как известно, мужчины-кутюрье стали довольно поздним приобретением XX века). До этого момента Барби существовала в совсем немногих вариациях: исходная Барби 1959 года была фотомоделью, у нее был купальник, свадебное платье, костюм балерины и еще один наряд для свободного времяпрепровождения. Однако Busy Girl сильно отличалась от предыдущих вариаций: на ней был твидовый костюм, длинные перчатки и строгая шапочка. По большому счету девочки\n\nмогли видеть в ней собственных мам - благо работающих мам именно в конце 50-х - начале 60-х стало больше, чем когда-либо в истории. Никаких особых аксессуаров у этой Барби не было. Если верить данным, опубликованным Национальной организацией женщин Америки, в начале 60-х очень и очень многие женщины зарабатывали себе на жизнь тяжелым физическим трудом, они были механиками, электриками, водителями автобусов и даже шахтерами. Но рабочая девушка Барби, естественно, не намеревалась надевать каску и рабочую куртку. Я не знаю, так ли одевались в те годы дизайнеры моды, но твидовый костюм, маленькая шапочка и длинные перчатки были фактически униформой девушек из хороших семей, желающих заняться чем-нибудь полезным, пока им не попадется подходящий кандидат в мужья. Так могла выглядеть любая секретарша, машинистка, переписчица, в лучшем случае учительница. Эта первая ""деловая Барби"" фактически заложила основу всей будущей карьеры Барби. И действительно, Барби всегда приобретала только профессии представительниц среднего класса, никогда не занималась физическим трудом и не бралась за плохо оплачиваемые профессии. Рынок вполне оправдывает такой подход: родители девочек из среднего класса видят такие профессии в качестве основных, а родители девочек из более бедных слоев населения видят в этих профессиях хорошие ориентиры. Busy Girl Barbie стала первой в череде бесконечных Барби - бизнес-леди, повторяющихся из года в год с разными аксессуарами и под разными названиями: Business Girl, Busy Woman, Business Executive, Working Girl, Office Barbie и т.д. Чем занимаются эти Барби, ""Маттел"" не уточняет, но так или иначе они демонстрируют некоторую четкую позицию: женщина может добиться высоких постов, а карьера - это классно и престижно.\n\nНовые карьерные вариации Барби, как уже было сказано, возникали тогда, когда общественность начинала муссировать тему рабочего статуса женщины, и исчезали, как только эту тему можно было начать игнорировать. Здесь сказался один из главных маркетинговых талантов ""Маттел"" - талант использовать конъюнктуру, запрыгивать на волну обсуждаемой модной темы и соскакивать с нее, когда волна начинает идти на убыль. Профессиональная деятельность Барби развивалась ровно по тем же законам. В 1961 году Элеонора Рузвельт встала во главе Комиссии по вопросам статуса женщин при правительстве Кеннеди. Этот факт наделал много шума, и в том же году Барби получила профессии дипломированной медсестры и стюардессы. В 1963 году комиссия Рузвельта после двух лет исследований опубликовала доклад о дискриминации женщин на рабочих местах, породив целую волну дебатов о допустимых и недопустимых профессиях для представительниц слабого пола. Публикуется Equal Pay Act - речь идет о том, что мужчины и женщины, занимающие одни и те же должности, должны получать равные зарплаты. В том же году ""Маттел"" выпускает Business Woman Barbie (она же называлась Career Girl Barbie). Через год к биллю о гражданских правах добавляется Седьмой параграф - ""против дискриминации при приеме на работу"". Он включает в себя запрет на дискриминацию по половому признаку, но ситуация остается двойственной: ни билль, ни новую поправку невозможно ратифицировать на местах, поскольку фактически отсутствует механизм контроля, заставляющий работодателя соблюдать навязанные ему правила. Женщины, борющиеся за равноправие на рабочих местах, становятся объектом постоянных насмешек и карикатур в прессе. Таким образом, тема существует, но однозначное отношение к ней не выработано. В результате в 1964 и 1965 годах Барби\n\nполучает целый ряд новых профессий, но все они носят очень осторожный и традиционный характер, а некоторые, по понятиям феминисток, заслуживают осуждения. Так, с одной стороны, Барби оказывается космонавтом (что, скорее, объясняется бешеным интересом к теме космоса), с другой - Барби оказывается чирлидером, мажореткой, редактором модного журнала, фотографом моды, учительницей географии и актрисой. В 1966 году она получает еще одну суперженскую профессию - стюардессы в ""Пан-Американ"". До 1972 года никаких особых крупных событий в борьбе женщин за право на свободную карьеру не происходит, и - сюрприз! - ""карьерные"" Барби исчезают. Но в 1972-м году все снова меняется: Конгресс утверждает Девятый параграф Образовательного кодекса - параграф о равных правах на образование. Кроме того, проводится запрет на сегрегированные объявления о найме рабочей силы теперь все объявления должны печататься без специфического указания на предназначение должности для женщин или для мужчин. Девятый параграф означает, что учебные заведения должны отменить квоту на поступление для женщин и отменить запрет принимать женщин на те или иные факультеты. Соответственно, огромное количество представительниц ОтнынеСильного Пола подают заявки на изучение медицины или юриспруденции. Опять бум в прессе, и ""Маттел"" выпускает ""Барби-Хирурга"", очередной раз продемонстрировав свое поразительное умение держать нос по ветру. С 1973 по 1978 год, т.е. на протяжении пяти лет, Барби фактически не занимается своей карьерой - она отдает все свои силы спорту. Говоря конкретно, Барби становится олимпийской чемпионкой: к олимпиаде 1975 года ""Маттел"" выпускает ""Барби-Золотую-медалистку"", ""Барби-Лыжницу"", ""Барби-Конькобежца"" и ""БарбиПловчиху"" - все они выходят в серии ""Олимпийская\n\nБарби"". Однако в 1977 году тема ""женщины и профессия"" возвращается в большой мир: Национальная женская конференция в Техасе собирает невероятное количество участников - 20 тысяч. Тут же на свет появляется ""Барби с утра и до вечера"" (Day & Night Barbie), которую представляют как business executive - ""ответственного руководителя"". Эта же модель перерождается спустя семь лет, в 1985 году, в Business Executive Barbie. С этого момента карьерный рост Барби становится практически непрерывным. Дело в том, что 80-е стали годами окончательной победы деловых женщин. Многочисленные нововведения, облегчающие уход за детьми, социальные структуры, позволяющие матерям работать полный день, нарушение семейных сценариев, в результате которых распад брака становится обыденной ситуацией, что заставляет мать-одиночку постоянно работать с целью обеспечить себя и своих детей, плюс плохо соблюдающаяся, но все же существующая правовая основа, создающая равные условия для работающих женщин и мужчин, - все это окончательно формирует ситуацию, в которой работа становится совершенно неотъемлемой частью жизни женщин. Золотая девочка компании ""Маттел"" тоже берется за ум. С этого момента мы получаем хотя бы одну ""карьерную"" Барби едва ли не каждый год. Например, для женщин все чаще открываются вакансии, раньше доступные только мужчинам, и в конце 80-х - начале 90-х годов телевидение начинает создавать моду на женщинвоенных и женщин-полицейских. Это карьерное направление становится постоянным в мире Барби: оно тем выгоднее для ""Маттел"", что позволяет подчеркнуть патриотизм куклы. В 1989 году выпускается первая Барби в стиле милитари - так называемая Army Barbie. С 1990 года ее военная и полицейская карьера обретает конкретику: мы получаем капитана военно-воздушных сил, в 1991 году - офицера флота, в 1993 году -\n\nодновременно военврача и полицейского, в 1994 году командира летного эскадрона. Причина: огромный интерес общественности к теме армии, вызванный войной в Персидском заливе и ее последствиями. Потом война закончилась, тема армии перестала особо интересовать публику на несколько лет, и Барби оставила свои милитаристские замашки вплоть до 2000 года, когда армейская тема опять оказалась у всех на устах в связи с иракскими событиями. ""Маттел"" немедленно произвела на свет ""Барби-Паратрупера"" в комплекте с аптечкой первой помощи (Барби и Кен - паратруперы продаются в коробках, на задней стенке которых изображены... барханы). Другой пример: в 1992 году из-за обилия женщин, баллотирующихся на государственные посты, пресса заговорила о ""годе женщин"". В том же году мы получили ""Барби-Кандидата-в-президенты"", чей деловой костюм ""одним движением руки"" превращался в вечернее платье со звездами и полосами. Нам сообщалось, что ""Барби отправляется на инаугурационный бал"". Подобную же оперативность ""Маттел"" демонстрирует в 1994 году. Тогда был принят билль о гендерном равенстве в образовании и американское правительство сформулировало позицию, требующую поощрять в девушках интерес к разнообразию в выборе карьеры, в частности - к математике, естественным наукам и тому подобным ""мальчиковым"" сферам деятельности. ""Маттел"" немедленно выпустила целых пять профессиональных Барби: командир летного эскадрона, астронавт, педиатр, ветеринар и пожарник, профессии, по большей части традиционно занимаемые мужчинами. И все-таки проявления доброй воли в чистом виде было недостаточно: существовало слишком много желающих обвинять Барби во всех смертных грехах и, в частности, в проблемах, связанных с социальным статусом женщины. На слишком широкие плечи этой\n\nкуклы со слишком узкой талией возлагали ответственность за неврозы, связанные с восприятием собственной внешности, за женский консюмеризм, одновременно за сексуальную распущенность и сексуальную неудовлетворенность женщин, за то, что мужчины видят в блондинках безмозглых бимбо, и за прочие женские беды и напасти. После того как в 1998 году компания сделала Барби чуть более реалистичной, несколько расширив талию и уменьшив грудь куклы, пришло время еще раз сделать заявку насчет готовности Барби учить девочек прогрессивным идеалам. В 1999 году ""Маттел"" сделала огромную кампанию за пропаганду нового имиджа куклы. Кампания называлась: ""Be anything"". ""Маттел"" подписала контракт с компанией Girls Incorporated, прежде называвшейся ""Girls Club of America"" - крупнейшей организацией для девочек в США (следом за ней по численности участниц идет правильно! - Клуб Любительниц Барби). С этого момента, заявила ""Маттел"", ""все усилия будут сосредоточены не на куклах, а на самих девочках"". Рекламы демонстрировали, что девочка может стать хоккейным вратарем, игроком в теннис, астронавтом, компьютерным инженером словом, фактически кем угодно. Разъяренные феминистки обвинили Girls Incorporated в продажности: мол, всегда было известно, что Барби только притворяется карьерной куклой, а на самом деле торгует консюмеризмом и консервативностью в то время, как Girls Incorporated изначально заявляла, что намерена настраивать девочек на свободу выбора и на осознание своего права заниматься любым делом по своему вкусу. Я помню публикации, в которых противницы союза ""Маттел"" и GI с горечью писали: ""Нет лучшего способа победить своего врага, чем подкупить его"". Так или иначе союз возник. С этого момента ""Маттел"" продвигала как бы не кукол, а новые ценности: право мечтать о достижениях, право играть в любые игры и побеждать. Совместно две\n\nдевичьих организации проводили акции по профессиональному ориентированию, телешоу, круглые столы. ""Маттел"" выпустила новую игровую серию кукол под названием: ""I can be"" - целых шесть карьерных кукол в один год. В этой серии появилась - ""Барби-Пилот"", опять ""Барби-Working-Woman"" (с ноутбуком, мобильным телефоном и неопределимой сферой деятельности), ""Барби-Учительница-языка-жестов"" (со сгибающимися пальчиками), ""Барби-Футболистка"", ""Барби-Сыщик"" и ""Барби-Игрок-в-бейсбол-из-высшей-лиги"". Правда, в этом же году были выпущены на заказ ""Барби-Официантка"" (для компании ""Кока-Кола"") и ""Барби-Косметолог"" (для компании ""Эйвон""). В 2000 году серия продолжилась; появилась ""Барби-Педиатр"", ""Барби-Учительницавождения"" и ""Барби-Учительница рисования"". Но самым интересным дополнением к карьерной линии ""Маттел"" стала ""Барби-Президент-США"", если верить рекламному плакату, ""готовая приступить к работе в Овальном офисе"". В свете близящихся президентских выборов кукла раскупалась на ура. Последний на сегодняшний день карьерный рывок Барби совершила в 2002 году. С тех пор никакого особого интереса в профессиональной деятельности у этой куклы не наблюдалось. С тех пор появилась только одна Барби, которую можно было бы причислить к профессиональным: в 2004 году ""Маттел"" выпустила в серии ""Happy family"" Барби под названием ""Baby Doctor"" - короче говоря, специалист по неонатальной медицине. Ей предстояло возиться с новорожденным младенцем подруги Мидж. На официальном сайте Барби существует трудно находимый раздел ""I can be"", так или иначе посвященный будущим карьерным занятиям девочек. Здесь предлагается пять вариантов профессий: врач, художник, учитель рисования, балерина и фигуристка как видим, ничего радикального. Сторонницы билля о гендерном равенстве в образовании имеют полное право\n\nупрекать Барби в ограниченности и консервативности: здесь нет профессий хакера, архитектора, машиниста и финансового аналитика. Но в то же время профессии, присутствующие в списке на сайте, во-первых, требуют серьезного труда, а во-вторых, связаны с творческим самовыражением. Правда, в этом списке, как в психометрическом тесте, вызывает подозрение слово ""доктор"" - оно кажется лишним в ряду и, видимо, является очередным примером защитного буфера. Впрочем, если смотреть на более или менее полный список профессий Барби за все годы ее существования, то в целом невозможно упрекнуть ее в потакании сугубо женским занятиям, особенно в последнее время. Мажоретка и чирлидер могут вызвать возмущение у тех, для кого эти занятия сами по себе ассоциируются с тупоголовыми блондинками, но в целом традиционные упреки в адрес Барби сейчас кажутся мне несколько необоснованными. Если что-то и вызывает у меня неприязнь, то это, скорее, не выбор кукольных профессий как таковой, а то, как все эти профессии подаются. Тут ситуация похожа на уже рассмотренную ситуацию с деньгами: совершенно непонятно, откуда что берется. Создается такое впечатление, что Барби приобретает новые профессии так же, как она приобретает новые машины - по щучьему велению, по своему хотению. Она не знает не только трудностей, связанных с получением той или иной профессии, но и трудностей, связанных с профессиональной практикой. В ее деятельности нет элементов труда или усталости. В любом из ее занятий вообще нет отрицательных или неприятных сторон. Начинает казаться, что доктор Барби никогда в жизни не видела ни крови, ни смерти, а Барби-следователь напоминает Айс Вентуру - сыщика по делам домашних животных, а не реального следователя, постоянно имеющего дело с самыми неприглядными сторонами\n\nжизни. Когда я узнала, что ""Маттел"" выпустила Барбипалеонтолога, во мне затеплилась надежда: в конце концов, вот уж профессия, в которой основные аксессуары - пыль да кости. Но выяснилось, что Барби в роли исследователя прошлого выкапывает из земли не окаменелости и не останки мертвых животных, а целых разноцветных динозавриков. В общем, о Барби как об инструменте профессионального ориентирования не может быть и речи, что бы ""Маттел"" ни говорила. Нигде, никогда, никаким образом нам не рассказывают о причинах, по которым Барби выбирает ту или иную карьеру. Нам обычно не говорят о талантах или наклонностях, которыми надо обладать для выполнения тех или иных профессиональных обязанностей, не описывают путь, который необходимо пройти для получения соответствующих навыков. Нам не рассказывают о том, как устроены трудовые будни того же дантиста, или палеонтолога, или даже редактора модного журнала. Типичная сцена из журнальчиков про Барби - Барбидоктор держит за ручку очередного пациента, который благодарит ее не за лечение, связанное, как уже было сказано, с неприятными процедурами, а за добрый совет по поводу сохранения и без того прекрасного здоровья. Так что о профессиональном ориентировании речь не идет - максимум речь идет о некотором условном и очень поверхностном стимулировании интереса к той или иной профессии. Впрочем, меня не оставляет ощущение, что и этого более чем достаточно. Все карьерные Барби делаются, как уже говорилось, не для самих девочек, а для их родителей. Девочки хотят играть в принцесс или в вечеринки и переодевать своих кукол из одной одежки в другую. Если у их мам и пап становится легче на душе от присутствия в наборе некоего подобия зеленой формы хирурга или строгой полицейской униформы, ""Маттел""\n\nготова производить и промотировать такие вариации куклы. Каждая из них стоит от 10 до 25 долларов, и если родители, озабоченные будущим девочки, подарят ей на Новый год Барби-палеонтолога, это будет лучше, чем если озабоченные ее будущим родители не подарят своей дочери ни единой Барби вообще. И в этом аспекте, как и во всех остальных, мир Барби создается исключительно по запросам и требованиям мира вокруг Барби.\n\nЧасть третья\n\nМИР ВОКРУГ БАРБИ', 'source_citation': {'locator': 'гл. 9, «Девушки могут всё»', 'quote': 'Одна умная, но скучно одетая Барби защищает целую плеяду своих красивых, расфуфыренных и легкомысленных сестер.'}, 'web_confirmations': [{'url': 'local://goralik-polaya-zhenshchina/ch09', 'title': 'Горалик · Полая женщина · глава 9', 'snippet': 'Глава девятая. Девушки могут все: занятия и профессии Барби\n\nИсточник: Линор Горалик, «Полая женщина: Мир Барби изнутри и снаружи» (НЛО, 2005).\n\nГлава девятая\n\nДЕВУШКИ МОГУТ ВСЕ: ЗАНЯТИЯ И ПРОФЕССИИ БАРБИ\n\nТо, как Барби проводит время, невольно заставляет думать о серьезных психологических проблемах этой юной девушки, впрочем частично объясняющихся отсутствием у нее добрых и любящих родителей. Барби испытывает мучительную потребность во внешней\n\nоценке и внешнем одобрении, что постоянно толкает ее на все новые и новые социальные и карьерные достижения. Она фантастически, невыносимо экстравертна и явно не способна хоть на пять минут остаться одна. О времяпрепровождении Барби мы узнаем из описания новых выходящих на рынок моделей, ""Барбикниг"" и посвященных этой кукле журналов. Удивительным образом бесконечная череда вечеринок, туристических поездок и походов в кафе с друзьями не помешала Барби освоить более семи десятков профессий за последние сорок шесть лет. Составить полный список всех карьерных достижений Барби практически невозможно: довольно большое количество таких моделей было выпущено ""Маттел"" не для общего рынка, а для каких-нибудь крупных торговых марок или для сетей универсальных магазинов. Например, существовала Барби - продавщица кока-колы, сделанная соответственно по заказу корпорации ""Кока-Кола"", и Барби распространительница продуктов компании Avon, сделанная по заказу Avon Cosmetics. Особая Барби была произведена ""Маттел"" к юбилею сети игрушечных магазинов ""Toys Are Us"", специально разработанная маленькая Барби продавалась в ""Макдоналдсе"" - словом, примеров хватает Все ""профессиональные"" Барби принадлежат игровой линии Если я не ошибаюсь, карьерные Барби никогда не выпускались в коллекционных сериях, кроме нескольких куколок в серии ""Silkstone"", скажем, ""БарбиРедактор-раздела-моды"" и ""Кен-Инсайдер-моднойиндустрии"". Помню, что мой собственный вопрос о коллекционных Барби-""профессионалках"" не вызвал энтузиазма на форуме собирателей куклы. Я готова предположить, что дело здесь не только в том и даже далеко не в том, что для профессиональной Барби невозможно создать роскошный наряд, - в конце концов\n\nБоб Мэки наверняка прекрасно одел бы ""БарбиУкротительницу-львов"" или ""Барби-Флориста"". Просто профессиональная Барби, видимо, не очень интересует взрослых коллекционеров, потому что им за глаза и за уши хватает собственной профессиональной деятельности. Они, я полагаю, не видят особой радости в том, чтобы тащить домой куклу-бизнесмена или куклуврача. Но гораздо больше нам говорит тот факт, что в ""профессиональных"" Барби не слишком заинтересованы не только взрослые, но и дети. Дети вообще редко играют в конкретные профессии, кроме знаменитой игры в доктора, которая, как известно, преследует цели, далекие от профориентации. Бывают, конечно, игры в спасателей, пожарников или милицию и воров, но и здесь, как мы все понимаем, о развитии вкуса к будущей профессии речь не идет. Иногда дети играют в профессии, которыми занимаются их родители, самым поверхностным образом имитируя известные им элементы этих профессий с целью отыграть те или иные жизненные ситуации. Мне трудно представить себе, что мои собственные племянники ни с того ни с сего устроят серьезную и целенаправленную игру в палеонтологов или программистов. Игра в ветеринара может иметь тяжелые последствия для кошки и вряд ли напрямую связана с желанием как следует понять основы этой благородной профессии. Девочки предаются ""профессиональным"" играм еще реже, чем мальчики. Я рискну предположить, что большинство девочек предпочтет получить в подарок ""Барби-Принцессу"", ""Барби-День-рождения"", ""Барбиидет-на-пляж"" или ""Барби-катается-на-роликовыхконьках"", а не ""Барби-Дантиста"" или ""Барби-Бизнеследи"". Не сомневаюсь, что компания ""Маттел"" прекрасно это понимает, - и все-таки выпускать карьерных Барби ей приходится постоянно. Такое упорство вызвано отнюдь не запросом рынка, то есть не желанием маленьких\n\nдевочек приобрести ""Барби-Палеонтолога"" или ""БарбиСтюардессу"", а социальным давлением, постоянно оказываемым на ""Маттел"" со стороны прессы и родителей. Если бы Барби не занималась чем-нибудь трудоемким и престижным для зарабатывания собственного хлеба, ""Маттел"" было бы гораздо труднее отражать атаки, связанные с консюмеризмом куклы и с ее навязчивой привычкой следовать моде; кроме того, было бы гораздо сложнее говорить о позитивном влиянии Барби в деле воспитания молодого поколения. В целом ряде случаев ""Маттел"" выдвигает эти вариации своей модной куколки вперед на манер щита. Одна умная, но скучно одетая Барби защищает целую плеяду своих красивых, расфуфыренных и легкомысленных сестер. Именно давление со стороны родителей, феминисток, педагогов и прессы заставляет ""Маттел"" постоянно прилагать большие усилия для того, чтобы взгляды Барби на работу и карьеру можно было считать передовыми и даже опережающими время. Любимый пример, приводимый компанией каждый раз, когда речь заходит о карьерных достижениях их куклы, - ""Барби-Астронавт"" производства 1965 года, ""полетевшая в космос задолго до того, как первая женщина действительно ступила на борт космического корабля"". Однако других особо ярких примеров такого рода у компании ""Маттел"" нет. Я с большим удовольствием потратила несколько дней, накладывая хронологию карьерного развития Барби на историю женского движения и в особенности на историю борьбы женщин за карьерное равноправие с 1959 года - года выпуска Барби и по сегодняшний день. Такое сравнение позволяет увидеть, что в плане карьеры Барби действует фактически так же, как она действует в плане моды, т.е. оказывается не лидером-провозвестником новых тенденций, а их легитимизатором и в некоторой мере барометром происходящего. Можно быть твердо уверенным, что если\n\nБарби начала развивать деятельность на том или ином поприще, то поприще это уже некоторое время надежно существует в качестве игровой площадки для женщин в реальном мире. Скажем, в 1956 году, т.е. в том году, когда Хендлер изобрела Барби (ей, как мы помним, потребовалось три года, чтобы уговорить своих партнеров начать выпускать куклу), журнал ""Life"" назвал ""идеалом американской женщины"" тридцатидвухлетнюю мать четверых детей, естественно, нигде не работающую. Однако за три года, прошедшие до выхода Барби на рынок, реальность сильно изменилась. Именно тогда, в конце 50-х, поднялась так называемая ""вторая волна женского движения"" (первую относят к 20 - 30-м годам прошлого века). Новые борцы за права женщин требовали уже не таких базовых вещей, как право голосования, посещения любых общественных заведений и осуществления финансовых операций, но подлинного равенства женщин и мужчин в самых разных областях деятельности. Крах американской мечты 50-х привел к тому, что все больше и больше женщин стали занимать рабочие места, до сих пор отводившиеся в основном мужчинам. Для семьи все существеннее становился заработок жены, превратившийся в полновесную составляющую семейного бюджета. К началу 60-х новые феминистки Америки смогли составить общее представление о ситуации с женским трудом в США. Ситуация была аховой: там, где мужчина получал за свою работу доллар, женщина получала за ту же работу 63 цента. В результате схлопывания военной индустрии женщины теряли места на фабриках и заводах, а частный сектор, переставший испытывать недостаток мужских рук, всегда предпочитал взять на вакантное место мужчину, а не женщину, - пусть мужчине и приходилось платить больше. В газетах объявлений сообщения о поиске работников были разделены на две категории: ""Женщины"" и ""Мужчины"". Только два процента\n\nпредставителей интеллектуальных профессий - врачей, адвокатов, судей, дантистов, инженеров, архитекторов были женщинами. Подавляющее большинство престижных университетов не допускало женщин на значительную часть факультетов или имело жесткую квоту: иногда 1 женщина на 50 абитуриентов. Все эти факторы определили направление нового витка борьбы за права женщин - это была борьба за равенство на рабочих местах. В 1959 - 1960 годах тема ""Женщины и карьера"" была одной из самых дебатируемых в прессе. Выходила масса статей ""за"" и ""против"" работающих женщин. Представительницы разных профессий шумно спорили в популярных ток-шоу с мужчинами, отстаивающими семейные ценности. Именно тогда впервые проявилась интересная тенденция, определявшая развитие карьеры Барби в течении как минимум трех десятилетий: ее профессиональные достижения всегда были связаны не так с конкретным положением дел на рынке женского труда и даже не так с какими-нибудь специфическими событиями позитивного и негативного толка в этой области, как с шумихой, возникающей вокруг тех или иных аспектов темы. Скажем, в 1960 году ""Маттел"" выпустила Busy Girl Barbie. Считалось, что она ""дизайнер моды"", т.е., с одной стороны, женщина как бы работающая и как бы занимающаяся креативной профессией, но в то же время никоим образом не преступающая границы традиционных женских занятий (как известно, мужчины-кутюрье стали довольно поздним приобретением XX века). До этого момента Барби существовала в совсем немногих вариациях: исходная Барби 1959 года была фотомоделью, у нее был купальник, свадебное платье, костюм балерины и еще один наряд для свободного времяпрепровождения. Однако Busy Girl сильно отличалась от предыдущих вариаций: на ней был твидовый костюм, длинные перчатки и строгая шапочка. По большому счету девочки\n\nмогли видеть в ней собственных мам - благо работающих мам именно в конце 50-х - начале 60-х стало больше, чем когда-либо в истории. Никаких особых аксессуаров у этой Барби не было. Если верить данным, опубликованным Национальной организацией женщин Америки, в начале 60-х очень и очень многие женщины зарабатывали себе на жизнь тяжелым физическим трудом, они были механиками, электриками, водителями автобусов и даже шахтерами. Но рабочая девушка Барби, естественно, не намеревалась надевать каску и рабочую куртку. Я не знаю, так ли одевались в те годы дизайнеры моды, но твидовый костюм, маленькая шапочка и длинные перчатки были фактически униформой девушек из хороших семей, желающих заняться чем-нибудь полезным, пока им не попадется подходящий кандидат в мужья. Так могла выглядеть любая секретарша, машинистка, переписчица, в лучшем случае учительница. Эта первая ""деловая Барби"" фактически заложила основу всей будущей карьеры Барби. И действительно, Барби всегда приобретала только профессии представительниц среднего класса, никогда не занималась физическим трудом и не бралась за плохо оплачиваемые профессии. Рынок вполне оправдывает такой подход: родители девочек из среднего класса видят такие профессии в качестве основных, а родители девочек из более бедных слоев населения видят в этих профессиях хорошие ориентиры. Busy Girl Barbie стала первой в череде бесконечных Барби - бизнес-леди, повторяющихся из года в год с разными аксессуарами и под разными названиями: Business Girl, Busy Woman, Business Executive, Working Girl, Office Barbie и т.д. Чем занимаются эти Барби, ""Маттел"" не уточняет, но так или иначе они демонстрируют некоторую четкую позицию: женщина может добиться высоких постов, а карьера - это классно и престижно.\n\nНовые карьерные вариации Барби, как уже было сказано, возникали тогда, когда общественность начинала муссировать тему рабочего статуса женщины, и исчезали, как только эту тему можно было начать игнорировать. Здесь сказался один из главных маркетинговых талантов ""Маттел"" - талант использовать конъюнктуру, запрыгивать на волну обсуждаемой модной темы и соскакивать с нее, когда волна начинает идти на убыль. Профессиональная деятельность Барби развивалась ровно по тем же законам. В 1961 году Элеонора Рузвельт встала во главе Комиссии по вопросам статуса женщин при правительстве Кеннеди. Этот факт наделал много шума, и в том же году Барби получила профессии дипломированной медсестры и стюардессы. В 1963 году комиссия Рузвельта после двух лет исследований опубликовала доклад о дискриминации женщин на рабочих местах, породив целую волну дебатов о допустимых и недопустимых профессиях для представительниц слабого пола. Публикуется Equal Pay Act - речь идет о том, что мужчины и женщины, занимающие одни и те же должности, должны получать равные зарплаты. В том же году ""Маттел"" выпускает Business Woman Barbie (она же называлась Career Girl Barbie). Через год к биллю о гражданских правах добавляется Седьмой параграф - ""против дискриминации при приеме на работу"". Он включает в себя запрет на дискриминацию по половому признаку, но ситуация остается двойственной: ни билль, ни новую поправку невозможно ратифицировать на местах, поскольку фактически отсутствует механизм контроля, заставляющий работодателя соблюдать навязанные ему правила. Женщины, борющиеся за равноправие на рабочих местах, становятся объектом постоянных насмешек и карикатур в прессе. Таким образом, тема существует, но однозначное отношение к ней не выработано. В результате в 1964 и 1965 годах Барби\n\nполучает целый ряд новых профессий, но все они носят очень осторожный и традиционный характер, а некоторые, по понятиям феминисток, заслуживают осуждения. Так, с одной стороны, Барби оказывается космонавтом (что, скорее, объясняется бешеным интересом к теме космоса), с другой - Барби оказывается чирлидером, мажореткой, редактором модного журнала, фотографом моды, учительницей географии и актрисой. В 1966 году она получает еще одну суперженскую профессию - стюардессы в ""Пан-Американ"". До 1972 года никаких особых крупных событий в борьбе женщин за право на свободную карьеру не происходит, и - сюрприз! - ""карьерные"" Барби исчезают. Но в 1972-м году все снова меняется: Конгресс утверждает Девятый параграф Образовательного кодекса - параграф о равных правах на образование. Кроме того, проводится запрет на сегрегированные объявления о найме рабочей силы теперь все объявления должны печататься без специфического указания на предназначение должности для женщин или для мужчин. Девятый параграф означает, что учебные заведения должны отменить квоту на поступление для женщин и отменить запрет принимать женщин на те или иные факультеты. Соответственно, огромное количество представительниц ОтнынеСильного Пола подают заявки на изучение медицины или юриспруденции. Опять бум в прессе, и ""Маттел"" выпускает ""Барби-Хирурга"", очередной раз продемонстрировав свое поразительное умение держать нос по ветру. С 1973 по 1978 год, т.е. на протяжении пяти лет, Барби фактически не занимается своей карьерой - она отдает все свои силы спорту. Говоря конкретно, Барби становится олимпийской чемпионкой: к олимпиаде 1975 года ""Маттел"" выпускает ""Барби-Золотую-медалистку"", ""Барби-Лыжницу"", ""Барби-Конькобежца"" и ""БарбиПловчиху"" - все они выходят в серии ""Олимпийская\n\nБарби"". Однако в 1977 году тема ""женщины и профессия"" возвращается в большой мир: Национальная женская конференция в Техасе собирает невероятное количество участников - 20 тысяч. Тут же на свет появляется ""Барби с утра и до вечера"" (Day & Night Barbie), которую представляют как business executive - ""ответственного руководителя"". Эта же модель перерождается спустя семь лет, в 1985 году, в Business Executive Barbie. С этого момента карьерный рост Барби становится практически непрерывным. Дело в том, что 80-е стали годами окончательной победы деловых женщин. Многочисленные нововведения, облегчающие уход за детьми, социальные структуры, позволяющие матерям работать полный день, нарушение семейных сценариев, в результате которых распад брака становится обыденной ситуацией, что заставляет мать-одиночку постоянно работать с целью обеспечить себя и своих детей, плюс плохо соблюдающаяся, но все же существующая правовая основа, создающая равные условия для работающих женщин и мужчин, - все это окончательно формирует ситуацию, в которой работа становится совершенно неотъемлемой частью жизни женщин. Золотая девочка компании ""Маттел"" тоже берется за ум. С этого момента мы получаем хотя бы одну ""карьерную"" Барби едва ли не каждый год. Например, для женщин все чаще открываются вакансии, раньше доступные только мужчинам, и в конце 80-х - начале 90-х годов телевидение начинает создавать моду на женщинвоенных и женщин-полицейских. Это карьерное направление становится постоянным в мире Барби: оно тем выгоднее для ""Маттел"", что позволяет подчеркнуть патриотизм куклы. В 1989 году выпускается первая Барби в стиле милитари - так называемая Army Barbie. С 1990 года ее военная и полицейская карьера обретает конкретику: мы получаем капитана военно-воздушных сил, в 1991 году - офицера флота, в 1993 году -\n\nодновременно военврача и полицейского, в 1994 году командира летного эскадрона. Причина: огромный интерес общественности к теме армии, вызванный войной в Персидском заливе и ее последствиями. Потом война закончилась, тема армии перестала особо интересовать публику на несколько лет, и Барби оставила свои милитаристские замашки вплоть до 2000 года, когда армейская тема опять оказалась у всех на устах в связи с иракскими событиями. ""Маттел"" немедленно произвела на свет ""Барби-Паратрупера"" в комплекте с аптечкой первой помощи (Барби и Кен - паратруперы продаются в коробках, на задней стенке которых изображены... барханы). Другой пример: в 1992 году из-за обилия женщин, баллотирующихся на государственные посты, пресса заговорила о ""годе женщин"". В том же году мы получили ""Барби-Кандидата-в-президенты"", чей деловой костюм ""одним движением руки"" превращался в вечернее платье со звездами и полосами. Нам сообщалось, что ""Барби отправляется на инаугурационный бал"". Подобную же оперативность ""Маттел"" демонстрирует в 1994 году. Тогда был принят билль о гендерном равенстве в образовании и американское правительство сформулировало позицию, требующую поощрять в девушках интерес к разнообразию в выборе карьеры, в частности - к математике, естественным наукам и тому подобным ""мальчиковым"" сферам деятельности. ""Маттел"" немедленно выпустила целых пять профессиональных Барби: командир летного эскадрона, астронавт, педиатр, ветеринар и пожарник, профессии, по большей части традиционно занимаемые мужчинами. И все-таки проявления доброй воли в чистом виде было недостаточно: существовало слишком много желающих обвинять Барби во всех смертных грехах и, в частности, в проблемах, связанных с социальным статусом женщины. На слишком широкие плечи этой\n\nкуклы со слишком узкой талией возлагали ответственность за неврозы, связанные с восприятием собственной внешности, за женский консюмеризм, одновременно за сексуальную распущенность и сексуальную неудовлетворенность женщин, за то, что мужчины видят в блондинках безмозглых бимбо, и за прочие женские беды и напасти. После того как в 1998 году компания сделала Барби чуть более реалистичной, несколько расширив талию и уменьшив грудь куклы, пришло время еще раз сделать заявку насчет готовности Барби учить девочек прогрессивным идеалам. В 1999 году ""Маттел"" сделала огромную кампанию за пропаганду нового имиджа куклы. Кампания называлась: ""Be anything"". ""Маттел"" подписала контракт с компанией Girls Incorporated, прежде называвшейся ""Girls Club of America"" - крупнейшей организацией для девочек в США (следом за ней по численности участниц идет правильно! - Клуб Любительниц Барби). С этого момента, заявила ""Маттел"", ""все усилия будут сосредоточены не на куклах, а на самих девочках"". Рекламы демонстрировали, что девочка может стать хоккейным вратарем, игроком в теннис, астронавтом, компьютерным инженером словом, фактически кем угодно. Разъяренные феминистки обвинили Girls Incorporated в продажности: мол, всегда было известно, что Барби только притворяется карьерной куклой, а на самом деле торгует консюмеризмом и консервативностью в то время, как Girls Incorporated изначально заявляла, что намерена настраивать девочек на свободу выбора и на осознание своего права заниматься любым делом по своему вкусу. Я помню публикации, в которых противницы союза ""Маттел"" и GI с горечью писали: ""Нет лучшего способа победить своего врага, чем подкупить его"". Так или иначе союз возник. С этого момента ""Маттел"" продвигала как бы не кукол, а новые ценности: право мечтать о достижениях, право играть в любые игры и побеждать. Совместно две\n\nдевичьих организации проводили акции по профессиональному ориентированию, телешоу, круглые столы. ""Маттел"" выпустила новую игровую серию кукол под названием: ""I can be"" - целых шесть карьерных кукол в один год. В этой серии появилась - ""Барби-Пилот"", опять ""Барби-Working-Woman"" (с ноутбуком, мобильным телефоном и неопределимой сферой деятельности), ""Барби-Учительница-языка-жестов"" (со сгибающимися пальчиками), ""Барби-Футболистка"", ""Барби-Сыщик"" и ""Барби-Игрок-в-бейсбол-из-высшей-лиги"". Правда, в этом же году были выпущены на заказ ""Барби-Официантка"" (для компании ""Кока-Кола"") и ""Барби-Косметолог"" (для компании ""Эйвон""). В 2000 году серия продолжилась; появилась ""Барби-Педиатр"", ""Барби-Учительницавождения"" и ""Барби-Учительница рисования"". Но самым интересным дополнением к карьерной линии ""Маттел"" стала ""Барби-Президент-США"", если верить рекламному плакату, ""готовая приступить к работе в Овальном офисе"". В свете близящихся президентских выборов кукла раскупалась на ура. Последний на сегодняшний день карьерный рывок Барби совершила в 2002 году. С тех пор никакого особого интереса в профессиональной деятельности у этой куклы не наблюдалось. С тех пор появилась только одна Барби, которую можно было бы причислить к профессиональным: в 2004 году ""Маттел"" выпустила в серии ""Happy family"" Барби под названием ""Baby Doctor"" - короче говоря, специалист по неонатальной медицине. Ей предстояло возиться с новорожденным младенцем подруги Мидж. На официальном сайте Барби существует трудно находимый раздел ""I can be"", так или иначе посвященный будущим карьерным занятиям девочек. Здесь предлагается пять вариантов профессий: врач, художник, учитель рисования, балерина и фигуристка как видим, ничего радикального. Сторонницы билля о гендерном равенстве в образовании имеют полное право\n\nупрекать Барби в ограниченности и консервативности: здесь нет профессий хакера, архитектора, машиниста и финансового аналитика. Но в то же время профессии, присутствующие в списке на сайте, во-первых, требуют серьезного труда, а во-вторых, связаны с творческим самовыражением. Правда, в этом списке, как в психометрическом тесте, вызывает подозрение слово ""доктор"" - оно кажется лишним в ряду и, видимо, является очередным примером защитного буфера. Впрочем, если смотреть на более или менее полный список профессий Барби за все годы ее существования, то в целом невозможно упрекнуть ее в потакании сугубо женским занятиям, особенно в последнее время. Мажоретка и чирлидер могут вызвать возмущение у тех, для кого эти занятия сами по себе ассоциируются с тупоголовыми блондинками, но в целом традиционные упреки в адрес Барби сейчас кажутся мне несколько необоснованными. Если что-то и вызывает у меня неприязнь, то это, скорее, не выбор кукольных профессий как таковой, а то, как все эти профессии подаются. Тут ситуация похожа на уже рассмотренную ситуацию с деньгами: совершенно непонятно, откуда что берется. Создается такое впечатление, что Барби приобретает новые профессии так же, как она приобретает новые машины - по щучьему велению, по своему хотению. Она не знает не только трудностей, связанных с получением той или иной профессии, но и трудностей, связанных с профессиональной практикой. В ее деятельности нет элементов труда или усталости. В любом из ее занятий вообще нет отрицательных или неприятных сторон. Начинает казаться, что доктор Барби никогда в жизни не видела ни крови, ни смерти, а Барби-следователь напоминает Айс Вентуру - сыщика по делам домашних животных, а не реального следователя, постоянно имеющего дело с самыми неприглядными сторонами\n\nжизни. Когда я узнала, что ""Маттел"" выпустила Барбипалеонтолога, во мне затеплилась надежда: в конце концов, вот уж профессия, в которой основные аксессуары - пыль да кости. Но выяснилось, что Барби в роли исследователя прошлого выкапывает из земли не окаменелости и не останки мертвых животных, а целых разноцветных динозавриков. В общем, о Барби как об инструменте профессионального ориентирования не может быть и речи, что бы ""Маттел"" ни говорила. Нигде, никогда, никаким образом нам не рассказывают о причинах, по которым Барби выбирает ту или иную карьеру. Нам обычно не говорят о талантах или наклонностях, которыми надо обладать для выполнения тех или иных профессиональных обязанностей, не описывают путь, который необходимо пройти для получения соответствующих навыков. Нам не рассказывают о том, как устроены трудовые будни того же дантиста, или палеонтолога, или даже редактора модного журнала. Типичная сцена из журнальчиков про Барби - Барбидоктор держит за ручку очередного пациента, который благодарит ее не за лечение, связанное, как уже было сказано, с неприятными процедурами, а за добрый совет по поводу сохранения и без того прекрасного здоровья. Так что о профессиональном ориентировании речь не идет - максимум речь идет о некотором условном и очень поверхностном стимулировании интереса к той или иной профессии. Впрочем, меня не оставляет ощущение, что и этого более чем достаточно. Все карьерные Барби делаются, как уже говорилось, не для самих девочек, а для их родителей. Девочки хотят играть в принцесс или в вечеринки и переодевать своих кукол из одной одежки в другую. Если у их мам и пап становится легче на душе от присутствия в наборе некоего подобия зеленой формы хирурга или строгой полицейской униформы, ""Маттел""\n\nготова производить и промотировать такие вариации куклы. Каждая из них стоит от 10 до 25 долларов, и если родители, озабоченные будущим девочки, подарят ей на Новый год Барби-палеонтолога, это будет лучше, чем если озабоченные ее будущим родители не подарят своей дочери ни единой Барби вообще. И в этом аспекте, как и во всех остальных, мир Барби создается исключительно по запросам и требованиям мира вокруг Барби.\n\nЧасть третья\n\nМИР ВОКРУГ БАРБИ', 'query': 'Mattel Barbie career timeline 1959–2005 complete list with release dates', 'supports_claim': True}, {'url': 'local://goralik-polaya-zhenshchina/ch09', 'title': 'Горалик · Полая женщина · глава 9', 'snippet': 'Глава девятая. Девушки могут все: занятия и профессии Барби\n\nИсточник: Линор Горалик, «Полая женщина: Мир Барби изнутри и снаружи» (НЛО, 2005).\n\nГлава девятая\n\nДЕВУШКИ МОГУТ ВСЕ: ЗАНЯТИЯ И ПРОФЕССИИ БАРБИ\n\nТо, как Барби проводит время, невольно заставляет думать о серьезных психологических проблемах этой юной девушки, впрочем частично объясняющихся отсутствием у нее добрых и любящих родителей. Барби испытывает мучительную потребность во внешней\n\nоценке и внешнем одобрении, что постоянно толкает ее на все новые и новые социальные и карьерные достижения. Она фантастически, невыносимо экстравертна и явно не способна хоть на пять минут остаться одна. О времяпрепровождении Барби мы узнаем из описания новых выходящих на рынок моделей, ""Барбикниг"" и посвященных этой кукле журналов. Удивительным образом бесконечная череда вечеринок, туристических поездок и походов в кафе с друзьями не помешала Барби освоить более семи десятков профессий за последние сорок шесть лет. Составить полный список всех карьерных достижений Барби практически невозможно: довольно большое количество таких моделей было выпущено ""Маттел"" не для общего рынка, а для каких-нибудь крупных торговых марок или для сетей универсальных магазинов. Например, существовала Барби - продавщица кока-колы, сделанная соответственно по заказу корпорации ""Кока-Кола"", и Барби распространительница продуктов компании Avon, сделанная по заказу Avon Cosmetics. Особая Барби была произведена ""Маттел"" к юбилею сети игрушечных магазинов ""Toys Are Us"", специально разработанная маленькая Барби продавалась в ""Макдоналдсе"" - словом, примеров хватает Все ""профессиональные"" Барби принадлежат игровой линии Если я не ошибаюсь, карьерные Барби никогда не выпускались в коллекционных сериях, кроме нескольких куколок в серии ""Silkstone"", скажем, ""БарбиРедактор-раздела-моды"" и ""Кен-Инсайдер-моднойиндустрии"". Помню, что мой собственный вопрос о коллекционных Барби-""профессионалках"" не вызвал энтузиазма на форуме собирателей куклы. Я готова предположить, что дело здесь не только в том и даже далеко не в том, что для профессиональной Барби невозможно создать роскошный наряд, - в конце концов\n\nБоб Мэки наверняка прекрасно одел бы ""БарбиУкротительницу-львов"" или ""Барби-Флориста"". Просто профессиональная Барби, видимо, не очень интересует взрослых коллекционеров, потому что им за глаза и за уши хватает собственной профессиональной деятельности. Они, я полагаю, не видят особой радости в том, чтобы тащить домой куклу-бизнесмена или куклуврача. Но гораздо больше нам говорит тот факт, что в ""профессиональных"" Барби не слишком заинтересованы не только взрослые, но и дети. Дети вообще редко играют в конкретные профессии, кроме знаменитой игры в доктора, которая, как известно, преследует цели, далекие от профориентации. Бывают, конечно, игры в спасателей, пожарников или милицию и воров, но и здесь, как мы все понимаем, о развитии вкуса к будущей профессии речь не идет. Иногда дети играют в профессии, которыми занимаются их родители, самым поверхностным образом имитируя известные им элементы этих профессий с целью отыграть те или иные жизненные ситуации. Мне трудно представить себе, что мои собственные племянники ни с того ни с сего устроят серьезную и целенаправленную игру в палеонтологов или программистов. Игра в ветеринара может иметь тяжелые последствия для кошки и вряд ли напрямую связана с желанием как следует понять основы этой благородной профессии. Девочки предаются ""профессиональным"" играм еще реже, чем мальчики. Я рискну предположить, что большинство девочек предпочтет получить в подарок ""Барби-Принцессу"", ""Барби-День-рождения"", ""Барбиидет-на-пляж"" или ""Барби-катается-на-роликовыхконьках"", а не ""Барби-Дантиста"" или ""Барби-Бизнеследи"". Не сомневаюсь, что компания ""Маттел"" прекрасно это понимает, - и все-таки выпускать карьерных Барби ей приходится постоянно. Такое упорство вызвано отнюдь не запросом рынка, то есть не желанием маленьких\n\nдевочек приобрести ""Барби-Палеонтолога"" или ""БарбиСтюардессу"", а социальным давлением, постоянно оказываемым на ""Маттел"" со стороны прессы и родителей. Если бы Барби не занималась чем-нибудь трудоемким и престижным для зарабатывания собственного хлеба, ""Маттел"" было бы гораздо труднее отражать атаки, связанные с консюмеризмом куклы и с ее навязчивой привычкой следовать моде; кроме того, было бы гораздо сложнее говорить о позитивном влиянии Барби в деле воспитания молодого поколения. В целом ряде случаев ""Маттел"" выдвигает эти вариации своей модной куколки вперед на манер щита. Одна умная, но скучно одетая Барби защищает целую плеяду своих красивых, расфуфыренных и легкомысленных сестер. Именно давление со стороны родителей, феминисток, педагогов и прессы заставляет ""Маттел"" постоянно прилагать большие усилия для того, чтобы взгляды Барби на работу и карьеру можно было считать передовыми и даже опережающими время. Любимый пример, приводимый компанией каждый раз, когда речь заходит о карьерных достижениях их куклы, - ""Барби-Астронавт"" производства 1965 года, ""полетевшая в космос задолго до того, как первая женщина действительно ступила на борт космического корабля"". Однако других особо ярких примеров такого рода у компании ""Маттел"" нет. Я с большим удовольствием потратила несколько дней, накладывая хронологию карьерного развития Барби на историю женского движения и в особенности на историю борьбы женщин за карьерное равноправие с 1959 года - года выпуска Барби и по сегодняшний день. Такое сравнение позволяет увидеть, что в плане карьеры Барби действует фактически так же, как она действует в плане моды, т.е. оказывается не лидером-провозвестником новых тенденций, а их легитимизатором и в некоторой мере барометром происходящего. Можно быть твердо уверенным, что если\n\nБарби начала развивать деятельность на том или ином поприще, то поприще это уже некоторое время надежно существует в качестве игровой площадки для женщин в реальном мире. Скажем, в 1956 году, т.е. в том году, когда Хендлер изобрела Барби (ей, как мы помним, потребовалось три года, чтобы уговорить своих партнеров начать выпускать куклу), журнал ""Life"" назвал ""идеалом американской женщины"" тридцатидвухлетнюю мать четверых детей, естественно, нигде не работающую. Однако за три года, прошедшие до выхода Барби на рынок, реальность сильно изменилась. Именно тогда, в конце 50-х, поднялась так называемая ""вторая волна женского движения"" (первую относят к 20 - 30-м годам прошлого века). Новые борцы за права женщин требовали уже не таких базовых вещей, как право голосования, посещения любых общественных заведений и осуществления финансовых операций, но подлинного равенства женщин и мужчин в самых разных областях деятельности. Крах американской мечты 50-х привел к тому, что все больше и больше женщин стали занимать рабочие места, до сих пор отводившиеся в основном мужчинам. Для семьи все существеннее становился заработок жены, превратившийся в полновесную составляющую семейного бюджета. К началу 60-х новые феминистки Америки смогли составить общее представление о ситуации с женским трудом в США. Ситуация была аховой: там, где мужчина получал за свою работу доллар, женщина получала за ту же работу 63 цента. В результате схлопывания военной индустрии женщины теряли места на фабриках и заводах, а частный сектор, переставший испытывать недостаток мужских рук, всегда предпочитал взять на вакантное место мужчину, а не женщину, - пусть мужчине и приходилось платить больше. В газетах объявлений сообщения о поиске работников были разделены на две категории: ""Женщины"" и ""Мужчины"". Только два процента\n\nпредставителей интеллектуальных профессий - врачей, адвокатов, судей, дантистов, инженеров, архитекторов были женщинами. Подавляющее большинство престижных университетов не допускало женщин на значительную часть факультетов или имело жесткую квоту: иногда 1 женщина на 50 абитуриентов. Все эти факторы определили направление нового витка борьбы за права женщин - это была борьба за равенство на рабочих местах. В 1959 - 1960 годах тема ""Женщины и карьера"" была одной из самых дебатируемых в прессе. Выходила масса статей ""за"" и ""против"" работающих женщин. Представительницы разных профессий шумно спорили в популярных ток-шоу с мужчинами, отстаивающими семейные ценности. Именно тогда впервые проявилась интересная тенденция, определявшая развитие карьеры Барби в течении как минимум трех десятилетий: ее профессиональные достижения всегда были связаны не так с конкретным положением дел на рынке женского труда и даже не так с какими-нибудь специфическими событиями позитивного и негативного толка в этой области, как с шумихой, возникающей вокруг тех или иных аспектов темы. Скажем, в 1960 году ""Маттел"" выпустила Busy Girl Barbie. Считалось, что она ""дизайнер моды"", т.е., с одной стороны, женщина как бы работающая и как бы занимающаяся креативной профессией, но в то же время никоим образом не преступающая границы традиционных женских занятий (как известно, мужчины-кутюрье стали довольно поздним приобретением XX века). До этого момента Барби существовала в совсем немногих вариациях: исходная Барби 1959 года была фотомоделью, у нее был купальник, свадебное платье, костюм балерины и еще один наряд для свободного времяпрепровождения. Однако Busy Girl сильно отличалась от предыдущих вариаций: на ней был твидовый костюм, длинные перчатки и строгая шапочка. По большому счету девочки\n\nмогли видеть в ней собственных мам - благо работающих мам именно в конце 50-х - начале 60-х стало больше, чем когда-либо в истории. Никаких особых аксессуаров у этой Барби не было. Если верить данным, опубликованным Национальной организацией женщин Америки, в начале 60-х очень и очень многие женщины зарабатывали себе на жизнь тяжелым физическим трудом, они были механиками, электриками, водителями автобусов и даже шахтерами. Но рабочая девушка Барби, естественно, не намеревалась надевать каску и рабочую куртку. Я не знаю, так ли одевались в те годы дизайнеры моды, но твидовый костюм, маленькая шапочка и длинные перчатки были фактически униформой девушек из хороших семей, желающих заняться чем-нибудь полезным, пока им не попадется подходящий кандидат в мужья. Так могла выглядеть любая секретарша, машинистка, переписчица, в лучшем случае учительница. Эта первая ""деловая Барби"" фактически заложила основу всей будущей карьеры Барби. И действительно, Барби всегда приобретала только профессии представительниц среднего класса, никогда не занималась физическим трудом и не бралась за плохо оплачиваемые профессии. Рынок вполне оправдывает такой подход: родители девочек из среднего класса видят такие профессии в качестве основных, а родители девочек из более бедных слоев населения видят в этих профессиях хорошие ориентиры. Busy Girl Barbie стала первой в череде бесконечных Барби - бизнес-леди, повторяющихся из года в год с разными аксессуарами и под разными названиями: Business Girl, Busy Woman, Business Executive, Working Girl, Office Barbie и т.д. Чем занимаются эти Барби, ""Маттел"" не уточняет, но так или иначе они демонстрируют некоторую четкую позицию: женщина может добиться высоких постов, а карьера - это классно и престижно.\n\nНовые карьерные вариации Барби, как уже было сказано, возникали тогда, когда общественность начинала муссировать тему рабочего статуса женщины, и исчезали, как только эту тему можно было начать игнорировать. Здесь сказался один из главных маркетинговых талантов ""Маттел"" - талант использовать конъюнктуру, запрыгивать на волну обсуждаемой модной темы и соскакивать с нее, когда волна начинает идти на убыль. Профессиональная деятельность Барби развивалась ровно по тем же законам. В 1961 году Элеонора Рузвельт встала во главе Комиссии по вопросам статуса женщин при правительстве Кеннеди. Этот факт наделал много шума, и в том же году Барби получила профессии дипломированной медсестры и стюардессы. В 1963 году комиссия Рузвельта после двух лет исследований опубликовала доклад о дискриминации женщин на рабочих местах, породив целую волну дебатов о допустимых и недопустимых профессиях для представительниц слабого пола. Публикуется Equal Pay Act - речь идет о том, что мужчины и женщины, занимающие одни и те же должности, должны получать равные зарплаты. В том же году ""Маттел"" выпускает Business Woman Barbie (она же называлась Career Girl Barbie). Через год к биллю о гражданских правах добавляется Седьмой параграф - ""против дискриминации при приеме на работу"". Он включает в себя запрет на дискриминацию по половому признаку, но ситуация остается двойственной: ни билль, ни новую поправку невозможно ратифицировать на местах, поскольку фактически отсутствует механизм контроля, заставляющий работодателя соблюдать навязанные ему правила. Женщины, борющиеся за равноправие на рабочих местах, становятся объектом постоянных насмешек и карикатур в прессе. Таким образом, тема существует, но однозначное отношение к ней не выработано. В результате в 1964 и 1965 годах Барби\n\nполучает целый ряд новых профессий, но все они носят очень осторожный и традиционный характер, а некоторые, по понятиям феминисток, заслуживают осуждения. Так, с одной стороны, Барби оказывается космонавтом (что, скорее, объясняется бешеным интересом к теме космоса), с другой - Барби оказывается чирлидером, мажореткой, редактором модного журнала, фотографом моды, учительницей географии и актрисой. В 1966 году она получает еще одну суперженскую профессию - стюардессы в ""Пан-Американ"". До 1972 года никаких особых крупных событий в борьбе женщин за право на свободную карьеру не происходит, и - сюрприз! - ""карьерные"" Барби исчезают. Но в 1972-м году все снова меняется: Конгресс утверждает Девятый параграф Образовательного кодекса - параграф о равных правах на образование. Кроме того, проводится запрет на сегрегированные объявления о найме рабочей силы теперь все объявления должны печататься без специфического указания на предназначение должности для женщин или для мужчин. Девятый параграф означает, что учебные заведения должны отменить квоту на поступление для женщин и отменить запрет принимать женщин на те или иные факультеты. Соответственно, огромное количество представительниц ОтнынеСильного Пола подают заявки на изучение медицины или юриспруденции. Опять бум в прессе, и ""Маттел"" выпускает ""Барби-Хирурга"", очередной раз продемонстрировав свое поразительное умение держать нос по ветру. С 1973 по 1978 год, т.е. на протяжении пяти лет, Барби фактически не занимается своей карьерой - она отдает все свои силы спорту. Говоря конкретно, Барби становится олимпийской чемпионкой: к олимпиаде 1975 года ""Маттел"" выпускает ""Барби-Золотую-медалистку"", ""Барби-Лыжницу"", ""Барби-Конькобежца"" и ""БарбиПловчиху"" - все они выходят в серии ""Олимпийская\n\nБарби"". Однако в 1977 году тема ""женщины и профессия"" возвращается в большой мир: Национальная женская конференция в Техасе собирает невероятное количество участников - 20 тысяч. Тут же на свет появляется ""Барби с утра и до вечера"" (Day & Night Barbie), которую представляют как business executive - ""ответственного руководителя"". Эта же модель перерождается спустя семь лет, в 1985 году, в Business Executive Barbie. С этого момента карьерный рост Барби становится практически непрерывным. Дело в том, что 80-е стали годами окончательной победы деловых женщин. Многочисленные нововведения, облегчающие уход за детьми, социальные структуры, позволяющие матерям работать полный день, нарушение семейных сценариев, в результате которых распад брака становится обыденной ситуацией, что заставляет мать-одиночку постоянно работать с целью обеспечить себя и своих детей, плюс плохо соблюдающаяся, но все же существующая правовая основа, создающая равные условия для работающих женщин и мужчин, - все это окончательно формирует ситуацию, в которой работа становится совершенно неотъемлемой частью жизни женщин. Золотая девочка компании ""Маттел"" тоже берется за ум. С этого момента мы получаем хотя бы одну ""карьерную"" Барби едва ли не каждый год. Например, для женщин все чаще открываются вакансии, раньше доступные только мужчинам, и в конце 80-х - начале 90-х годов телевидение начинает создавать моду на женщинвоенных и женщин-полицейских. Это карьерное направление становится постоянным в мире Барби: оно тем выгоднее для ""Маттел"", что позволяет подчеркнуть патриотизм куклы. В 1989 году выпускается первая Барби в стиле милитари - так называемая Army Barbie. С 1990 года ее военная и полицейская карьера обретает конкретику: мы получаем капитана военно-воздушных сил, в 1991 году - офицера флота, в 1993 году -\n\nодновременно военврача и полицейского, в 1994 году командира летного эскадрона. Причина: огромный интерес общественности к теме армии, вызванный войной в Персидском заливе и ее последствиями. Потом война закончилась, тема армии перестала особо интересовать публику на несколько лет, и Барби оставила свои милитаристские замашки вплоть до 2000 года, когда армейская тема опять оказалась у всех на устах в связи с иракскими событиями. ""Маттел"" немедленно произвела на свет ""Барби-Паратрупера"" в комплекте с аптечкой первой помощи (Барби и Кен - паратруперы продаются в коробках, на задней стенке которых изображены... барханы). Другой пример: в 1992 году из-за обилия женщин, баллотирующихся на государственные посты, пресса заговорила о ""годе женщин"". В том же году мы получили ""Барби-Кандидата-в-президенты"", чей деловой костюм ""одним движением руки"" превращался в вечернее платье со звездами и полосами. Нам сообщалось, что ""Барби отправляется на инаугурационный бал"". Подобную же оперативность ""Маттел"" демонстрирует в 1994 году. Тогда был принят билль о гендерном равенстве в образовании и американское правительство сформулировало позицию, требующую поощрять в девушках интерес к разнообразию в выборе карьеры, в частности - к математике, естественным наукам и тому подобным ""мальчиковым"" сферам деятельности. ""Маттел"" немедленно выпустила целых пять профессиональных Барби: командир летного эскадрона, астронавт, педиатр, ветеринар и пожарник, профессии, по большей части традиционно занимаемые мужчинами. И все-таки проявления доброй воли в чистом виде было недостаточно: существовало слишком много желающих обвинять Барби во всех смертных грехах и, в частности, в проблемах, связанных с социальным статусом женщины. На слишком широкие плечи этой\n\nкуклы со слишком узкой талией возлагали ответственность за неврозы, связанные с восприятием собственной внешности, за женский консюмеризм, одновременно за сексуальную распущенность и сексуальную неудовлетворенность женщин, за то, что мужчины видят в блондинках безмозглых бимбо, и за прочие женские беды и напасти. После того как в 1998 году компания сделала Барби чуть более реалистичной, несколько расширив талию и уменьшив грудь куклы, пришло время еще раз сделать заявку насчет готовности Барби учить девочек прогрессивным идеалам. В 1999 году ""Маттел"" сделала огромную кампанию за пропаганду нового имиджа куклы. Кампания называлась: ""Be anything"". ""Маттел"" подписала контракт с компанией Girls Incorporated, прежде называвшейся ""Girls Club of America"" - крупнейшей организацией для девочек в США (следом за ней по численности участниц идет правильно! - Клуб Любительниц Барби). С этого момента, заявила ""Маттел"", ""все усилия будут сосредоточены не на куклах, а на самих девочках"". Рекламы демонстрировали, что девочка может стать хоккейным вратарем, игроком в теннис, астронавтом, компьютерным инженером словом, фактически кем угодно. Разъяренные феминистки обвинили Girls Incorporated в продажности: мол, всегда было известно, что Барби только притворяется карьерной куклой, а на самом деле торгует консюмеризмом и консервативностью в то время, как Girls Incorporated изначально заявляла, что намерена настраивать девочек на свободу выбора и на осознание своего права заниматься любым делом по своему вкусу. Я помню публикации, в которых противницы союза ""Маттел"" и GI с горечью писали: ""Нет лучшего способа победить своего врага, чем подкупить его"". Так или иначе союз возник. С этого момента ""Маттел"" продвигала как бы не кукол, а новые ценности: право мечтать о достижениях, право играть в любые игры и побеждать. Совместно две\n\nдевичьих организации проводили акции по профессиональному ориентированию, телешоу, круглые столы. ""Маттел"" выпустила новую игровую серию кукол под названием: ""I can be"" - целых шесть карьерных кукол в один год. В этой серии появилась - ""Барби-Пилот"", опять ""Барби-Working-Woman"" (с ноутбуком, мобильным телефоном и неопределимой сферой деятельности), ""Барби-Учительница-языка-жестов"" (со сгибающимися пальчиками), ""Барби-Футболистка"", ""Барби-Сыщик"" и ""Барби-Игрок-в-бейсбол-из-высшей-лиги"". Правда, в этом же году были выпущены на заказ ""Барби-Официантка"" (для компании ""Кока-Кола"") и ""Барби-Косметолог"" (для компании ""Эйвон""). В 2000 году серия продолжилась; появилась ""Барби-Педиатр"", ""Барби-Учительницавождения"" и ""Барби-Учительница рисования"". Но самым интересным дополнением к карьерной линии ""Маттел"" стала ""Барби-Президент-США"", если верить рекламному плакату, ""готовая приступить к работе в Овальном офисе"". В свете близящихся президентских выборов кукла раскупалась на ура. Последний на сегодняшний день карьерный рывок Барби совершила в 2002 году. С тех пор никакого особого интереса в профессиональной деятельности у этой куклы не наблюдалось. С тех пор появилась только одна Барби, которую можно было бы причислить к профессиональным: в 2004 году ""Маттел"" выпустила в серии ""Happy family"" Барби под названием ""Baby Doctor"" - короче говоря, специалист по неонатальной медицине. Ей предстояло возиться с новорожденным младенцем подруги Мидж. На официальном сайте Барби существует трудно находимый раздел ""I can be"", так или иначе посвященный будущим карьерным занятиям девочек. Здесь предлагается пять вариантов профессий: врач, художник, учитель рисования, балерина и фигуристка как видим, ничего радикального. Сторонницы билля о гендерном равенстве в образовании имеют полное право\n\nупрекать Барби в ограниченности и консервативности: здесь нет профессий хакера, архитектора, машиниста и финансового аналитика. Но в то же время профессии, присутствующие в списке на сайте, во-первых, требуют серьезного труда, а во-вторых, связаны с творческим самовыражением. Правда, в этом списке, как в психометрическом тесте, вызывает подозрение слово ""доктор"" - оно кажется лишним в ряду и, видимо, является очередным примером защитного буфера. Впрочем, если смотреть на более или менее полный список профессий Барби за все годы ее существования, то в целом невозможно упрекнуть ее в потакании сугубо женским занятиям, особенно в последнее время. Мажоретка и чирлидер могут вызвать возмущение у тех, для кого эти занятия сами по себе ассоциируются с тупоголовыми блондинками, но в целом традиционные упреки в адрес Барби сейчас кажутся мне несколько необоснованными. Если что-то и вызывает у меня неприязнь, то это, скорее, не выбор кукольных профессий как таковой, а то, как все эти профессии подаются. Тут ситуация похожа на уже рассмотренную ситуацию с деньгами: совершенно непонятно, откуда что берется. Создается такое впечатление, что Барби приобретает новые профессии так же, как она приобретает новые машины - по щучьему велению, по своему хотению. Она не знает не только трудностей, связанных с получением той или иной профессии, но и трудностей, связанных с профессиональной практикой. В ее деятельности нет элементов труда или усталости. В любом из ее занятий вообще нет отрицательных или неприятных сторон. Начинает казаться, что доктор Барби никогда в жизни не видела ни крови, ни смерти, а Барби-следователь напоминает Айс Вентуру - сыщика по делам домашних животных, а не реального следователя, постоянно имеющего дело с самыми неприглядными сторонами\n\nжизни. Когда я узнала, что ""Маттел"" выпустила Барбипалеонтолога, во мне затеплилась надежда: в конце концов, вот уж профессия, в которой основные аксессуары - пыль да кости. Но выяснилось, что Барби в роли исследователя прошлого выкапывает из земли не окаменелости и не останки мертвых животных, а целых разноцветных динозавриков. В общем, о Барби как об инструменте профессионального ориентирования не может быть и речи, что бы ""Маттел"" ни говорила. Нигде, никогда, никаким образом нам не рассказывают о причинах, по которым Барби выбирает ту или иную карьеру. Нам обычно не говорят о талантах или наклонностях, которыми надо обладать для выполнения тех или иных профессиональных обязанностей, не описывают путь, который необходимо пройти для получения соответствующих навыков. Нам не рассказывают о том, как устроены трудовые будни того же дантиста, или палеонтолога, или даже редактора модного журнала. Типичная сцена из журнальчиков про Барби - Барбидоктор держит за ручку очередного пациента, который благодарит ее не за лечение, связанное, как уже было сказано, с неприятными процедурами, а за добрый совет по поводу сохранения и без того прекрасного здоровья. Так что о профессиональном ориентировании речь не идет - максимум речь идет о некотором условном и очень поверхностном стимулировании интереса к той или иной профессии. Впрочем, меня не оставляет ощущение, что и этого более чем достаточно. Все карьерные Барби делаются, как уже говорилось, не для самих девочек, а для их родителей. Девочки хотят играть в принцесс или в вечеринки и переодевать своих кукол из одной одежки в другую. Если у их мам и пап становится легче на душе от присутствия в наборе некоего подобия зеленой формы хирурга или строгой полицейской униформы, ""Маттел""\n\nготова производить и промотировать такие вариации куклы. Каждая из них стоит от 10 до 25 долларов, и если родители, озабоченные будущим девочки, подарят ей на Новый год Барби-палеонтолога, это будет лучше, чем если озабоченные ее будущим родители не подарят своей дочери ни единой Барби вообще. И в этом аспекте, как и во всех остальных, мир Барби создается исключительно по запросам и требованиям мира вокруг Барби.\n\nЧасть третья\n\nМИР ВОКРУГ БАРБИ', 'query': 'Girls Incorporated Mattel partnership 1999 «Be anything» campaign feminist criticism reactions', 'supports_claim': True}, {'url': 'local://goralik-polaya-zhenshchina/ch09', 'title': 'Горалик · Полая женщина · глава 9', 'snippet': 'Глава девятая. Девушки могут все: занятия и профессии Барби\n\nИсточник: Линор Горалик, «Полая женщина: Мир Барби изнутри и снаружи» (НЛО, 2005).\n\nГлава девятая\n\nДЕВУШКИ МОГУТ ВСЕ: ЗАНЯТИЯ И ПРОФЕССИИ БАРБИ\n\nТо, как Барби проводит время, невольно заставляет думать о серьезных психологических проблемах этой юной девушки, впрочем частично объясняющихся отсутствием у нее добрых и любящих родителей. Барби испытывает мучительную потребность во внешней\n\nоценке и внешнем одобрении, что постоянно толкает ее на все новые и новые социальные и карьерные достижения. Она фантастически, невыносимо экстравертна и явно не способна хоть на пять минут остаться одна. О времяпрепровождении Барби мы узнаем из описания новых выходящих на рынок моделей, ""Барбикниг"" и посвященных этой кукле журналов. Удивительным образом бесконечная череда вечеринок, туристических поездок и походов в кафе с друзьями не помешала Барби освоить более семи десятков профессий за последние сорок шесть лет. Составить полный список всех карьерных достижений Барби практически невозможно: довольно большое количество таких моделей было выпущено ""Маттел"" не для общего рынка, а для каких-нибудь крупных торговых марок или для сетей универсальных магазинов. Например, существовала Барби - продавщица кока-колы, сделанная соответственно по заказу корпорации ""Кока-Кола"", и Барби распространительница продуктов компании Avon, сделанная по заказу Avon Cosmetics. Особая Барби была произведена ""Маттел"" к юбилею сети игрушечных магазинов ""Toys Are Us"", специально разработанная маленькая Барби продавалась в ""Макдоналдсе"" - словом, примеров хватает Все ""профессиональные"" Барби принадлежат игровой линии Если я не ошибаюсь, карьерные Барби никогда не выпускались в коллекционных сериях, кроме нескольких куколок в серии ""Silkstone"", скажем, ""БарбиРедактор-раздела-моды"" и ""Кен-Инсайдер-моднойиндустрии"". Помню, что мой собственный вопрос о коллекционных Барби-""профессионалках"" не вызвал энтузиазма на форуме собирателей куклы. Я готова предположить, что дело здесь не только в том и даже далеко не в том, что для профессиональной Барби невозможно создать роскошный наряд, - в конце концов\n\nБоб Мэки наверняка прекрасно одел бы ""БарбиУкротительницу-львов"" или ""Барби-Флориста"". Просто профессиональная Барби, видимо, не очень интересует взрослых коллекционеров, потому что им за глаза и за уши хватает собственной профессиональной деятельности. Они, я полагаю, не видят особой радости в том, чтобы тащить домой куклу-бизнесмена или куклуврача. Но гораздо больше нам говорит тот факт, что в ""профессиональных"" Барби не слишком заинтересованы не только взрослые, но и дети. Дети вообще редко играют в конкретные профессии, кроме знаменитой игры в доктора, которая, как известно, преследует цели, далекие от профориентации. Бывают, конечно, игры в спасателей, пожарников или милицию и воров, но и здесь, как мы все понимаем, о развитии вкуса к будущей профессии речь не идет. Иногда дети играют в профессии, которыми занимаются их родители, самым поверхностным образом имитируя известные им элементы этих профессий с целью отыграть те или иные жизненные ситуации. Мне трудно представить себе, что мои собственные племянники ни с того ни с сего устроят серьезную и целенаправленную игру в палеонтологов или программистов. Игра в ветеринара может иметь тяжелые последствия для кошки и вряд ли напрямую связана с желанием как следует понять основы этой благородной профессии. Девочки предаются ""профессиональным"" играм еще реже, чем мальчики. Я рискну предположить, что большинство девочек предпочтет получить в подарок ""Барби-Принцессу"", ""Барби-День-рождения"", ""Барбиидет-на-пляж"" или ""Барби-катается-на-роликовыхконьках"", а не ""Барби-Дантиста"" или ""Барби-Бизнеследи"". Не сомневаюсь, что компания ""Маттел"" прекрасно это понимает, - и все-таки выпускать карьерных Барби ей приходится постоянно. Такое упорство вызвано отнюдь не запросом рынка, то есть не желанием маленьких\n\nдевочек приобрести ""Барби-Палеонтолога"" или ""БарбиСтюардессу"", а социальным давлением, постоянно оказываемым на ""Маттел"" со стороны прессы и родителей. Если бы Барби не занималась чем-нибудь трудоемким и престижным для зарабатывания собственного хлеба, ""Маттел"" было бы гораздо труднее отражать атаки, связанные с консюмеризмом куклы и с ее навязчивой привычкой следовать моде; кроме того, было бы гораздо сложнее говорить о позитивном влиянии Барби в деле воспитания молодого поколения. В целом ряде случаев ""Маттел"" выдвигает эти вариации своей модной куколки вперед на манер щита. Одна умная, но скучно одетая Барби защищает целую плеяду своих красивых, расфуфыренных и легкомысленных сестер. Именно давление со стороны родителей, феминисток, педагогов и прессы заставляет ""Маттел"" постоянно прилагать большие усилия для того, чтобы взгляды Барби на работу и карьеру можно было считать передовыми и даже опережающими время. Любимый пример, приводимый компанией каждый раз, когда речь заходит о карьерных достижениях их куклы, - ""Барби-Астронавт"" производства 1965 года, ""полетевшая в космос задолго до того, как первая женщина действительно ступила на борт космического корабля"". Однако других особо ярких примеров такого рода у компании ""Маттел"" нет. Я с большим удовольствием потратила несколько дней, накладывая хронологию карьерного развития Барби на историю женского движения и в особенности на историю борьбы женщин за карьерное равноправие с 1959 года - года выпуска Барби и по сегодняшний день. Такое сравнение позволяет увидеть, что в плане карьеры Барби действует фактически так же, как она действует в плане моды, т.е. оказывается не лидером-провозвестником новых тенденций, а их легитимизатором и в некоторой мере барометром происходящего. Можно быть твердо уверенным, что если\n\nБарби начала развивать деятельность на том или ином поприще, то поприще это уже некоторое время надежно существует в качестве игровой площадки для женщин в реальном мире. Скажем, в 1956 году, т.е. в том году, когда Хендлер изобрела Барби (ей, как мы помним, потребовалось три года, чтобы уговорить своих партнеров начать выпускать куклу), журнал ""Life"" назвал ""идеалом американской женщины"" тридцатидвухлетнюю мать четверых детей, естественно, нигде не работающую. Однако за три года, прошедшие до выхода Барби на рынок, реальность сильно изменилась. Именно тогда, в конце 50-х, поднялась так называемая ""вторая волна женского движения"" (первую относят к 20 - 30-м годам прошлого века). Новые борцы за права женщин требовали уже не таких базовых вещей, как право голосования, посещения любых общественных заведений и осуществления финансовых операций, но подлинного равенства женщин и мужчин в самых разных областях деятельности. Крах американской мечты 50-х привел к тому, что все больше и больше женщин стали занимать рабочие места, до сих пор отводившиеся в основном мужчинам. Для семьи все существеннее становился заработок жены, превратившийся в полновесную составляющую семейного бюджета. К началу 60-х новые феминистки Америки смогли составить общее представление о ситуации с женским трудом в США. Ситуация была аховой: там, где мужчина получал за свою работу доллар, женщина получала за ту же работу 63 цента. В результате схлопывания военной индустрии женщины теряли места на фабриках и заводах, а частный сектор, переставший испытывать недостаток мужских рук, всегда предпочитал взять на вакантное место мужчину, а не женщину, - пусть мужчине и приходилось платить больше. В газетах объявлений сообщения о поиске работников были разделены на две категории: ""Женщины"" и ""Мужчины"". Только два процента\n\nпредставителей интеллектуальных профессий - врачей, адвокатов, судей, дантистов, инженеров, архитекторов были женщинами. Подавляющее большинство престижных университетов не допускало женщин на значительную часть факультетов или имело жесткую квоту: иногда 1 женщина на 50 абитуриентов. Все эти факторы определили направление нового витка борьбы за права женщин - это была борьба за равенство на рабочих местах. В 1959 - 1960 годах тема ""Женщины и карьера"" была одной из самых дебатируемых в прессе. Выходила масса статей ""за"" и ""против"" работающих женщин. Представительницы разных профессий шумно спорили в популярных ток-шоу с мужчинами, отстаивающими семейные ценности. Именно тогда впервые проявилась интересная тенденция, определявшая развитие карьеры Барби в течении как минимум трех десятилетий: ее профессиональные достижения всегда были связаны не так с конкретным положением дел на рынке женского труда и даже не так с какими-нибудь специфическими событиями позитивного и негативного толка в этой области, как с шумихой, возникающей вокруг тех или иных аспектов темы. Скажем, в 1960 году ""Маттел"" выпустила Busy Girl Barbie. Считалось, что она ""дизайнер моды"", т.е., с одной стороны, женщина как бы работающая и как бы занимающаяся креативной профессией, но в то же время никоим образом не преступающая границы традиционных женских занятий (как известно, мужчины-кутюрье стали довольно поздним приобретением XX века). До этого момента Барби существовала в совсем немногих вариациях: исходная Барби 1959 года была фотомоделью, у нее был купальник, свадебное платье, костюм балерины и еще один наряд для свободного времяпрепровождения. Однако Busy Girl сильно отличалась от предыдущих вариаций: на ней был твидовый костюм, длинные перчатки и строгая шапочка. По большому счету девочки\n\nмогли видеть в ней собственных мам - благо работающих мам именно в конце 50-х - начале 60-х стало больше, чем когда-либо в истории. Никаких особых аксессуаров у этой Барби не было. Если верить данным, опубликованным Национальной организацией женщин Америки, в начале 60-х очень и очень многие женщины зарабатывали себе на жизнь тяжелым физическим трудом, они были механиками, электриками, водителями автобусов и даже шахтерами. Но рабочая девушка Барби, естественно, не намеревалась надевать каску и рабочую куртку. Я не знаю, так ли одевались в те годы дизайнеры моды, но твидовый костюм, маленькая шапочка и длинные перчатки были фактически униформой девушек из хороших семей, желающих заняться чем-нибудь полезным, пока им не попадется подходящий кандидат в мужья. Так могла выглядеть любая секретарша, машинистка, переписчица, в лучшем случае учительница. Эта первая ""деловая Барби"" фактически заложила основу всей будущей карьеры Барби. И действительно, Барби всегда приобретала только профессии представительниц среднего класса, никогда не занималась физическим трудом и не бралась за плохо оплачиваемые профессии. Рынок вполне оправдывает такой подход: родители девочек из среднего класса видят такие профессии в качестве основных, а родители девочек из более бедных слоев населения видят в этих профессиях хорошие ориентиры. Busy Girl Barbie стала первой в череде бесконечных Барби - бизнес-леди, повторяющихся из года в год с разными аксессуарами и под разными названиями: Business Girl, Busy Woman, Business Executive, Working Girl, Office Barbie и т.д. Чем занимаются эти Барби, ""Маттел"" не уточняет, но так или иначе они демонстрируют некоторую четкую позицию: женщина может добиться высоких постов, а карьера - это классно и престижно.\n\nНовые карьерные вариации Барби, как уже было сказано, возникали тогда, когда общественность начинала муссировать тему рабочего статуса женщины, и исчезали, как только эту тему можно было начать игнорировать. Здесь сказался один из главных маркетинговых талантов ""Маттел"" - талант использовать конъюнктуру, запрыгивать на волну обсуждаемой модной темы и соскакивать с нее, когда волна начинает идти на убыль. Профессиональная деятельность Барби развивалась ровно по тем же законам. В 1961 году Элеонора Рузвельт встала во главе Комиссии по вопросам статуса женщин при правительстве Кеннеди. Этот факт наделал много шума, и в том же году Барби получила профессии дипломированной медсестры и стюардессы. В 1963 году комиссия Рузвельта после двух лет исследований опубликовала доклад о дискриминации женщин на рабочих местах, породив целую волну дебатов о допустимых и недопустимых профессиях для представительниц слабого пола. Публикуется Equal Pay Act - речь идет о том, что мужчины и женщины, занимающие одни и те же должности, должны получать равные зарплаты. В том же году ""Маттел"" выпускает Business Woman Barbie (она же называлась Career Girl Barbie). Через год к биллю о гражданских правах добавляется Седьмой параграф - ""против дискриминации при приеме на работу"". Он включает в себя запрет на дискриминацию по половому признаку, но ситуация остается двойственной: ни билль, ни новую поправку невозможно ратифицировать на местах, поскольку фактически отсутствует механизм контроля, заставляющий работодателя соблюдать навязанные ему правила. Женщины, борющиеся за равноправие на рабочих местах, становятся объектом постоянных насмешек и карикатур в прессе. Таким образом, тема существует, но однозначное отношение к ней не выработано. В результате в 1964 и 1965 годах Барби\n\nполучает целый ряд новых профессий, но все они носят очень осторожный и традиционный характер, а некоторые, по понятиям феминисток, заслуживают осуждения. Так, с одной стороны, Барби оказывается космонавтом (что, скорее, объясняется бешеным интересом к теме космоса), с другой - Барби оказывается чирлидером, мажореткой, редактором модного журнала, фотографом моды, учительницей географии и актрисой. В 1966 году она получает еще одну суперженскую профессию - стюардессы в ""Пан-Американ"". До 1972 года никаких особых крупных событий в борьбе женщин за право на свободную карьеру не происходит, и - сюрприз! - ""карьерные"" Барби исчезают. Но в 1972-м году все снова меняется: Конгресс утверждает Девятый параграф Образовательного кодекса - параграф о равных правах на образование. Кроме того, проводится запрет на сегрегированные объявления о найме рабочей силы теперь все объявления должны печататься без специфического указания на предназначение должности для женщин или для мужчин. Девятый параграф означает, что учебные заведения должны отменить квоту на поступление для женщин и отменить запрет принимать женщин на те или иные факультеты. Соответственно, огромное количество представительниц ОтнынеСильного Пола подают заявки на изучение медицины или юриспруденции. Опять бум в прессе, и ""Маттел"" выпускает ""Барби-Хирурга"", очередной раз продемонстрировав свое поразительное умение держать нос по ветру. С 1973 по 1978 год, т.е. на протяжении пяти лет, Барби фактически не занимается своей карьерой - она отдает все свои силы спорту. Говоря конкретно, Барби становится олимпийской чемпионкой: к олимпиаде 1975 года ""Маттел"" выпускает ""Барби-Золотую-медалистку"", ""Барби-Лыжницу"", ""Барби-Конькобежца"" и ""БарбиПловчиху"" - все они выходят в серии ""Олимпийская\n\nБарби"". Однако в 1977 году тема ""женщины и профессия"" возвращается в большой мир: Национальная женская конференция в Техасе собирает невероятное количество участников - 20 тысяч. Тут же на свет появляется ""Барби с утра и до вечера"" (Day & Night Barbie), которую представляют как business executive - ""ответственного руководителя"". Эта же модель перерождается спустя семь лет, в 1985 году, в Business Executive Barbie. С этого момента карьерный рост Барби становится практически непрерывным. Дело в том, что 80-е стали годами окончательной победы деловых женщин. Многочисленные нововведения, облегчающие уход за детьми, социальные структуры, позволяющие матерям работать полный день, нарушение семейных сценариев, в результате которых распад брака становится обыденной ситуацией, что заставляет мать-одиночку постоянно работать с целью обеспечить себя и своих детей, плюс плохо соблюдающаяся, но все же существующая правовая основа, создающая равные условия для работающих женщин и мужчин, - все это окончательно формирует ситуацию, в которой работа становится совершенно неотъемлемой частью жизни женщин. Золотая девочка компании ""Маттел"" тоже берется за ум. С этого момента мы получаем хотя бы одну ""карьерную"" Барби едва ли не каждый год. Например, для женщин все чаще открываются вакансии, раньше доступные только мужчинам, и в конце 80-х - начале 90-х годов телевидение начинает создавать моду на женщинвоенных и женщин-полицейских. Это карьерное направление становится постоянным в мире Барби: оно тем выгоднее для ""Маттел"", что позволяет подчеркнуть патриотизм куклы. В 1989 году выпускается первая Барби в стиле милитари - так называемая Army Barbie. С 1990 года ее военная и полицейская карьера обретает конкретику: мы получаем капитана военно-воздушных сил, в 1991 году - офицера флота, в 1993 году -\n\nодновременно военврача и полицейского, в 1994 году командира летного эскадрона. Причина: огромный интерес общественности к теме армии, вызванный войной в Персидском заливе и ее последствиями. Потом война закончилась, тема армии перестала особо интересовать публику на несколько лет, и Барби оставила свои милитаристские замашки вплоть до 2000 года, когда армейская тема опять оказалась у всех на устах в связи с иракскими событиями. ""Маттел"" немедленно произвела на свет ""Барби-Паратрупера"" в комплекте с аптечкой первой помощи (Барби и Кен - паратруперы продаются в коробках, на задней стенке которых изображены... барханы). Другой пример: в 1992 году из-за обилия женщин, баллотирующихся на государственные посты, пресса заговорила о ""годе женщин"". В том же году мы получили ""Барби-Кандидата-в-президенты"", чей деловой костюм ""одним движением руки"" превращался в вечернее платье со звездами и полосами. Нам сообщалось, что ""Барби отправляется на инаугурационный бал"". Подобную же оперативность ""Маттел"" демонстрирует в 1994 году. Тогда был принят билль о гендерном равенстве в образовании и американское правительство сформулировало позицию, требующую поощрять в девушках интерес к разнообразию в выборе карьеры, в частности - к математике, естественным наукам и тому подобным ""мальчиковым"" сферам деятельности. ""Маттел"" немедленно выпустила целых пять профессиональных Барби: командир летного эскадрона, астронавт, педиатр, ветеринар и пожарник, профессии, по большей части традиционно занимаемые мужчинами. И все-таки проявления доброй воли в чистом виде было недостаточно: существовало слишком много желающих обвинять Барби во всех смертных грехах и, в частности, в проблемах, связанных с социальным статусом женщины. На слишком широкие плечи этой\n\nкуклы со слишком узкой талией возлагали ответственность за неврозы, связанные с восприятием собственной внешности, за женский консюмеризм, одновременно за сексуальную распущенность и сексуальную неудовлетворенность женщин, за то, что мужчины видят в блондинках безмозглых бимбо, и за прочие женские беды и напасти. После того как в 1998 году компания сделала Барби чуть более реалистичной, несколько расширив талию и уменьшив грудь куклы, пришло время еще раз сделать заявку насчет готовности Барби учить девочек прогрессивным идеалам. В 1999 году ""Маттел"" сделала огромную кампанию за пропаганду нового имиджа куклы. Кампания называлась: ""Be anything"". ""Маттел"" подписала контракт с компанией Girls Incorporated, прежде называвшейся ""Girls Club of America"" - крупнейшей организацией для девочек в США (следом за ней по численности участниц идет правильно! - Клуб Любительниц Барби). С этого момента, заявила ""Маттел"", ""все усилия будут сосредоточены не на куклах, а на самих девочках"". Рекламы демонстрировали, что девочка может стать хоккейным вратарем, игроком в теннис, астронавтом, компьютерным инженером словом, фактически кем угодно. Разъяренные феминистки обвинили Girls Incorporated в продажности: мол, всегда было известно, что Барби только притворяется карьерной куклой, а на самом деле торгует консюмеризмом и консервативностью в то время, как Girls Incorporated изначально заявляла, что намерена настраивать девочек на свободу выбора и на осознание своего права заниматься любым делом по своему вкусу. Я помню публикации, в которых противницы союза ""Маттел"" и GI с горечью писали: ""Нет лучшего способа победить своего врага, чем подкупить его"". Так или иначе союз возник. С этого момента ""Маттел"" продвигала как бы не кукол, а новые ценности: право мечтать о достижениях, право играть в любые игры и побеждать. Совместно две\n\nдевичьих организации проводили акции по профессиональному ориентированию, телешоу, круглые столы. ""Маттел"" выпустила новую игровую серию кукол под названием: ""I can be"" - целых шесть карьерных кукол в один год. В этой серии появилась - ""Барби-Пилот"", опять ""Барби-Working-Woman"" (с ноутбуком, мобильным телефоном и неопределимой сферой деятельности), ""Барби-Учительница-языка-жестов"" (со сгибающимися пальчиками), ""Барби-Футболистка"", ""Барби-Сыщик"" и ""Барби-Игрок-в-бейсбол-из-высшей-лиги"". Правда, в этом же году были выпущены на заказ ""Барби-Официантка"" (для компании ""Кока-Кола"") и ""Барби-Косметолог"" (для компании ""Эйвон""). В 2000 году серия продолжилась; появилась ""Барби-Педиатр"", ""Барби-Учительницавождения"" и ""Барби-Учительница рисования"". Но самым интересным дополнением к карьерной линии ""Маттел"" стала ""Барби-Президент-США"", если верить рекламному плакату, ""готовая приступить к работе в Овальном офисе"". В свете близящихся президентских выборов кукла раскупалась на ура. Последний на сегодняшний день карьерный рывок Барби совершила в 2002 году. С тех пор никакого особого интереса в профессиональной деятельности у этой куклы не наблюдалось. С тех пор появилась только одна Барби, которую можно было бы причислить к профессиональным: в 2004 году ""Маттел"" выпустила в серии ""Happy family"" Барби под названием ""Baby Doctor"" - короче говоря, специалист по неонатальной медицине. Ей предстояло возиться с новорожденным младенцем подруги Мидж. На официальном сайте Барби существует трудно находимый раздел ""I can be"", так или иначе посвященный будущим карьерным занятиям девочек. Здесь предлагается пять вариантов профессий: врач, художник, учитель рисования, балерина и фигуристка как видим, ничего радикального. Сторонницы билля о гендерном равенстве в образовании имеют полное право\n\nупрекать Барби в ограниченности и консервативности: здесь нет профессий хакера, архитектора, машиниста и финансового аналитика. Но в то же время профессии, присутствующие в списке на сайте, во-первых, требуют серьезного труда, а во-вторых, связаны с творческим самовыражением. Правда, в этом списке, как в психометрическом тесте, вызывает подозрение слово ""доктор"" - оно кажется лишним в ряду и, видимо, является очередным примером защитного буфера. Впрочем, если смотреть на более или менее полный список профессий Барби за все годы ее существования, то в целом невозможно упрекнуть ее в потакании сугубо женским занятиям, особенно в последнее время. Мажоретка и чирлидер могут вызвать возмущение у тех, для кого эти занятия сами по себе ассоциируются с тупоголовыми блондинками, но в целом традиционные упреки в адрес Барби сейчас кажутся мне несколько необоснованными. Если что-то и вызывает у меня неприязнь, то это, скорее, не выбор кукольных профессий как таковой, а то, как все эти профессии подаются. Тут ситуация похожа на уже рассмотренную ситуацию с деньгами: совершенно непонятно, откуда что берется. Создается такое впечатление, что Барби приобретает новые профессии так же, как она приобретает новые машины - по щучьему велению, по своему хотению. Она не знает не только трудностей, связанных с получением той или иной профессии, но и трудностей, связанных с профессиональной практикой. В ее деятельности нет элементов труда или усталости. В любом из ее занятий вообще нет отрицательных или неприятных сторон. Начинает казаться, что доктор Барби никогда в жизни не видела ни крови, ни смерти, а Барби-следователь напоминает Айс Вентуру - сыщика по делам домашних животных, а не реального следователя, постоянно имеющего дело с самыми неприглядными сторонами\n\nжизни. Когда я узнала, что ""Маттел"" выпустила Барбипалеонтолога, во мне затеплилась надежда: в конце концов, вот уж профессия, в которой основные аксессуары - пыль да кости. Но выяснилось, что Барби в роли исследователя прошлого выкапывает из земли не окаменелости и не останки мертвых животных, а целых разноцветных динозавриков. В общем, о Барби как об инструменте профессионального ориентирования не может быть и речи, что бы ""Маттел"" ни говорила. Нигде, никогда, никаким образом нам не рассказывают о причинах, по которым Барби выбирает ту или иную карьеру. Нам обычно не говорят о талантах или наклонностях, которыми надо обладать для выполнения тех или иных профессиональных обязанностей, не описывают путь, который необходимо пройти для получения соответствующих навыков. Нам не рассказывают о том, как устроены трудовые будни того же дантиста, или палеонтолога, или даже редактора модного журнала. Типичная сцена из журнальчиков про Барби - Барбидоктор держит за ручку очередного пациента, который благодарит ее не за лечение, связанное, как уже было сказано, с неприятными процедурами, а за добрый совет по поводу сохранения и без того прекрасного здоровья. Так что о профессиональном ориентировании речь не идет - максимум речь идет о некотором условном и очень поверхностном стимулировании интереса к той или иной профессии. Впрочем, меня не оставляет ощущение, что и этого более чем достаточно. Все карьерные Барби делаются, как уже говорилось, не для самих девочек, а для их родителей. Девочки хотят играть в принцесс или в вечеринки и переодевать своих кукол из одной одежки в другую. Если у их мам и пап становится легче на душе от присутствия в наборе некоего подобия зеленой формы хирурга или строгой полицейской униформы, ""Маттел""\n\nготова производить и промотировать такие вариации куклы. Каждая из них стоит от 10 до 25 долларов, и если родители, озабоченные будущим девочки, подарят ей на Новый год Барби-палеонтолога, это будет лучше, чем если озабоченные ее будущим родители не подарят своей дочери ни единой Барби вообще. И в этом аспекте, как и во всех остальных, мир Барби создается исключительно по запросам и требованиям мира вокруг Барби.\n\nЧасть третья\n\nМИР ВОКРУГ БАРБИ', 'query': 'Barbie military line Gulf War 1989–2000 production timeline and sales data', 'supports_claim': True}, {'url': 'local://goralik-polaya-zhenshchina/ch09', 'title': 'Горалик · Полая женщина · глава 9', 'snippet': 'Глава девятая. Девушки могут все: занятия и профессии Барби\n\nИсточник: Линор Горалик, «Полая женщина: Мир Барби изнутри и снаружи» (НЛО, 2005).\n\nГлава девятая\n\nДЕВУШКИ МОГУТ ВСЕ: ЗАНЯТИЯ И ПРОФЕССИИ БАРБИ\n\nТо, как Барби проводит время, невольно заставляет думать о серьезных психологических проблемах этой юной девушки, впрочем частично объясняющихся отсутствием у нее добрых и любящих родителей. Барби испытывает мучительную потребность во внешней\n\nоценке и внешнем одобрении, что постоянно толкает ее на все новые и новые социальные и карьерные достижения. Она фантастически, невыносимо экстравертна и явно не способна хоть на пять минут остаться одна. О времяпрепровождении Барби мы узнаем из описания новых выходящих на рынок моделей, ""Барбикниг"" и посвященных этой кукле журналов. Удивительным образом бесконечная череда вечеринок, туристических поездок и походов в кафе с друзьями не помешала Барби освоить более семи десятков профессий за последние сорок шесть лет. Составить полный список всех карьерных достижений Барби практически невозможно: довольно большое количество таких моделей было выпущено ""Маттел"" не для общего рынка, а для каких-нибудь крупных торговых марок или для сетей универсальных магазинов. Например, существовала Барби - продавщица кока-колы, сделанная соответственно по заказу корпорации ""Кока-Кола"", и Барби распространительница продуктов компании Avon, сделанная по заказу Avon Cosmetics. Особая Барби была произведена ""Маттел"" к юбилею сети игрушечных магазинов ""Toys Are Us"", специально разработанная маленькая Барби продавалась в ""Макдоналдсе"" - словом, примеров хватает Все ""профессиональные"" Барби принадлежат игровой линии Если я не ошибаюсь, карьерные Барби никогда не выпускались в коллекционных сериях, кроме нескольких куколок в серии ""Silkstone"", скажем, ""БарбиРедактор-раздела-моды"" и ""Кен-Инсайдер-моднойиндустрии"". Помню, что мой собственный вопрос о коллекционных Барби-""профессионалках"" не вызвал энтузиазма на форуме собирателей куклы. Я готова предположить, что дело здесь не только в том и даже далеко не в том, что для профессиональной Барби невозможно создать роскошный наряд, - в конце концов\n\nБоб Мэки наверняка прекрасно одел бы ""БарбиУкротительницу-львов"" или ""Барби-Флориста"". Просто профессиональная Барби, видимо, не очень интересует взрослых коллекционеров, потому что им за глаза и за уши хватает собственной профессиональной деятельности. Они, я полагаю, не видят особой радости в том, чтобы тащить домой куклу-бизнесмена или куклуврача. Но гораздо больше нам говорит тот факт, что в ""профессиональных"" Барби не слишком заинтересованы не только взрослые, но и дети. Дети вообще редко играют в конкретные профессии, кроме знаменитой игры в доктора, которая, как известно, преследует цели, далекие от профориентации. Бывают, конечно, игры в спасателей, пожарников или милицию и воров, но и здесь, как мы все понимаем, о развитии вкуса к будущей профессии речь не идет. Иногда дети играют в профессии, которыми занимаются их родители, самым поверхностным образом имитируя известные им элементы этих профессий с целью отыграть те или иные жизненные ситуации. Мне трудно представить себе, что мои собственные племянники ни с того ни с сего устроят серьезную и целенаправленную игру в палеонтологов или программистов. Игра в ветеринара может иметь тяжелые последствия для кошки и вряд ли напрямую связана с желанием как следует понять основы этой благородной профессии. Девочки предаются ""профессиональным"" играм еще реже, чем мальчики. Я рискну предположить, что большинство девочек предпочтет получить в подарок ""Барби-Принцессу"", ""Барби-День-рождения"", ""Барбиидет-на-пляж"" или ""Барби-катается-на-роликовыхконьках"", а не ""Барби-Дантиста"" или ""Барби-Бизнеследи"". Не сомневаюсь, что компания ""Маттел"" прекрасно это понимает, - и все-таки выпускать карьерных Барби ей приходится постоянно. Такое упорство вызвано отнюдь не запросом рынка, то есть не желанием маленьких\n\nдевочек приобрести ""Барби-Палеонтолога"" или ""БарбиСтюардессу"", а социальным давлением, постоянно оказываемым на ""Маттел"" со стороны прессы и родителей. Если бы Барби не занималась чем-нибудь трудоемким и престижным для зарабатывания собственного хлеба, ""Маттел"" было бы гораздо труднее отражать атаки, связанные с консюмеризмом куклы и с ее навязчивой привычкой следовать моде; кроме того, было бы гораздо сложнее говорить о позитивном влиянии Барби в деле воспитания молодого поколения. В целом ряде случаев ""Маттел"" выдвигает эти вариации своей модной куколки вперед на манер щита. Одна умная, но скучно одетая Барби защищает целую плеяду своих красивых, расфуфыренных и легкомысленных сестер. Именно давление со стороны родителей, феминисток, педагогов и прессы заставляет ""Маттел"" постоянно прилагать большие усилия для того, чтобы взгляды Барби на работу и карьеру можно было считать передовыми и даже опережающими время. Любимый пример, приводимый компанией каждый раз, когда речь заходит о карьерных достижениях их куклы, - ""Барби-Астронавт"" производства 1965 года, ""полетевшая в космос задолго до того, как первая женщина действительно ступила на борт космического корабля"". Однако других особо ярких примеров такого рода у компании ""Маттел"" нет. Я с большим удовольствием потратила несколько дней, накладывая хронологию карьерного развития Барби на историю женского движения и в особенности на историю борьбы женщин за карьерное равноправие с 1959 года - года выпуска Барби и по сегодняшний день. Такое сравнение позволяет увидеть, что в плане карьеры Барби действует фактически так же, как она действует в плане моды, т.е. оказывается не лидером-провозвестником новых тенденций, а их легитимизатором и в некоторой мере барометром происходящего. Можно быть твердо уверенным, что если\n\nБарби начала развивать деятельность на том или ином поприще, то поприще это уже некоторое время надежно существует в качестве игровой площадки для женщин в реальном мире. Скажем, в 1956 году, т.е. в том году, когда Хендлер изобрела Барби (ей, как мы помним, потребовалось три года, чтобы уговорить своих партнеров начать выпускать куклу), журнал ""Life"" назвал ""идеалом американской женщины"" тридцатидвухлетнюю мать четверых детей, естественно, нигде не работающую. Однако за три года, прошедшие до выхода Барби на рынок, реальность сильно изменилась. Именно тогда, в конце 50-х, поднялась так называемая ""вторая волна женского движения"" (первую относят к 20 - 30-м годам прошлого века). Новые борцы за права женщин требовали уже не таких базовых вещей, как право голосования, посещения любых общественных заведений и осуществления финансовых операций, но подлинного равенства женщин и мужчин в самых разных областях деятельности. Крах американской мечты 50-х привел к тому, что все больше и больше женщин стали занимать рабочие места, до сих пор отводившиеся в основном мужчинам. Для семьи все существеннее становился заработок жены, превратившийся в полновесную составляющую семейного бюджета. К началу 60-х новые феминистки Америки смогли составить общее представление о ситуации с женским трудом в США. Ситуация была аховой: там, где мужчина получал за свою работу доллар, женщина получала за ту же работу 63 цента. В результате схлопывания военной индустрии женщины теряли места на фабриках и заводах, а частный сектор, переставший испытывать недостаток мужских рук, всегда предпочитал взять на вакантное место мужчину, а не женщину, - пусть мужчине и приходилось платить больше. В газетах объявлений сообщения о поиске работников были разделены на две категории: ""Женщины"" и ""Мужчины"". Только два процента\n\nпредставителей интеллектуальных профессий - врачей, адвокатов, судей, дантистов, инженеров, архитекторов были женщинами. Подавляющее большинство престижных университетов не допускало женщин на значительную часть факультетов или имело жесткую квоту: иногда 1 женщина на 50 абитуриентов. Все эти факторы определили направление нового витка борьбы за права женщин - это была борьба за равенство на рабочих местах. В 1959 - 1960 годах тема ""Женщины и карьера"" была одной из самых дебатируемых в прессе. Выходила масса статей ""за"" и ""против"" работающих женщин. Представительницы разных профессий шумно спорили в популярных ток-шоу с мужчинами, отстаивающими семейные ценности. Именно тогда впервые проявилась интересная тенденция, определявшая развитие карьеры Барби в течении как минимум трех десятилетий: ее профессиональные достижения всегда были связаны не так с конкретным положением дел на рынке женского труда и даже не так с какими-нибудь специфическими событиями позитивного и негативного толка в этой области, как с шумихой, возникающей вокруг тех или иных аспектов темы. Скажем, в 1960 году ""Маттел"" выпустила Busy Girl Barbie. Считалось, что она ""дизайнер моды"", т.е., с одной стороны, женщина как бы работающая и как бы занимающаяся креативной профессией, но в то же время никоим образом не преступающая границы традиционных женских занятий (как известно, мужчины-кутюрье стали довольно поздним приобретением XX века). До этого момента Барби существовала в совсем немногих вариациях: исходная Барби 1959 года была фотомоделью, у нее был купальник, свадебное платье, костюм балерины и еще один наряд для свободного времяпрепровождения. Однако Busy Girl сильно отличалась от предыдущих вариаций: на ней был твидовый костюм, длинные перчатки и строгая шапочка. По большому счету девочки\n\nмогли видеть в ней собственных мам - благо работающих мам именно в конце 50-х - начале 60-х стало больше, чем когда-либо в истории. Никаких особых аксессуаров у этой Барби не было. Если верить данным, опубликованным Национальной организацией женщин Америки, в начале 60-х очень и очень многие женщины зарабатывали себе на жизнь тяжелым физическим трудом, они были механиками, электриками, водителями автобусов и даже шахтерами. Но рабочая девушка Барби, естественно, не намеревалась надевать каску и рабочую куртку. Я не знаю, так ли одевались в те годы дизайнеры моды, но твидовый костюм, маленькая шапочка и длинные перчатки были фактически униформой девушек из хороших семей, желающих заняться чем-нибудь полезным, пока им не попадется подходящий кандидат в мужья. Так могла выглядеть любая секретарша, машинистка, переписчица, в лучшем случае учительница. Эта первая ""деловая Барби"" фактически заложила основу всей будущей карьеры Барби. И действительно, Барби всегда приобретала только профессии представительниц среднего класса, никогда не занималась физическим трудом и не бралась за плохо оплачиваемые профессии. Рынок вполне оправдывает такой подход: родители девочек из среднего класса видят такие профессии в качестве основных, а родители девочек из более бедных слоев населения видят в этих профессиях хорошие ориентиры. Busy Girl Barbie стала первой в череде бесконечных Барби - бизнес-леди, повторяющихся из года в год с разными аксессуарами и под разными названиями: Business Girl, Busy Woman, Business Executive, Working Girl, Office Barbie и т.д. Чем занимаются эти Барби, ""Маттел"" не уточняет, но так или иначе они демонстрируют некоторую четкую позицию: женщина может добиться высоких постов, а карьера - это классно и престижно.\n\nНовые карьерные вариации Барби, как уже было сказано, возникали тогда, когда общественность начинала муссировать тему рабочего статуса женщины, и исчезали, как только эту тему можно было начать игнорировать. Здесь сказался один из главных маркетинговых талантов ""Маттел"" - талант использовать конъюнктуру, запрыгивать на волну обсуждаемой модной темы и соскакивать с нее, когда волна начинает идти на убыль. Профессиональная деятельность Барби развивалась ровно по тем же законам. В 1961 году Элеонора Рузвельт встала во главе Комиссии по вопросам статуса женщин при правительстве Кеннеди. Этот факт наделал много шума, и в том же году Барби получила профессии дипломированной медсестры и стюардессы. В 1963 году комиссия Рузвельта после двух лет исследований опубликовала доклад о дискриминации женщин на рабочих местах, породив целую волну дебатов о допустимых и недопустимых профессиях для представительниц слабого пола. Публикуется Equal Pay Act - речь идет о том, что мужчины и женщины, занимающие одни и те же должности, должны получать равные зарплаты. В том же году ""Маттел"" выпускает Business Woman Barbie (она же называлась Career Girl Barbie). Через год к биллю о гражданских правах добавляется Седьмой параграф - ""против дискриминации при приеме на работу"". Он включает в себя запрет на дискриминацию по половому признаку, но ситуация остается двойственной: ни билль, ни новую поправку невозможно ратифицировать на местах, поскольку фактически отсутствует механизм контроля, заставляющий работодателя соблюдать навязанные ему правила. Женщины, борющиеся за равноправие на рабочих местах, становятся объектом постоянных насмешек и карикатур в прессе. Таким образом, тема существует, но однозначное отношение к ней не выработано. В результате в 1964 и 1965 годах Барби\n\nполучает целый ряд новых профессий, но все они носят очень осторожный и традиционный характер, а некоторые, по понятиям феминисток, заслуживают осуждения. Так, с одной стороны, Барби оказывается космонавтом (что, скорее, объясняется бешеным интересом к теме космоса), с другой - Барби оказывается чирлидером, мажореткой, редактором модного журнала, фотографом моды, учительницей географии и актрисой. В 1966 году она получает еще одну суперженскую профессию - стюардессы в ""Пан-Американ"". До 1972 года никаких особых крупных событий в борьбе женщин за право на свободную карьеру не происходит, и - сюрприз! - ""карьерные"" Барби исчезают. Но в 1972-м году все снова меняется: Конгресс утверждает Девятый параграф Образовательного кодекса - параграф о равных правах на образование. Кроме того, проводится запрет на сегрегированные объявления о найме рабочей силы теперь все объявления должны печататься без специфического указания на предназначение должности для женщин или для мужчин. Девятый параграф означает, что учебные заведения должны отменить квоту на поступление для женщин и отменить запрет принимать женщин на те или иные факультеты. Соответственно, огромное количество представительниц ОтнынеСильного Пола подают заявки на изучение медицины или юриспруденции. Опять бум в прессе, и ""Маттел"" выпускает ""Барби-Хирурга"", очередной раз продемонстрировав свое поразительное умение держать нос по ветру. С 1973 по 1978 год, т.е. на протяжении пяти лет, Барби фактически не занимается своей карьерой - она отдает все свои силы спорту. Говоря конкретно, Барби становится олимпийской чемпионкой: к олимпиаде 1975 года ""Маттел"" выпускает ""Барби-Золотую-медалистку"", ""Барби-Лыжницу"", ""Барби-Конькобежца"" и ""БарбиПловчиху"" - все они выходят в серии ""Олимпийская\n\nБарби"". Однако в 1977 году тема ""женщины и профессия"" возвращается в большой мир: Национальная женская конференция в Техасе собирает невероятное количество участников - 20 тысяч. Тут же на свет появляется ""Барби с утра и до вечера"" (Day & Night Barbie), которую представляют как business executive - ""ответственного руководителя"". Эта же модель перерождается спустя семь лет, в 1985 году, в Business Executive Barbie. С этого момента карьерный рост Барби становится практически непрерывным. Дело в том, что 80-е стали годами окончательной победы деловых женщин. Многочисленные нововведения, облегчающие уход за детьми, социальные структуры, позволяющие матерям работать полный день, нарушение семейных сценариев, в результате которых распад брака становится обыденной ситуацией, что заставляет мать-одиночку постоянно работать с целью обеспечить себя и своих детей, плюс плохо соблюдающаяся, но все же существующая правовая основа, создающая равные условия для работающих женщин и мужчин, - все это окончательно формирует ситуацию, в которой работа становится совершенно неотъемлемой частью жизни женщин. Золотая девочка компании ""Маттел"" тоже берется за ум. С этого момента мы получаем хотя бы одну ""карьерную"" Барби едва ли не каждый год. Например, для женщин все чаще открываются вакансии, раньше доступные только мужчинам, и в конце 80-х - начале 90-х годов телевидение начинает создавать моду на женщинвоенных и женщин-полицейских. Это карьерное направление становится постоянным в мире Барби: оно тем выгоднее для ""Маттел"", что позволяет подчеркнуть патриотизм куклы. В 1989 году выпускается первая Барби в стиле милитари - так называемая Army Barbie. С 1990 года ее военная и полицейская карьера обретает конкретику: мы получаем капитана военно-воздушных сил, в 1991 году - офицера флота, в 1993 году -\n\nодновременно военврача и полицейского, в 1994 году командира летного эскадрона. Причина: огромный интерес общественности к теме армии, вызванный войной в Персидском заливе и ее последствиями. Потом война закончилась, тема армии перестала особо интересовать публику на несколько лет, и Барби оставила свои милитаристские замашки вплоть до 2000 года, когда армейская тема опять оказалась у всех на устах в связи с иракскими событиями. ""Маттел"" немедленно произвела на свет ""Барби-Паратрупера"" в комплекте с аптечкой первой помощи (Барби и Кен - паратруперы продаются в коробках, на задней стенке которых изображены... барханы). Другой пример: в 1992 году из-за обилия женщин, баллотирующихся на государственные посты, пресса заговорила о ""годе женщин"". В том же году мы получили ""Барби-Кандидата-в-президенты"", чей деловой костюм ""одним движением руки"" превращался в вечернее платье со звездами и полосами. Нам сообщалось, что ""Барби отправляется на инаугурационный бал"". Подобную же оперативность ""Маттел"" демонстрирует в 1994 году. Тогда был принят билль о гендерном равенстве в образовании и американское правительство сформулировало позицию, требующую поощрять в девушках интерес к разнообразию в выборе карьеры, в частности - к математике, естественным наукам и тому подобным ""мальчиковым"" сферам деятельности. ""Маттел"" немедленно выпустила целых пять профессиональных Барби: командир летного эскадрона, астронавт, педиатр, ветеринар и пожарник, профессии, по большей части традиционно занимаемые мужчинами. И все-таки проявления доброй воли в чистом виде было недостаточно: существовало слишком много желающих обвинять Барби во всех смертных грехах и, в частности, в проблемах, связанных с социальным статусом женщины. На слишком широкие плечи этой\n\nкуклы со слишком узкой талией возлагали ответственность за неврозы, связанные с восприятием собственной внешности, за женский консюмеризм, одновременно за сексуальную распущенность и сексуальную неудовлетворенность женщин, за то, что мужчины видят в блондинках безмозглых бимбо, и за прочие женские беды и напасти. После того как в 1998 году компания сделала Барби чуть более реалистичной, несколько расширив талию и уменьшив грудь куклы, пришло время еще раз сделать заявку насчет готовности Барби учить девочек прогрессивным идеалам. В 1999 году ""Маттел"" сделала огромную кампанию за пропаганду нового имиджа куклы. Кампания называлась: ""Be anything"". ""Маттел"" подписала контракт с компанией Girls Incorporated, прежде называвшейся ""Girls Club of America"" - крупнейшей организацией для девочек в США (следом за ней по численности участниц идет правильно! - Клуб Любительниц Барби). С этого момента, заявила ""Маттел"", ""все усилия будут сосредоточены не на куклах, а на самих девочках"". Рекламы демонстрировали, что девочка может стать хоккейным вратарем, игроком в теннис, астронавтом, компьютерным инженером словом, фактически кем угодно. Разъяренные феминистки обвинили Girls Incorporated в продажности: мол, всегда было известно, что Барби только притворяется карьерной куклой, а на самом деле торгует консюмеризмом и консервативностью в то время, как Girls Incorporated изначально заявляла, что намерена настраивать девочек на свободу выбора и на осознание своего права заниматься любым делом по своему вкусу. Я помню публикации, в которых противницы союза ""Маттел"" и GI с горечью писали: ""Нет лучшего способа победить своего врага, чем подкупить его"". Так или иначе союз возник. С этого момента ""Маттел"" продвигала как бы не кукол, а новые ценности: право мечтать о достижениях, право играть в любые игры и побеждать. Совместно две\n\nдевичьих организации проводили акции по профессиональному ориентированию, телешоу, круглые столы. ""Маттел"" выпустила новую игровую серию кукол под названием: ""I can be"" - целых шесть карьерных кукол в один год. В этой серии появилась - ""Барби-Пилот"", опять ""Барби-Working-Woman"" (с ноутбуком, мобильным телефоном и неопределимой сферой деятельности), ""Барби-Учительница-языка-жестов"" (со сгибающимися пальчиками), ""Барби-Футболистка"", ""Барби-Сыщик"" и ""Барби-Игрок-в-бейсбол-из-высшей-лиги"". Правда, в этом же году были выпущены на заказ ""Барби-Официантка"" (для компании ""Кока-Кола"") и ""Барби-Косметолог"" (для компании ""Эйвон""). В 2000 году серия продолжилась; появилась ""Барби-Педиатр"", ""Барби-Учительницавождения"" и ""Барби-Учительница рисования"". Но самым интересным дополнением к карьерной линии ""Маттел"" стала ""Барби-Президент-США"", если верить рекламному плакату, ""готовая приступить к работе в Овальном офисе"". В свете близящихся президентских выборов кукла раскупалась на ура. Последний на сегодняшний день карьерный рывок Барби совершила в 2002 году. С тех пор никакого особого интереса в профессиональной деятельности у этой куклы не наблюдалось. С тех пор появилась только одна Барби, которую можно было бы причислить к профессиональным: в 2004 году ""Маттел"" выпустила в серии ""Happy family"" Барби под названием ""Baby Doctor"" - короче говоря, специалист по неонатальной медицине. Ей предстояло возиться с новорожденным младенцем подруги Мидж. На официальном сайте Барби существует трудно находимый раздел ""I can be"", так или иначе посвященный будущим карьерным занятиям девочек. Здесь предлагается пять вариантов профессий: врач, художник, учитель рисования, балерина и фигуристка как видим, ничего радикального. Сторонницы билля о гендерном равенстве в образовании имеют полное право\n\nупрекать Барби в ограниченности и консервативности: здесь нет профессий хакера, архитектора, машиниста и финансового аналитика. Но в то же время профессии, присутствующие в списке на сайте, во-первых, требуют серьезного труда, а во-вторых, связаны с творческим самовыражением. Правда, в этом списке, как в психометрическом тесте, вызывает подозрение слово ""доктор"" - оно кажется лишним в ряду и, видимо, является очередным примером защитного буфера. Впрочем, если смотреть на более или менее полный список профессий Барби за все годы ее существования, то в целом невозможно упрекнуть ее в потакании сугубо женским занятиям, особенно в последнее время. Мажоретка и чирлидер могут вызвать возмущение у тех, для кого эти занятия сами по себе ассоциируются с тупоголовыми блондинками, но в целом традиционные упреки в адрес Барби сейчас кажутся мне несколько необоснованными. Если что-то и вызывает у меня неприязнь, то это, скорее, не выбор кукольных профессий как таковой, а то, как все эти профессии подаются. Тут ситуация похожа на уже рассмотренную ситуацию с деньгами: совершенно непонятно, откуда что берется. Создается такое впечатление, что Барби приобретает новые профессии так же, как она приобретает новые машины - по щучьему велению, по своему хотению. Она не знает не только трудностей, связанных с получением той или иной профессии, но и трудностей, связанных с профессиональной практикой. В ее деятельности нет элементов труда или усталости. В любом из ее занятий вообще нет отрицательных или неприятных сторон. Начинает казаться, что доктор Барби никогда в жизни не видела ни крови, ни смерти, а Барби-следователь напоминает Айс Вентуру - сыщика по делам домашних животных, а не реального следователя, постоянно имеющего дело с самыми неприглядными сторонами\n\nжизни. Когда я узнала, что ""Маттел"" выпустила Барбипалеонтолога, во мне затеплилась надежда: в конце концов, вот уж профессия, в которой основные аксессуары - пыль да кости. Но выяснилось, что Барби в роли исследователя прошлого выкапывает из земли не окаменелости и не останки мертвых животных, а целых разноцветных динозавриков. В общем, о Барби как об инструменте профессионального ориентирования не может быть и речи, что бы ""Маттел"" ни говорила. Нигде, никогда, никаким образом нам не рассказывают о причинах, по которым Барби выбирает ту или иную карьеру. Нам обычно не говорят о талантах или наклонностях, которыми надо обладать для выполнения тех или иных профессиональных обязанностей, не описывают путь, который необходимо пройти для получения соответствующих навыков. Нам не рассказывают о том, как устроены трудовые будни того же дантиста, или палеонтолога, или даже редактора модного журнала. Типичная сцена из журнальчиков про Барби - Барбидоктор держит за ручку очередного пациента, который благодарит ее не за лечение, связанное, как уже было сказано, с неприятными процедурами, а за добрый совет по поводу сохранения и без того прекрасного здоровья. Так что о профессиональном ориентировании речь не идет - максимум речь идет о некотором условном и очень поверхностном стимулировании интереса к той или иной профессии. Впрочем, меня не оставляет ощущение, что и этого более чем достаточно. Все карьерные Барби делаются, как уже говорилось, не для самих девочек, а для их родителей. Девочки хотят играть в принцесс или в вечеринки и переодевать своих кукол из одной одежки в другую. Если у их мам и пап становится легче на душе от присутствия в наборе некоего подобия зеленой формы хирурга или строгой полицейской униформы, ""Маттел""\n\nготова производить и промотировать такие вариации куклы. Каждая из них стоит от 10 до 25 долларов, и если родители, озабоченные будущим девочки, подарят ей на Новый год Барби-палеонтолога, это будет лучше, чем если озабоченные ее будущим родители не подарят своей дочери ни единой Барби вообще. И в этом аспекте, как и во всех остальных, мир Барби создается исключительно по запросам и требованиям мира вокруг Барби.\n\nЧасть третья\n\nМИР ВОКРУГ БАРБИ', 'query': 'Mattel Barbie sales data career dolls vs fashion dolls comparison', 'supports_claim': True}]}","```json
{
  ""MonologueCheck"": {
    ""claim_id"": ""barbie-careers-pr-shield"",
    ""overall_status"": ""issues_found"",
    ""factcheck_summary"": ""Большинство фактов подтверждается источником (Горалик, гл. 9), но ключевой хронологический фрагмент перевёрнут: карьерные Барби исчезли ДО 1972 года, а не с 1972 по 1977. Пятилетний перерыв — 1973–1978 (спорт), а не 1972–1977. Дополнительно: три мелких преувеличения/упрощения."",
    ""issues"": [
      {
        ""type"": ""factual_error"",
        ""severity"": ""high"",
        ""quote"": ""с 1972 по 1977 год тема равноправия на работе утихла — и карьерные Барби просто испарились на пять лет. Конгресс принимает закон о равных правах на образование — бац, Барби-хирург на полках."",
        ""problem"": ""Источник говорит обратное. Карьерные Барби исчезли ДО 1972 года (когда не было крупных событий в борьбе за права женщин). В 1972-м Конгресс принимает Девятый параграф (Title IX) — и Барби-хирург возвращается. Пятилетний перерыв в карьере — 1973–1978 (Барби уходит в спорт), а не 1972–1977. Кроме того, 1972 — год Title IX, а 1977 — год Национальной женской конференции (20 тысяч участниц); это годы пиковой активности, а не затишья. Внутри монолога возникает прямое противоречие: если Барби «испарились на пять лет» с 1972, то как в том же 1972 Барби-хирург появляется на полках?"",
        ""source_evidence"": ""«До 1972 года никаких особых крупных событий в борьбе женщин за право на свободную карьеру не происходит, и — сюрприз! — „карьерные“ Барби исчезают. Но в 1972-м году все снова меняется: Конгресс утверждает Девятый параграф…» и «С 1973 по 1978 год, т.е. на протяжении пяти лет, Барби фактически не занимается своей карьерой — она отдает все свои силы спорту.»""
      },
      {
        ""type"": ""exaggeration"",
        ""severity"": ""medium"",
        ""quote"": ""тема «женщины и карьера» стала самой дебатируемой в американской прессе"",
        ""problem"": ""Источник: «одной из самых дебатируемых». Монолог усиливает до суперлатива «самой», что меняет смысл — из «одной из» получается «единственная самая»."",
        ""source_evidence"": ""«В 1959–1960 годах тема „Женщины и карьера“ была одной из самых дебатируемых в прессе.»""
      },
      {
        ""type"": ""misleading_attribution"",
        ""severity"": ""medium"",
        ""quote"": ""Война в Заливе — Army Barbie"",
        ""problem"": ""Army Barbie вышла в 1989 году, до Войны в Персидском заливе (август 1990 – февраль 1991). Источник связывает с войной продолжение милитаристской линии с 1990 года, а не саму первую Army Barbie. Зритель, загуглив «Army Barbie release year», увидит 1989 — и фактчек не сойдётся."",
        ""source_evidence"": ""«В 1989 году выпускается первая Барби в стиле милитари — так называемая Army Barbie. С 1990 года ее военная и полицейская карьера обретает конкретику… Причина: огромный интерес общественности к теме армии, вызванный войной в Персидском заливе»""
      },
      {
        ""type"": ""conclusion_wider_than_evidence"",
        ""severity"": ""medium"",
        ""quote"": ""ни одна из этих кукол не вышла по запросу ребёнка"",
        ""problem"": ""Абсолютное «ни одна» шире, чем у источника. Источник говорит, что упорство Mattel в постоянном выпуске карьерных Барби вызвано социальным давлением, а не запросом рынка — но не утверждает, что каждая отдельная карьерная кукла была сделана при нулевом спросе со стороны детей. Формулировка «ни одна из этих кукол» — универсальное обобщение, которое источник не поддерживает."",
        ""source_evidence"": ""«Такое упорство вызвано отнюдь не запросом рынка, то есть не желанием маленьких девочек приобрести „Барби-Палеонтолога“ или „БарбиСтюардессу“, а социальным давлением, постоянно оказываемым на „Маттел“ со стороны прессы и родителей.»""
      }
    ],
    ""structural_checks"": {
      ""hook_length"": ""pass — 2 предложения до первого жёсткого факта (1960 год, Busy Girl Barbie)"",
      ""live_transitions"": ""pass — есть связки: «Смотри, как это работало», «По сути», «Дальше ещё жёстче», «И смысл в том, что», «А внутри щита — пустота»"",
      ""personal_pitch"": ""pass — «Я бы показала, как этот паттерн работает прямо сейчас. А если взять любой современный бренд…?»"",
      ""concrete_details_count"": ""pass — минимум 4 незаменимые детали: твидовый костюм + длинные перчатки + строгая шапочка Busy Girl Barbie (1960); барханы на коробке паратрупера с аптечкой (2000); разноцветные динозаврики вместо окаменелостей у палеонтолога; доктор Барби держит за ручку и даёт советы по «сохранению и без того прекрасного здоровья»"",
      ""sources_for_voiceover"": ""pass — ни одного упоминания автора, книги или исследования в речи"",
      ""name_without_role"": ""pass — Girls Incorporated названа с ролью («крупнейшая организация для девочек в Америке»); Mattel понятен из контекста (производитель Барби)""
    }
  }
}
```",
